
--POPULANDO FUNCIONARIOS
INSERT INTO T_SIP_FUNCIONARIO (NR_MATRICULA, CD_DEPTO, NM_FUNCIONARIO, DT_NASCIMENTO, DT_ADMISSAO, VL_SALARIO) 
VALUES (101, 1, 'JOÃO SILVA', TO_DATE('15/05/1984', 'DD/MM/YYYY'), TO_DATE('01/06/2010', 'DD/MM/YYYY'), 5000);
INSERT INTO T_SIP_FUNCIONARIO (NR_MATRICULA, CD_DEPTO, NM_FUNCIONARIO, DT_NASCIMENTO, DT_ADMISSAO, VL_SALARIO) 
VALUES (102, 1, 'MARIA OLIVEIRA', TO_DATE('20/08/1985', 'DD/MM/YYYY'), TO_DATE('15/09/2012', 'DD/MM/YYYY'), 6000);
INSERT INTO T_SIP_FUNCIONARIO (NR_MATRICULA, CD_DEPTO, NM_FUNCIONARIO, DT_NASCIMENTO, DT_ADMISSAO, VL_SALARIO) 
VALUES (103, 1, 'CARLOS SOUZA', TO_DATE('10/12/1990', 'DD/MM/YYYY'), TO_DATE('20/01/2015', 'DD/MM/YYYY'), 5500);
INSERT INTO T_SIP_FUNCIONARIO (NR_MATRICULA, CD_DEPTO, NM_FUNCIONARIO, DT_NASCIMENTO, DT_ADMISSAO, VL_SALARIO) 
VALUES (104, 1, 'ANA PEREIRA', TO_DATE('25/03/1992', 'DD/MM/YYYY'), TO_DATE('10/04/2018', 'DD/MM/YYYY'), 6200);
INSERT INTO T_SIP_FUNCIONARIO (NR_MATRICULA, CD_DEPTO, NM_FUNCIONARIO, DT_NASCIMENTO, DT_ADMISSAO, VL_SALARIO) 
VALUES (105, 1, 'PEDRO SANTOS', TO_DATE('30/07/1988', 'DD/MM/YYYY'), TO_DATE('05/11/2011', 'DD/MM/YYYY'), 5800);


INSERT INTO T_SIP_FUNCIONARIO (NR_MATRICULA, CD_DEPTO, NM_FUNCIONARIO, DT_NASCIMENTO, DT_ADMISSAO, VL_SALARIO) 
VALUES (106, 2, 'LUCAS MENDES', TO_DATE('12/02/1983', 'DD/MM/YYYY'), TO_DATE('22/07/2009', 'DD/MM/YYYY'), 5100);
INSERT INTO T_SIP_FUNCIONARIO (NR_MATRICULA, CD_DEPTO, NM_FUNCIONARIO, DT_NASCIMENTO, DT_ADMISSAO, VL_SALARIO) 
VALUES (107, 2, 'FERNANDA LIMA', TO_DATE('18/11/1987', 'DD/MM/YYYY'), TO_DATE('03/03/2013', 'DD/MM/YYYY'), 6200);
INSERT INTO T_SIP_FUNCIONARIO (NR_MATRICULA, CD_DEPTO, NM_FUNCIONARIO, DT_NASCIMENTO, DT_ADMISSAO, VL_SALARIO) 
VALUES (108, 2, 'RAFAEL ALMEIDA', TO_DATE('05/06/1991', 'DD/MM/YYYY'), TO_DATE('14/08/2016', 'DD/MM/YYYY'), 5400);
INSERT INTO T_SIP_FUNCIONARIO (NR_MATRICULA, CD_DEPTO, NM_FUNCIONARIO, DT_NASCIMENTO, DT_ADMISSAO, VL_SALARIO) 
VALUES (109, 2, 'JULIANA COSTA', TO_DATE('22/09/1989', 'DD/MM/YYYY'), TO_DATE('29/10/2014', 'DD/MM/YYYY'), 6300);
INSERT INTO T_SIP_FUNCIONARIO (NR_MATRICULA, CD_DEPTO, NM_FUNCIONARIO, DT_NASCIMENTO, DT_ADMISSAO, VL_SALARIO) 
VALUES (110, 2, 'GUSTAVO FERREIRA', TO_DATE('11/01/1986', 'DD/MM/YYYY'), TO_DATE('17/05/2011', 'DD/MM/YYYY'), 5900);


INSERT INTO T_SIP_FUNCIONARIO (NR_MATRICULA, CD_DEPTO, NM_FUNCIONARIO, DT_NASCIMENTO, DT_ADMISSAO, VL_SALARIO) 
VALUES (111, 3, 'BRUNO RIBEIRO', TO_DATE('07/04/1984', 'DD/MM/YYYY'), TO_DATE('12/12/2010', 'DD/MM/YYYY'), 5200);
INSERT INTO T_SIP_FUNCIONARIO (NR_MATRICULA, CD_DEPTO, NM_FUNCIONARIO, DT_NASCIMENTO, DT_ADMISSAO, VL_SALARIO) 
VALUES (112, 3, 'PATRICIA MARTINS', TO_DATE('19/10/1988', 'DD/MM/YYYY'), TO_DATE('25/06/2013', 'DD/MM/YYYY'), 6100);
INSERT INTO T_SIP_FUNCIONARIO (NR_MATRICULA, CD_DEPTO, NM_FUNCIONARIO, DT_NASCIMENTO, DT_ADMISSAO, VL_SALARIO) 
VALUES (113, 3, 'ANDRE LOPES', TO_DATE('03/03/1992', 'DD/MM/YYYY'), TO_DATE('08/09/2015', 'DD/MM/YYYY'), 5300);
INSERT INTO T_SIP_FUNCIONARIO (NR_MATRICULA, CD_DEPTO, NM_FUNCIONARIO, DT_NASCIMENTO, DT_ADMISSAO, VL_SALARIO) 
VALUES (114, 3, 'LARISSA SOUZA', TO_DATE('28/07/1990', 'DD/MM/YYYY'), TO_DATE('19/11/2017', 'DD/MM/YYYY'), 6400);
INSERT INTO T_SIP_FUNCIONARIO (NR_MATRICULA, CD_DEPTO, NM_FUNCIONARIO, DT_NASCIMENTO, DT_ADMISSAO, VL_SALARIO) 
VALUES (115, 3, 'MARCOS ARAUJO', TO_DATE('15/05/1987', 'DD/MM/YYYY'), TO_DATE('30/01/2012', 'DD/MM/YYYY'), 6000);


INSERT INTO T_SIP_FUNCIONARIO (NR_MATRICULA, CD_DEPTO, NM_FUNCIONARIO, DT_NASCIMENTO, DT_ADMISSAO, VL_SALARIO) 
VALUES (116, 4, 'RODRIGO PEREIRA', TO_DATE('21/08/1985', 'DD/MM/YYYY'), TO_DATE('11/04/2011', 'DD/MM/YYYY'), 5300);
INSERT INTO T_SIP_FUNCIONARIO (NR_MATRICULA, CD_DEPTO, NM_FUNCIONARIO, DT_NASCIMENTO, DT_ADMISSAO, VL_SALARIO) 
VALUES (117, 4, 'ISABELA MORAES', TO_DATE('09/12/1989', 'DD/MM/YYYY'), TO_DATE('23/07/2014', 'DD/MM/YYYY'), 6200);
INSERT INTO T_SIP_FUNCIONARIO (NR_MATRICULA, CD_DEPTO, NM_FUNCIONARIO, DT_NASCIMENTO, DT_ADMISSAO, VL_SALARIO) 
VALUES (118, 4, 'TIAGO SANTANA', TO_DATE('14/03/1991', 'DD/MM/YYYY'), TO_DATE('05/10/2016', 'DD/MM/YYYY'), 5500);
INSERT INTO T_SIP_FUNCIONARIO (NR_MATRICULA, CD_DEPTO, NM_FUNCIONARIO, DT_NASCIMENTO, DT_ADMISSAO, VL_SALARIO) 
VALUES (119, 4, 'CAMILA BARROS', TO_DATE('30/06/1988', 'DD/MM/YYYY'), TO_DATE('17/12/2018', 'DD/MM/YYYY'), 6300);
INSERT INTO T_SIP_FUNCIONARIO (NR_MATRICULA, CD_DEPTO, NM_FUNCIONARIO, DT_NASCIMENTO, DT_ADMISSAO, VL_SALARIO) 
VALUES (120, 4, 'FELIPE GOMES', TO_DATE('25/11/1986', 'DD/MM/YYYY'), TO_DATE('29/02/2012', 'DD/MM/YYYY'), 5900);


INSERT INTO T_SIP_FUNCIONARIO (NR_MATRICULA, CD_DEPTO, NM_FUNCIONARIO, DT_NASCIMENTO, DT_ADMISSAO, VL_SALARIO) 
VALUES (121, 5, 'RICARDO ALVES', TO_DATE('13/01/1984', 'DD/MM/YYYY'), TO_DATE('10/05/2010', 'DD/MM/YYYY'), 5400);
INSERT INTO T_SIP_FUNCIONARIO (NR_MATRICULA, CD_DEPTO, NM_FUNCIONARIO, DT_NASCIMENTO, DT_ADMISSAO, VL_SALARIO) 
VALUES (122, 5, 'VANESSA SILVA', TO_DATE('27/09/1987', 'DD/MM/YYYY'), TO_DATE('21/08/2013', 'DD/MM/YYYY'), 6100);
INSERT INTO T_SIP_FUNCIONARIO (NR_MATRICULA, CD_DEPTO, NM_FUNCIONARIO, DT_NASCIMENTO, DT_ADMISSAO, VL_SALARIO) 
VALUES (123, 5, 'DIEGO LIMA', TO_DATE('04/02/1990', 'DD/MM/YYYY'), TO_DATE('02/11/2015', 'DD/MM/YYYY'), 5500);
INSERT INTO T_SIP_FUNCIONARIO (NR_MATRICULA, CD_DEPTO, NM_FUNCIONARIO, DT_NASCIMENTO, DT_ADMISSAO, VL_SALARIO) 
VALUES (124, 5, 'JULIA CARVALHO', TO_DATE('16/06/1992', 'DD/MM/YYYY'), TO_DATE('14/01/2018', 'DD/MM/YYYY'), 6400);
INSERT INTO T_SIP_FUNCIONARIO (NR_MATRICULA, CD_DEPTO, NM_FUNCIONARIO, DT_NASCIMENTO, DT_ADMISSAO, VL_SALARIO) 
VALUES (125, 5, 'MATEUS ROCHA', TO_DATE('29/10/1988', 'DD/MM/YYYY'), TO_DATE('26/03/2011', 'DD/MM/YYYY'), 6000);


INSERT INTO T_SIP_FUNCIONARIO (NR_MATRICULA, CD_DEPTO, NM_FUNCIONARIO, DT_NASCIMENTO, DT_ADMISSAO, VL_SALARIO) 
VALUES (126, 6, 'GABRIELA FERREIRA', TO_DATE('08/04/1985', 'DD/MM/YYYY'), TO_DATE('18/06/2011', 'DD/MM/YYYY'), 5300);
INSERT INTO T_SIP_FUNCIONARIO (NR_MATRICULA, CD_DEPTO, NM_FUNCIONARIO, DT_NASCIMENTO, DT_ADMISSAO, VL_SALARIO) 
VALUES (127, 6, 'LEONARDO COSTA', TO_DATE('12/12/1989', 'DD/MM/YYYY'), TO_DATE('30/09/2014', 'DD/MM/YYYY'), 6200);
INSERT INTO T_SIP_FUNCIONARIO (NR_MATRICULA, CD_DEPTO, NM_FUNCIONARIO, DT_NASCIMENTO, DT_ADMISSAO, VL_SALARIO) 
VALUES (128, 6, 'RAQUEL MENDES', TO_DATE('05/03/1991', 'DD/MM/YYYY'), TO_DATE('11/11/2016', 'DD/MM/YYYY'), 5500);
INSERT INTO T_SIP_FUNCIONARIO (NR_MATRICULA, CD_DEPTO, NM_FUNCIONARIO, DT_NASCIMENTO, DT_ADMISSAO, VL_SALARIO) 
VALUES (129, 6, 'HENRIQUE SOUZA', TO_DATE('22/07/1988', 'DD/MM/YYYY'), TO_DATE('23/01/2018', 'DD/MM/YYYY'), 6300);
INSERT INTO T_SIP_FUNCIONARIO (NR_MATRICULA, CD_DEPTO, NM_FUNCIONARIO, DT_NASCIMENTO, DT_ADMISSAO, VL_SALARIO) 
VALUES (130, 6, 'LUIZ PEREIRA', TO_DATE('17/11/1986', 'DD/MM/YYYY'), TO_DATE('05/05/2012', 'DD/MM/YYYY'), 5900);


INSERT INTO T_SIP_FUNCIONARIO (NR_MATRICULA, CD_DEPTO, NM_FUNCIONARIO, DT_NASCIMENTO, DT_ADMISSAO, VL_SALARIO) 
VALUES (131, 7, 'ALINE SANTOS', TO_DATE('03/02/1984', 'DD/MM/YYYY'), TO_DATE('15/07/2010', 'DD/MM/YYYY'), 5400);
INSERT INTO T_SIP_FUNCIONARIO (NR_MATRICULA, CD_DEPTO, NM_FUNCIONARIO, DT_NASCIMENTO, DT_ADMISSAO, VL_SALARIO) 
VALUES (132, 7, 'ROBERTO LIMA', TO_DATE('19/09/1987', 'DD/MM/YYYY'), TO_DATE('27/10/2013', 'DD/MM/YYYY'), 6100);
INSERT INTO T_SIP_FUNCIONARIO (NR_MATRICULA, CD_DEPTO, NM_FUNCIONARIO, DT_NASCIMENTO, DT_ADMISSAO, VL_SALARIO) 
VALUES (133, 7, 'SANDRA OLIVEIRA', TO_DATE('11/06/1990', 'DD/MM/YYYY'), TO_DATE('08/12/2015', 'DD/MM/YYYY'), 5500);
INSERT INTO T_SIP_FUNCIONARIO (NR_MATRICULA, CD_DEPTO, NM_FUNCIONARIO, DT_NASCIMENTO, DT_ADMISSAO, VL_SALARIO) 
VALUES (134, 7, 'FÁBIO ALMEIDA', TO_DATE('24/01/1992', 'DD/MM/YYYY'), TO_DATE('20/02/2018', 'DD/MM/YYYY'), 6400);
INSERT INTO T_SIP_FUNCIONARIO (NR_MATRICULA, CD_DEPTO, NM_FUNCIONARIO, DT_NASCIMENTO, DT_ADMISSAO, VL_SALARIO) 
VALUES (135, 7, 'THAIS MARTINS', TO_DATE('30/08/1988', 'DD/MM/YYYY'), TO_DATE('02/04/2011', 'DD/MM/YYYY'), 6000);



--DEPENDENTES

-- Dependentes para o funcionário com NR_MATRICULA 101
INSERT INTO T_SIP_DEPENDENTES (NR_MATRICULA, CD_DEPENDENTE, NM_DEPENDENTE, DT_NASCIMENTO) 
VALUES (101, 1, 'LUCAS SILVA', TO_DATE('15/05/2010', 'DD/MM/YYYY'));
INSERT INTO T_SIP_DEPENDENTES (NR_MATRICULA, CD_DEPENDENTE, NM_DEPENDENTE, DT_NASCIMENTO) 
VALUES (101, 2, 'ANA SILVA', TO_DATE('20/08/2012', 'DD/MM/YYYY'));
INSERT INTO T_SIP_DEPENDENTES (NR_MATRICULA, CD_DEPENDENTE, NM_DEPENDENTE, DT_NASCIMENTO) 
VALUES (101, 3, 'CARLOS SILVA', TO_DATE('10/12/2014', 'DD/MM/YYYY'));

-- Dependentes para o funcionário com NR_MATRICULA 107
INSERT INTO T_SIP_DEPENDENTES (NR_MATRICULA, CD_DEPENDENTE, NM_DEPENDENTE, DT_NASCIMENTO) 
VALUES (107, 1, 'FERNANDA LIMA', TO_DATE('18/11/2012', 'DD/MM/YYYY'));
INSERT INTO T_SIP_DEPENDENTES (NR_MATRICULA, CD_DEPENDENTE, NM_DEPENDENTE, DT_NASCIMENTO) 
VALUES (107, 2, 'RAFAEL LIMA', TO_DATE('05/06/2014', 'DD/MM/YYYY'));
INSERT INTO T_SIP_DEPENDENTES (NR_MATRICULA, CD_DEPENDENTE, NM_DEPENDENTE, DT_NASCIMENTO) 
VALUES (107, 3, 'JULIANA LIMA', TO_DATE('22/09/2016', 'DD/MM/YYYY'));

-- Dependentes para o funcionário com NR_MATRICULA 115
INSERT INTO T_SIP_DEPENDENTES (NR_MATRICULA, CD_DEPENDENTE, NM_DEPENDENTE, DT_NASCIMENTO) 
VALUES (115, 1, 'MARCOS ARAUJO', TO_DATE('15/05/2012', 'DD/MM/YYYY'));
INSERT INTO T_SIP_DEPENDENTES (NR_MATRICULA, CD_DEPENDENTE, NM_DEPENDENTE, DT_NASCIMENTO) 
VALUES (115, 2, 'RODRIGO ARAUJO', TO_DATE('19/10/2014', 'DD/MM/YYYY'));
INSERT INTO T_SIP_DEPENDENTES (NR_MATRICULA, CD_DEPENDENTE, NM_DEPENDENTE, DT_NASCIMENTO) 
VALUES (115, 3, 'PATRICIA ARAUJO', TO_DATE('03/03/2016', 'DD/MM/YYYY'));

-- Telefones para o funcionário com NR_MATRICULA 101
INSERT INTO T_SIP_TELEFONE (CD_TELEFONE, NR_MATRICULA, DS_TELEFONE) 
VALUES (1, 101, '(11) 91234-5678');

INSERT INTO T_SIP_TELEFONE (CD_TELEFONE, NR_MATRICULA, DS_TELEFONE) 
VALUES (2, 101, '(11) 92345-6789');

-- Telefones para o funcionário com NR_MATRICULA 102
INSERT INTO T_SIP_TELEFONE (CD_TELEFONE, NR_MATRICULA, DS_TELEFONE) 
VALUES (3, 102, '(21) 93456-7890');

INSERT INTO T_SIP_TELEFONE (CD_TELEFONE, NR_MATRICULA, DS_TELEFONE) 
VALUES (4, 102, '(21) 94567-8901');

-- Telefones para o funcionário com NR_MATRICULA 103
INSERT INTO T_SIP_TELEFONE (CD_TELEFONE, NR_MATRICULA, DS_TELEFONE) 
VALUES (5, 103, '(31) 95678-9012');

INSERT INTO T_SIP_TELEFONE (CD_TELEFONE, NR_MATRICULA, DS_TELEFONE) 
VALUES (6, 103, '(31) 96789-0123');

-- Telefones para o funcionário com NR_MATRICULA 104
INSERT INTO T_SIP_TELEFONE (CD_TELEFONE, NR_MATRICULA, DS_TELEFONE) 
VALUES (7, 104, '(41) 97890-1234');

INSERT INTO T_SIP_TELEFONE (CD_TELEFONE, NR_MATRICULA, DS_TELEFONE) 
VALUES (8, 104, '(41) 98901-2345');

-- Telefones para o funcionário com NR_MATRICULA 105
INSERT INTO T_SIP_TELEFONE (CD_TELEFONE, NR_MATRICULA, DS_TELEFONE) 
VALUES (9, 105, '(51) 99012-3456');

INSERT INTO T_SIP_TELEFONE (CD_TELEFONE, NR_MATRICULA, DS_TELEFONE) 
VALUES (10, 105, '(51) 90123-4567');

-- Telefones para o funcionário com NR_MATRICULA 106
INSERT INTO T_SIP_TELEFONE (CD_TELEFONE, NR_MATRICULA, DS_TELEFONE) 
VALUES (11, 106, '(61) 91234-5678');

INSERT INTO T_SIP_TELEFONE (CD_TELEFONE, NR_MATRICULA, DS_TELEFONE) 
VALUES (12, 106, '(61) 92345-6789');

-- Telefones para o funcionário com NR_MATRICULA 107
INSERT INTO T_SIP_TELEFONE (CD_TELEFONE, NR_MATRICULA, DS_TELEFONE) 
VALUES (13, 107, '(71) 93456-7890');

INSERT INTO T_SIP_TELEFONE (CD_TELEFONE, NR_MATRICULA, DS_TELEFONE) 
VALUES (14, 107, '(71) 94567-8901');

-- Telefones para o funcionário com NR_MATRICULA 108
INSERT INTO T_SIP_TELEFONE (CD_TELEFONE, NR_MATRICULA, DS_TELEFONE) 
VALUES (15, 108, '(81) 95678-9012');

INSERT INTO T_SIP_TELEFONE (CD_TELEFONE, NR_MATRICULA, DS_TELEFONE) 
VALUES (16, 108, '(81) 96789-0123');

-- Telefones para o funcionário com NR_MATRICULA 109
INSERT INTO T_SIP_TELEFONE (CD_TELEFONE, NR_MATRICULA, DS_TELEFONE) 
VALUES (17, 109, '(91) 97890-1234');

INSERT INTO T_SIP_TELEFONE (CD_TELEFONE, NR_MATRICULA, DS_TELEFONE) 
VALUES (18, 109, '(91) 98901-2345');

-- Telefones para o funcionário com NR_MATRICULA 110
INSERT INTO T_SIP_TELEFONE (CD_TELEFONE, NR_MATRICULA, DS_TELEFONE) 
VALUES (19, 110, '(11) 99012-3456');

INSERT INTO T_SIP_TELEFONE (CD_TELEFONE, NR_MATRICULA, DS_TELEFONE) 
VALUES (20, 110, '(11) 90123-4567');



