

--CRIA TABELA TELEFONE
CREATE TABLE T_SIP_TELEFONE (
    CD_TELEFONE NUMBER(5,0) PRIMARY KEY,
    NR_MATRICULA NUMBER(5,0),
    DS_TELEFONE VARCHAR2(20 BYTE),
    CONSTRAINT fk_matricula FOREIGN KEY (NR_MATRICULA) REFERENCES T_SIP_FUNCIONARIO(NR_MATRICULA)
);

--POPULANDO DOS DEPARTAMENTOS
INSERT INTO T_SIP_DEPTO(cd_depto,nm_depto,sg_depto) 
VALUES(1,'COMERCIAL','CMR');

INSERT INTO T_SIP_DEPTO(cd_depto,nm_depto,sg_depto) 
VALUES(2,'CONTABILIDADE','CBL');

INSERT INTO T_SIP_DEPTO(cd_depto,nm_depto,sg_depto) 
VALUES(3,'ESTOQUE','ETQ');

INSERT INTO T_SIP_DEPTO(cd_depto,nm_depto,sg_depto) 
VALUES(4,'FINANCEIRO','FNC');

INSERT INTO T_SIP_DEPTO(cd_depto,nm_depto,sg_depto) 
VALUES(5,'ATENDIMENTO AO CLIENTE','SAC');

INSERT INTO T_SIP_DEPTO(cd_depto,nm_depto,sg_depto) 
VALUES(6,'RECURSOS HUMANOS','RH');

INSERT INTO T_SIP_DEPTO(cd_depto,nm_depto,sg_depto) 
VALUES(7,'TECNOLOGIA DA INFORMACAO','TI');

--POPULANDO FUNCIONARIOS
INSERT INTO T_SIP_FUNCIONARIO (NR_MATRICULA, CD_DEPTO, NM_FUNCIONARIO, DT_NASCIMENTO, DT_ADMISSAO, VL_SALARIO) 
VALUES (101, 1, 'JOÃO SILVA', TO_DATE('15/05/1984', 'DD/MM/YYYY'), TO_DATE('01/06/2010', 'DD/MM/YYYY'), 5000);
INSERT INTO T_SIP_FUNCIONARIO (NR_MATRICULA, CD_DEPTO, NM_FUNCIONARIO, DT_NASCIMENTO, DT_ADMISSAO, VL_SALARIO) 
VALUES (102, 1, 'MARIA OLIVEIRA', TO_DATE('20/08/1985', 'DD/MM/YYYY'), TO_DATE('15/09/2012', 'DD/MM/YYYY'), 6000);
INSERT INTO T_SIP_FUNCIONARIO (NR_MATRICULA, CD_DEPTO, NM_FUNCIONARIO, DT_NASCIMENTO, DT_ADMISSAO, VL_SALARIO) 
VALUES (103, 1, 'CARLOS SOUZA', TO_DATE('10/12/1990', 'DD/MM/YYYY'), TO_DATE('20/01/2015', 'DD/MM/YYYY'), 5500);
INSERT INTO T_SIP_FUNCIONARIO (NR_MATRICULA, CD_DEPTO, NM_FUNCIONARIO, DT_NASCIMENTO, DT_ADMISSAO, VL_SALARIO) 
VALUES (104, 1, 'ANA PEREIRA', TO_DATE('25/03/1992', 'DD/MM/YYYY'), TO_DATE('10/04/2018', 'DD/MM/YYYY'), 6200);
INSERT INTO T_SIP_FUNCIONARIO (NR_MATRICULA, CD_DEPTO, NM_FUNCIONARIO, DT_NASCIMENTO, DT_ADMISSAO, VL_SALARIO) 
VALUES (105, 1, 'PEDRO SANTOS', TO_DATE('30/07/1988', 'DD/MM/YYYY'), TO_DATE('05/11/2011', 'DD/MM/YYYY'), 5800);


INSERT INTO T_SIP_FUNCIONARIO (NR_MATRICULA, CD_DEPTO, NM_FUNCIONARIO, DT_NASCIMENTO, DT_ADMISSAO, VL_SALARIO) 
VALUES (106, 2, 'LUCAS MENDES', TO_DATE('12/02/1983', 'DD/MM/YYYY'), TO_DATE('22/07/2009', 'DD/MM/YYYY'), 5100);
INSERT INTO T_SIP_FUNCIONARIO (NR_MATRICULA, CD_DEPTO, NM_FUNCIONARIO, DT_NASCIMENTO, DT_ADMISSAO, VL_SALARIO) 
VALUES (107, 2, 'FERNANDA LIMA', TO_DATE('18/11/1987', 'DD/MM/YYYY'), TO_DATE('03/03/2013', 'DD/MM/YYYY'), 6200);
INSERT INTO T_SIP_FUNCIONARIO (NR_MATRICULA, CD_DEPTO, NM_FUNCIONARIO, DT_NASCIMENTO, DT_ADMISSAO, VL_SALARIO) 
VALUES (108, 2, 'RAFAEL ALMEIDA', TO_DATE('05/06/1991', 'DD/MM/YYYY'), TO_DATE('14/08/2016', 'DD/MM/YYYY'), 5400);
INSERT INTO T_SIP_FUNCIONARIO (NR_MATRICULA, CD_DEPTO, NM_FUNCIONARIO, DT_NASCIMENTO, DT_ADMISSAO, VL_SALARIO) 
VALUES (109, 2, 'JULIANA COSTA', TO_DATE('22/09/1989', 'DD/MM/YYYY'), TO_DATE('29/10/2014', 'DD/MM/YYYY'), 6300);
INSERT INTO T_SIP_FUNCIONARIO (NR_MATRICULA, CD_DEPTO, NM_FUNCIONARIO, DT_NASCIMENTO, DT_ADMISSAO, VL_SALARIO) 
VALUES (110, 2, 'GUSTAVO FERREIRA', TO_DATE('11/01/1986', 'DD/MM/YYYY'), TO_DATE('17/05/2011', 'DD/MM/YYYY'), 5900);


INSERT INTO T_SIP_FUNCIONARIO (NR_MATRICULA, CD_DEPTO, NM_FUNCIONARIO, DT_NASCIMENTO, DT_ADMISSAO, VL_SALARIO) 
VALUES (111, 3, 'BRUNO RIBEIRO', TO_DATE('07/04/1984', 'DD/MM/YYYY'), TO_DATE('12/12/2010', 'DD/MM/YYYY'), 5200);
INSERT INTO T_SIP_FUNCIONARIO (NR_MATRICULA, CD_DEPTO, NM_FUNCIONARIO, DT_NASCIMENTO, DT_ADMISSAO, VL_SALARIO) 
VALUES (112, 3, 'PATRICIA MARTINS', TO_DATE('19/10/1988', 'DD/MM/YYYY'), TO_DATE('25/06/2013', 'DD/MM/YYYY'), 6100);
INSERT INTO T_SIP_FUNCIONARIO (NR_MATRICULA, CD_DEPTO, NM_FUNCIONARIO, DT_NASCIMENTO, DT_ADMISSAO, VL_SALARIO) 
VALUES (113, 3, 'ANDRE LOPES', TO_DATE('03/03/1992', 'DD/MM/YYYY'), TO_DATE('08/09/2015', 'DD/MM/YYYY'), 5300);
INSERT INTO T_SIP_FUNCIONARIO (NR_MATRICULA, CD_DEPTO, NM_FUNCIONARIO, DT_NASCIMENTO, DT_ADMISSAO, VL_SALARIO) 
VALUES (114, 3, 'LARISSA SOUZA', TO_DATE('28/07/1990', 'DD/MM/YYYY'), TO_DATE('19/11/2017', 'DD/MM/YYYY'), 6400);
INSERT INTO T_SIP_FUNCIONARIO (NR_MATRICULA, CD_DEPTO, NM_FUNCIONARIO, DT_NASCIMENTO, DT_ADMISSAO, VL_SALARIO) 
VALUES (115, 3, 'MARCOS ARAUJO', TO_DATE('15/05/1987', 'DD/MM/YYYY'), TO_DATE('30/01/2012', 'DD/MM/YYYY'), 6000);


INSERT INTO T_SIP_FUNCIONARIO (NR_MATRICULA, CD_DEPTO, NM_FUNCIONARIO, DT_NASCIMENTO, DT_ADMISSAO, VL_SALARIO) 
VALUES (116, 4, 'RODRIGO PEREIRA', TO_DATE('21/08/1985', 'DD/MM/YYYY'), TO_DATE('11/04/2011', 'DD/MM/YYYY'), 5300);
INSERT INTO T_SIP_FUNCIONARIO (NR_MATRICULA, CD_DEPTO, NM_FUNCIONARIO, DT_NASCIMENTO, DT_ADMISSAO, VL_SALARIO) 
VALUES (117, 4, 'ISABELA MORAES', TO_DATE('09/12/1989', 'DD/MM/YYYY'), TO_DATE('23/07/2014', 'DD/MM/YYYY'), 6200);
INSERT INTO T_SIP_FUNCIONARIO (NR_MATRICULA, CD_DEPTO, NM_FUNCIONARIO, DT_NASCIMENTO, DT_ADMISSAO, VL_SALARIO) 
VALUES (118, 4, 'TIAGO SANTANA', TO_DATE('14/03/1991', 'DD/MM/YYYY'), TO_DATE('05/10/2016', 'DD/MM/YYYY'), 5500);
INSERT INTO T_SIP_FUNCIONARIO (NR_MATRICULA, CD_DEPTO, NM_FUNCIONARIO, DT_NASCIMENTO, DT_ADMISSAO, VL_SALARIO) 
VALUES (119, 4, 'CAMILA BARROS', TO_DATE('30/06/1988', 'DD/MM/YYYY'), TO_DATE('17/12/2018', 'DD/MM/YYYY'), 6300);
INSERT INTO T_SIP_FUNCIONARIO (NR_MATRICULA, CD_DEPTO, NM_FUNCIONARIO, DT_NASCIMENTO, DT_ADMISSAO, VL_SALARIO) 
VALUES (120, 4, 'FELIPE GOMES', TO_DATE('25/11/1986', 'DD/MM/YYYY'), TO_DATE('29/02/2012', 'DD/MM/YYYY'), 5900);


INSERT INTO T_SIP_FUNCIONARIO (NR_MATRICULA, CD_DEPTO, NM_FUNCIONARIO, DT_NASCIMENTO, DT_ADMISSAO, VL_SALARIO) 
VALUES (121, 5, 'RICARDO ALVES', TO_DATE('13/01/1984', 'DD/MM/YYYY'), TO_DATE('10/05/2010', 'DD/MM/YYYY'), 5400);
INSERT INTO T_SIP_FUNCIONARIO (NR_MATRICULA, CD_DEPTO, NM_FUNCIONARIO, DT_NASCIMENTO, DT_ADMISSAO, VL_SALARIO) 
VALUES (122, 5, 'VANESSA SILVA', TO_DATE('27/09/1987', 'DD/MM/YYYY'), TO_DATE('21/08/2013', 'DD/MM/YYYY'), 6100);
INSERT INTO T_SIP_FUNCIONARIO (NR_MATRICULA, CD_DEPTO, NM_FUNCIONARIO, DT_NASCIMENTO, DT_ADMISSAO, VL_SALARIO) 
VALUES (123, 5, 'DIEGO LIMA', TO_DATE('04/02/1990', 'DD/MM/YYYY'), TO_DATE('02/11/2015', 'DD/MM/YYYY'), 5500);
INSERT INTO T_SIP_FUNCIONARIO (NR_MATRICULA, CD_DEPTO, NM_FUNCIONARIO, DT_NASCIMENTO, DT_ADMISSAO, VL_SALARIO) 
VALUES (124, 5, 'JULIA CARVALHO', TO_DATE('16/06/1992', 'DD/MM/YYYY'), TO_DATE('14/01/2018', 'DD/MM/YYYY'), 6400);
INSERT INTO T_SIP_FUNCIONARIO (NR_MATRICULA, CD_DEPTO, NM_FUNCIONARIO, DT_NASCIMENTO, DT_ADMISSAO, VL_SALARIO) 
VALUES (125, 5, 'MATEUS ROCHA', TO_DATE('29/10/1988', 'DD/MM/YYYY'), TO_DATE('26/03/2011', 'DD/MM/YYYY'), 6000);


INSERT INTO T_SIP_FUNCIONARIO (NR_MATRICULA, CD_DEPTO, NM_FUNCIONARIO, DT_NASCIMENTO, DT_ADMISSAO, VL_SALARIO) 
VALUES (126, 6, 'GABRIELA FERREIRA', TO_DATE('08/04/1985', 'DD/MM/YYYY'), TO_DATE('18/06/2011', 'DD/MM/YYYY'), 5300);
INSERT INTO T_SIP_FUNCIONARIO (NR_MATRICULA, CD_DEPTO, NM_FUNCIONARIO, DT_NASCIMENTO, DT_ADMISSAO, VL_SALARIO) 
VALUES (127, 6, 'LEONARDO COSTA', TO_DATE('12/12/1989', 'DD/MM/YYYY'), TO_DATE('30/09/2014', 'DD/MM/YYYY'), 6200);
INSERT INTO T_SIP_FUNCIONARIO (NR_MATRICULA, CD_DEPTO, NM_FUNCIONARIO, DT_NASCIMENTO, DT_ADMISSAO, VL_SALARIO) 
VALUES (128, 6, 'RAQUEL MENDES', TO_DATE('05/03/1991', 'DD/MM/YYYY'), TO_DATE('11/11/2016', 'DD/MM/YYYY'), 5500);
INSERT INTO T_SIP_FUNCIONARIO (NR_MATRICULA, CD_DEPTO, NM_FUNCIONARIO, DT_NASCIMENTO, DT_ADMISSAO, VL_SALARIO) 
VALUES (129, 6, 'HENRIQUE SOUZA', TO_DATE('22/07/1988', 'DD/MM/YYYY'), TO_DATE('23/01/2018', 'DD/MM/YYYY'), 6300);
INSERT INTO T_SIP_FUNCIONARIO (NR_MATRICULA, CD_DEPTO, NM_FUNCIONARIO, DT_NASCIMENTO, DT_ADMISSAO, VL_SALARIO) 
VALUES (130, 6, 'LUIZ PEREIRA', TO_DATE('17/11/1986', 'DD/MM/YYYY'), TO_DATE('05/05/2012', 'DD/MM/YYYY'), 5900);


INSERT INTO T_SIP_FUNCIONARIO (NR_MATRICULA, CD_DEPTO, NM_FUNCIONARIO, DT_NASCIMENTO, DT_ADMISSAO, VL_SALARIO) 
VALUES (131, 7, 'ALINE SANTOS', TO_DATE('03/02/1984', 'DD/MM/YYYY'), TO_DATE('15/07/2010', 'DD/MM/YYYY'), 5400);
INSERT INTO T_SIP_FUNCIONARIO (NR_MATRICULA, CD_DEPTO, NM_FUNCIONARIO, DT_NASCIMENTO, DT_ADMISSAO, VL_SALARIO) 
VALUES (132, 7, 'ROBERTO LIMA', TO_DATE('19/09/1987', 'DD/MM/YYYY'), TO_DATE('27/10/2013', 'DD/MM/YYYY'), 6100);
INSERT INTO T_SIP_FUNCIONARIO (NR_MATRICULA, CD_DEPTO, NM_FUNCIONARIO, DT_NASCIMENTO, DT_ADMISSAO, VL_SALARIO) 
VALUES (133, 7, 'SANDRA OLIVEIRA', TO_DATE('11/06/1990', 'DD/MM/YYYY'), TO_DATE('08/12/2015', 'DD/MM/YYYY'), 5500);
INSERT INTO T_SIP_FUNCIONARIO (NR_MATRICULA, CD_DEPTO, NM_FUNCIONARIO, DT_NASCIMENTO, DT_ADMISSAO, VL_SALARIO) 
VALUES (134, 7, 'FÁBIO ALMEIDA', TO_DATE('24/01/1992', 'DD/MM/YYYY'), TO_DATE('20/02/2018', 'DD/MM/YYYY'), 6400);
INSERT INTO T_SIP_FUNCIONARIO (NR_MATRICULA, CD_DEPTO, NM_FUNCIONARIO, DT_NASCIMENTO, DT_ADMISSAO, VL_SALARIO) 
VALUES (135, 7, 'THAIS MARTINS', TO_DATE('30/08/1988', 'DD/MM/YYYY'), TO_DATE('02/04/2011', 'DD/MM/YYYY'), 6000);



--DEPENDENTES

-- Dependentes para o funcionário com NR_MATRICULA 101
INSERT INTO T_SIP_DEPENDENTE (NR_MATRICULA, CD_DEPENDENTE, NM_DEPENDENTE, DT_NASCIMENTO) 
VALUES (101, 1, 'LUCAS SILVA', TO_DATE('15/05/2010', 'DD/MM/YYYY'));
INSERT INTO T_SIP_DEPENDENTE (NR_MATRICULA, CD_DEPENDENTE, NM_DEPENDENTE, DT_NASCIMENTO) 
VALUES (101, 2, 'ANA SILVA', TO_DATE('20/08/2012', 'DD/MM/YYYY'));
INSERT INTO T_SIP_DEPENDENTE (NR_MATRICULA, CD_DEPENDENTE, NM_DEPENDENTE, DT_NASCIMENTO) 
VALUES (101, 3, 'CARLOS SILVA', TO_DATE('10/12/2014', 'DD/MM/YYYY'));

-- Dependentes para o funcionário com NR_MATRICULA 107
INSERT INTO T_SIP_DEPENDENTE (NR_MATRICULA, CD_DEPENDENTE, NM_DEPENDENTE, DT_NASCIMENTO) 
VALUES (107, 1, 'FERNANDA LIMA', TO_DATE('18/11/2012', 'DD/MM/YYYY'));
INSERT INTO T_SIP_DEPENDENTE (NR_MATRICULA, CD_DEPENDENTE, NM_DEPENDENTE, DT_NASCIMENTO) 
VALUES (107, 2, 'RAFAEL LIMA', TO_DATE('05/06/2014', 'DD/MM/YYYY'));
INSERT INTO T_SIP_DEPENDENTE (NR_MATRICULA, CD_DEPENDENTE, NM_DEPENDENTE, DT_NASCIMENTO) 
VALUES (107, 3, 'JULIANA LIMA', TO_DATE('22/09/2016', 'DD/MM/YYYY'));

-- Dependentes para o funcionário com NR_MATRICULA 115
INSERT INTO T_SIP_DEPENDENTE (NR_MATRICULA, CD_DEPENDENTE, NM_DEPENDENTE, DT_NASCIMENTO) 
VALUES (115, 1, 'MARCOS ARAUJO', TO_DATE('15/05/2012', 'DD/MM/YYYY'));
INSERT INTO T_SIP_DEPENDENTE (NR_MATRICULA, CD_DEPENDENTE, NM_DEPENDENTE, DT_NASCIMENTO) 
VALUES (115, 2, 'RODRIGO ARAUJO', TO_DATE('19/10/2014', 'DD/MM/YYYY'));
INSERT INTO T_SIP_DEPENDENTE (NR_MATRICULA, CD_DEPENDENTE, NM_DEPENDENTE, DT_NASCIMENTO) 
VALUES (115, 3, 'PATRICIA ARAUJO', TO_DATE('03/03/2016', 'DD/MM/YYYY'));


-- Telefones para o funcionário com matrícula 101
INSERT INTO T_SIP_TELEFONE (CD_TELEFONE, NR_MATRICULA, DS_TELEFONE) 
VALUES (1, 101, '(11) 91234-5678');
INSERT INTO T_SIP_TELEFONE (CD_TELEFONE, NR_MATRICULA, DS_TELEFONE) 
VALUES (2, 101, '(11) 92345-6789');

-- Telefones para o funcionário com matrícula 102
INSERT INTO T_SIP_TELEFONE (CD_TELEFONE, NR_MATRICULA, DS_TELEFONE) 
VALUES (3, 102, '(11) 93456-7890');
INSERT INTO T_SIP_TELEFONE (CD_TELEFONE, NR_MATRICULA, DS_TELEFONE) 
VALUES (4, 102, '(11) 94567-8901');

-- Telefones para o funcionário com matrícula 103
INSERT INTO T_SIP_TELEFONE (CD_TELEFONE, NR_MATRICULA, DS_TELEFONE) 
VALUES (5, 103, '(11) 95678-9012');
INSERT INTO T_SIP_TELEFONE (CD_TELEFONE, NR_MATRICULA, DS_TELEFONE) 
VALUES (6, 103, '(11) 96789-0123');

-- Telefones para o funcionário com matrícula 104
INSERT INTO T_SIP_TELEFONE (CD_TELEFONE, NR_MATRICULA, DS_TELEFONE) 
VALUES (7, 104, '(11) 97890-1234');
INSERT INTO T_SIP_TELEFONE (CD_TELEFONE, NR_MATRICULA, DS_TELEFONE) 
VALUES (8, 104, '(11) 98901-2345');

-- Telefones para o funcionário com matrícula 105
INSERT INTO T_SIP_TELEFONE (CD_TELEFONE, NR_MATRICULA, DS_TELEFONE) 
VALUES (9, 105, '(11) 99012-3456');
INSERT INTO T_SIP_TELEFONE (CD_TELEFONE, NR_MATRICULA, DS_TELEFONE) 
VALUES (10, 105, '(11) 90123-4567');

-- Telefones para o funcionário com matrícula 106
INSERT INTO T_SIP_TELEFONE (CD_TELEFONE, NR_MATRICULA, DS_TELEFONE) 
VALUES (11, 106, '(11) 91234-5678');
INSERT INTO T_SIP_TELEFONE (CD_TELEFONE, NR_MATRICULA, DS_TELEFONE) 
VALUES (12, 106, '(11) 92345-6789');

-- Telefones para o funcionário com matrícula 107
INSERT INTO T_SIP_TELEFONE (CD_TELEFONE, NR_MATRICULA, DS_TELEFONE) 
VALUES (13, 107, '(11) 93456-7890');
INSERT INTO T_SIP_TELEFONE (CD_TELEFONE, NR_MATRICULA, DS_TELEFONE) 
VALUES (14, 107, '(11) 94567-8901');

-- Telefones para o funcionário com matrícula 108
INSERT INTO T_SIP_TELEFONE (CD_TELEFONE, NR_MATRICULA, DS_TELEFONE) 
VALUES (15, 108, '(11) 95678-9012');
INSERT INTO T_SIP_TELEFONE (CD_TELEFONE, NR_MATRICULA, DS_TELEFONE) 
VALUES (16, 108, '(11) 96789-0123');

-- Telefones para o funcionário com matrícula 109
INSERT INTO T_SIP_TELEFONE (CD_TELEFONE, NR_MATRICULA, DS_TELEFONE) 
VALUES (17, 109, '(11) 97890-1234');
INSERT INTO T_SIP_TELEFONE (CD_TELEFONE, NR_MATRICULA, DS_TELEFONE) 
VALUES (18, 109, '(11) 98901-2345');

-- Telefones para o funcionário com matrícula 110
INSERT INTO T_SIP_TELEFONE (CD_TELEFONE, NR_MATRICULA, DS_TELEFONE) 
VALUES (19, 110, '(11) 99012-3456');
INSERT INTO T_SIP_TELEFONE (CD_TELEFONE, NR_MATRICULA, DS_TELEFONE) 
VALUES (20, 110, '(11) 90123-4567');

-- Telefones para o funcionário com matrícula 111
INSERT INTO T_SIP_TELEFONE (CD_TELEFONE, NR_MATRICULA, DS_TELEFONE) 
VALUES (21, 111, '(11) 91234-5678');
INSERT INTO T_SIP_TELEFONE (CD_TELEFONE, NR_MATRICULA, DS_TELEFONE) 
VALUES (70, 111, '(11) 92345-6789');

-- Telefones para o funcionário com matrícula 112
INSERT INTO T_SIP_TELEFONE (CD_TELEFONE, NR_MATRICULA, DS_TELEFONE) 
VALUES (22, 112, '(11) 93456-7890');
INSERT INTO T_SIP_TELEFONE (CD_TELEFONE, NR_MATRICULA, DS_TELEFONE) 
VALUES (23, 112, '(11) 94567-8901');

-- Telefones para o funcionário com matrícula 113
INSERT INTO T_SIP_TELEFONE (CD_TELEFONE, NR_MATRICULA, DS_TELEFONE) 
VALUES (24, 113, '(11) 95678-9012');
INSERT INTO T_SIP_TELEFONE (CD_TELEFONE, NR_MATRICULA, DS_TELEFONE) 
VALUES (25, 113, '(11) 96789-0123');

-- Telefones para o funcionário com matrícula 114
INSERT INTO T_SIP_TELEFONE (CD_TELEFONE, NR_MATRICULA, DS_TELEFONE) 
VALUES (26, 114, '(11) 97890-1234');
INSERT INTO T_SIP_TELEFONE (CD_TELEFONE, NR_MATRICULA, DS_TELEFONE) 
VALUES (27, 114, '(11) 98901-2345');

-- Telefones para o funcionário com matrícula 115
INSERT INTO T_SIP_TELEFONE (CD_TELEFONE, NR_MATRICULA, DS_TELEFONE) 
VALUES (28, 115, '(11) 99012-3456');
INSERT INTO T_SIP_TELEFONE (CD_TELEFONE, NR_MATRICULA, DS_TELEFONE) 
VALUES (29, 115, '(11) 90123-4567');

-- Telefones para o funcionário com matrícula 116
INSERT INTO T_SIP_TELEFONE (CD_TELEFONE, NR_MATRICULA, DS_TELEFONE) 
VALUES (30, 116, '(11) 91234-5678');
INSERT INTO T_SIP_TELEFONE (CD_TELEFONE, NR_MATRICULA, DS_TELEFONE) 
VALUES (31, 116, '(11) 92345-6789');

-- Telefones para o funcionário com matrícula 117
INSERT INTO T_SIP_TELEFONE (CD_TELEFONE, NR_MATRICULA, DS_TELEFONE) 
VALUES (32, 117, '(11) 93456-7890');
INSERT INTO T_SIP_TELEFONE (CD_TELEFONE, NR_MATRICULA, DS_TELEFONE) 
VALUES (33, 117, '(11) 94567-8901');

-- Telefones para o funcionário com matrícula 118
INSERT INTO T_SIP_TELEFONE (CD_TELEFONE, NR_MATRICULA, DS_TELEFONE) 
VALUES (34, 118, '(11) 95678-9012');
INSERT INTO T_SIP_TELEFONE (CD_TELEFONE, NR_MATRICULA, DS_TELEFONE) 
VALUES (35, 118, '(11) 96789-0123');

-- Telefones para o funcionário com matrícula 119
INSERT INTO T_SIP_TELEFONE (CD_TELEFONE, NR_MATRICULA, DS_TELEFONE) 
VALUES (36, 119, '(11) 97890-1234');
INSERT INTO T_SIP_TELEFONE (CD_TELEFONE, NR_MATRICULA, DS_TELEFONE) 
VALUES (37, 119, '(11) 98901-2345');

-- Telefones para o funcionário com matrícula 120
INSERT INTO T_SIP_TELEFONE (CD_TELEFONE, NR_MATRICULA, DS_TELEFONE) 
VALUES (38, 120, '(11) 99012-3456');
INSERT INTO T_SIP_TELEFONE (CD_TELEFONE, NR_MATRICULA, DS_TELEFONE) 
VALUES (39, 120, '(11) 90123-4567');

-- Telefones para o funcionário com matrícula 121
INSERT INTO T_SIP_TELEFONE (CD_TELEFONE, NR_MATRICULA, DS_TELEFONE) 
VALUES (40, 121, '(11) 91234-5678');
INSERT INTO T_SIP_TELEFONE (CD_TELEFONE, NR_MATRICULA, DS_TELEFONE) 
VALUES (41, 121, '(11) 92345-6789');

-- Telefones para o funcionário com matrícula 122
INSERT INTO T_SIP_TELEFONE (CD_TELEFONE, NR_MATRICULA, DS_TELEFONE) 
VALUES (42, 122, '(11) 93456-7890');
INSERT INTO T_SIP_TELEFONE (CD_TELEFONE, NR_MATRICULA, DS_TELEFONE) 
VALUES (43, 122, '(11) 94567-8901');

-- Telefones para o funcionário com matrícula 123
INSERT INTO T_SIP_TELEFONE (CD_TELEFONE, NR_MATRICULA, DS_TELEFONE) 
VALUES (44, 123, '(11) 95678-9012');
INSERT INTO T_SIP_TELEFONE (CD_TELEFONE, NR_MATRICULA, DS_TELEFONE) 
VALUES (45, 123, '(11) 96789-0123');

-- Telefones para o funcionário com matrícula 124
INSERT INTO T_SIP_TELEFONE (CD_TELEFONE, NR_MATRICULA, DS_TELEFONE) 
VALUES (46, 124, '(11) 97890-1234');
INSERT INTO T_SIP_TELEFONE (CD_TELEFONE, NR_MATRICULA, DS_TELEFONE) 
VALUES (47, 124, '(11) 98901-2345');

-- Telefones para o funcionário com matrícula 125
INSERT INTO T_SIP_TELEFONE (CD_TELEFONE, NR_MATRICULA, DS_TELEFONE) 
VALUES (48, 125, '(11) 99012-3456');
INSERT INTO T_SIP_TELEFONE (CD_TELEFONE, NR_MATRICULA, DS_TELEFONE) 
VALUES (49, 125, '(11) 90123-4567');

-- Telefones para o funcionário com matrícula 126
INSERT INTO T_SIP_TELEFONE (CD_TELEFONE, NR_MATRICULA, DS_TELEFONE) 
VALUES (50, 126, '(11) 91234-5678');
INSERT INTO T_SIP_TELEFONE (CD_TELEFONE, NR_MATRICULA, DS_TELEFONE) 
VALUES (51, 126, '(11) 92345-6789');

-- Telefones para o funcionário com matrícula 127
INSERT INTO T_SIP_TELEFONE (CD_TELEFONE, NR_MATRICULA, DS_TELEFONE) 
VALUES (52, 127, '(11) 93456-7890');
INSERT INTO T_SIP_TELEFONE (CD_TELEFONE, NR_MATRICULA, DS_TELEFONE) 
VALUES (53, 127, '(11) 94567-8901');

-- Telefones para o funcionário com matrícula 128
INSERT INTO T_SIP_TELEFONE (CD_TELEFONE, NR_MATRICULA, DS_TELEFONE) 
VALUES (54, 128, '(11) 95678-9012');
INSERT INTO T_SIP_TELEFONE (CD_TELEFONE, NR_MATRICULA, DS_TELEFONE) 
VALUES (55, 128, '(11) 96789-0123');

-- Telefones para o funcionário com matrícula 129
INSERT INTO T_SIP_TELEFONE (CD_TELEFONE, NR_MATRICULA, DS_TELEFONE) 
VALUES (56, 129, '(11) 97890-1234');
INSERT INTO T_SIP_TELEFONE (CD_TELEFONE, NR_MATRICULA, DS_TELEFONE) 
VALUES (57, 129, '(11) 98901-2345');

-- Telefones para o funcionário com matrícula 130
INSERT INTO T_SIP_TELEFONE (CD_TELEFONE, NR_MATRICULA, DS_TELEFONE) 
VALUES (58, 130, '(11) 99012-3456');
INSERT INTO T_SIP_TELEFONE (CD_TELEFONE, NR_MATRICULA, DS_TELEFONE) 
VALUES (59, 130, '(11) 90123-4567');

-- Telefones para o funcionário com matrícula 131
INSERT INTO T_SIP_TELEFONE (CD_TELEFONE, NR_MATRICULA, DS_TELEFONE) 
VALUES (60, 131, '(11) 91234-5678');
INSERT INTO T_SIP_TELEFONE (CD_TELEFONE, NR_MATRICULA, DS_TELEFONE) 
VALUES (61, 131, '(11) 92345-6789');

-- Telefones para o funcionário com matrícula 132
INSERT INTO T_SIP_TELEFONE (CD_TELEFONE, NR_MATRICULA, DS_TELEFONE) 
VALUES (62, 132, '(11) 93456-7890');
INSERT INTO T_SIP_TELEFONE (CD_TELEFONE, NR_MATRICULA, DS_TELEFONE) 
VALUES (63, 132, '(11) 94567-8901');

-- Telefones para o funcionário com matrícula 133
INSERT INTO T_SIP_TELEFONE (CD_TELEFONE, NR_MATRICULA, DS_TELEFONE) 
VALUES (64, 133, '(11) 95678-9012');
INSERT INTO T_SIP_TELEFONE (CD_TELEFONE, NR_MATRICULA, DS_TELEFONE) 
VALUES (65, 133, '(11) 96789-0123');

-- Telefones para o funcionário com matrícula 134
INSERT INTO T_SIP_TELEFONE (CD_TELEFONE, NR_MATRICULA, DS_TELEFONE) 
VALUES (66, 134, '(11) 97890-1234');
INSERT INTO T_SIP_TELEFONE (CD_TELEFONE, NR_MATRICULA, DS_TELEFONE) 
VALUES (67, 134, '(11) 98901-2345');

-- Telefones para o funcionário com matrícula 135
INSERT INTO T_SIP_TELEFONE (CD_TELEFONE, NR_MATRICULA, DS_TELEFONE) 
VALUES (68, 135, '(11) 99012-3456');
INSERT INTO T_SIP_TELEFONE (CD_TELEFONE, NR_MATRICULA, DS_TELEFONE) 
VALUES (69, 135, '(11) 90123-4567');


--projetos 

-- Projetos com data de término
INSERT INTO T_SIP_PROJETO (CD_PROJETO, NM_PROJETO, DT_INICIO, DT_TERMINO) 
VALUES (1, 'IMPLANTAÇÃO INFRAESTRUTURA CLOUD AZURE', TO_DATE('01/01/2023', 'DD/MM/YYYY'), TO_DATE('31/12/2023', 'DD/MM/YYYY'));

INSERT INTO T_SIP_PROJETO (CD_PROJETO, NM_PROJETO, DT_INICIO, DT_TERMINO) 
VALUES (2, 'APP MOBILE SAKSPILDAP', TO_DATE('15/02/2023', 'DD/MM/YYYY'), TO_DATE('15/08/2023', 'DD/MM/YYYY'));

-- Projetos sem data de término
INSERT INTO T_SIP_PROJETO (CD_PROJETO, NM_PROJETO, DT_INICIO, DT_TERMINO) 
VALUES (3, 'PORTAL SAKSPILDAP', TO_DATE('01/03/2023', 'DD/MM/YYYY'), NULL);

INSERT INTO T_SIP_PROJETO (CD_PROJETO, NM_PROJETO, DT_INICIO, DT_TERMINO) 
VALUES (4, 'BANCO DE DADOS SQLSERVER NO AZURE', TO_DATE('10/04/2023', 'DD/MM/YYYY'), NULL);

INSERT INTO T_SIP_PROJETO (CD_PROJETO, NM_PROJETO, DT_INICIO, DT_TERMINO) 
VALUES (5, 'ATUALIZAÇÃO DO SISTEMA DE CLIENTES', TO_DATE('20/05/2023', 'DD/MM/YYYY'), NULL);


--Projeto 1: IMPLANTAÇÃO INFRAESTRUTURA CLOUD AZURE
--Data de Início: 01/01/2023
--Data de Término: 31/12/2023

-- Funcionário 101
INSERT INTO T_SIP_IMPLANTACAO (CD_PROJETO, CD_IMPLANTACAO, NR_MATRICULA, DT_ENTRADA, DT_SAIDA) 
VALUES (1, 1, 101, TO_DATE('01/01/2023', 'DD/MM/YYYY'), TO_DATE('31/12/2023', 'DD/MM/YYYY'));

-- Funcionário 102
INSERT INTO T_SIP_IMPLANTACAO (CD_PROJETO, CD_IMPLANTACAO, NR_MATRICULA, DT_ENTRADA, DT_SAIDA) 
VALUES (1, 2, 102, TO_DATE('01/01/2023', 'DD/MM/YYYY'), TO_DATE('31/12/2023', 'DD/MM/YYYY'));

-- Funcionário 103
INSERT INTO T_SIP_IMPLANTACAO (CD_PROJETO, CD_IMPLANTACAO, NR_MATRICULA, DT_ENTRADA, DT_SAIDA) 
VALUES (1, 3, 103, TO_DATE('01/01/2023', 'DD/MM/YYYY'), TO_DATE('31/12/2023', 'DD/MM/YYYY'));


--Projeto 2: APP MOBILE SAKSPILDAP
--Data de Início: 15/02/2023
--Data de Término: 15/08/2023

-- Funcionário 104
INSERT INTO T_SIP_IMPLANTACAO (CD_PROJETO, CD_IMPLANTACAO, NR_MATRICULA, DT_ENTRADA, DT_SAIDA) 
VALUES (2, 1, 104, TO_DATE('15/02/2023', 'DD/MM/YYYY'), TO_DATE('15/08/2023', 'DD/MM/YYYY'));

-- Funcionário 105
INSERT INTO T_SIP_IMPLANTACAO (CD_PROJETO, CD_IMPLANTACAO, NR_MATRICULA, DT_ENTRADA, DT_SAIDA) 
VALUES (2, 2, 105, TO_DATE('15/02/2023', 'DD/MM/YYYY'), TO_DATE('15/08/2023', 'DD/MM/YYYY'));

-- Funcionário 106
INSERT INTO T_SIP_IMPLANTACAO (CD_PROJETO, CD_IMPLANTACAO, NR_MATRICULA, DT_ENTRADA, DT_SAIDA) 
VALUES (2, 3, 106, TO_DATE('15/02/2023', 'DD/MM/YYYY'), TO_DATE('15/08/2023', 'DD/MM/YYYY'));


--Projeto 3: PORTAL SAKSPILDAP
--Data de Início: 01/03/2023
--Data de Término: NULL (Projeto em andamento)

-- Funcionário 107
INSERT INTO T_SIP_IMPLANTACAO (CD_PROJETO, CD_IMPLANTACAO, NR_MATRICULA, DT_ENTRADA, DT_SAIDA) 
VALUES (3, 1, 107, TO_DATE('01/03/2023', 'DD/MM/YYYY'), NULL);

-- Funcionário 108
INSERT INTO T_SIP_IMPLANTACAO (CD_PROJETO, CD_IMPLANTACAO, NR_MATRICULA, DT_ENTRADA, DT_SAIDA) 
VALUES (3, 2, 108, TO_DATE('01/03/2023', 'DD/MM/YYYY'), NULL);

-- Funcionário 109
INSERT INTO T_SIP_IMPLANTACAO (CD_PROJETO, CD_IMPLANTACAO, NR_MATRICULA, DT_ENTRADA, DT_SAIDA) 
VALUES (3, 3, 109, TO_DATE('01/03/2023', 'DD/MM/YYYY'), NULL);

--ESTADOS
INSERT INTO T_SIP_ESTADO (CD_ESTADO, NM_ESTADO, SG_ESTADO) VALUES (1, 'Acre', 'AC');
INSERT INTO T_SIP_ESTADO (CD_ESTADO, NM_ESTADO, SG_ESTADO) VALUES (2, 'Alagoas', 'AL');
INSERT INTO T_SIP_ESTADO (CD_ESTADO, NM_ESTADO, SG_ESTADO) VALUES (3, 'Amapá', 'AP');
INSERT INTO T_SIP_ESTADO (CD_ESTADO, NM_ESTADO, SG_ESTADO) VALUES (4, 'Amazonas', 'AM');
INSERT INTO T_SIP_ESTADO (CD_ESTADO, NM_ESTADO, SG_ESTADO) VALUES (5, 'Bahia', 'BA');
INSERT INTO T_SIP_ESTADO (CD_ESTADO, NM_ESTADO, SG_ESTADO) VALUES (6, 'Ceará', 'CE');
INSERT INTO T_SIP_ESTADO (CD_ESTADO, NM_ESTADO, SG_ESTADO) VALUES (7, 'Distrito Federal', 'DF');
INSERT INTO T_SIP_ESTADO (CD_ESTADO, NM_ESTADO, SG_ESTADO) VALUES (8, 'Espírito Santo', 'ES');
INSERT INTO T_SIP_ESTADO (CD_ESTADO, NM_ESTADO, SG_ESTADO) VALUES (9, 'Goiás', 'GO');
INSERT INTO T_SIP_ESTADO (CD_ESTADO, NM_ESTADO, SG_ESTADO) VALUES (10, 'Maranhão', 'MA');
INSERT INTO T_SIP_ESTADO (CD_ESTADO, NM_ESTADO, SG_ESTADO) VALUES (11, 'Mato Grosso', 'MT');
INSERT INTO T_SIP_ESTADO (CD_ESTADO, NM_ESTADO, SG_ESTADO) VALUES (12, 'Mato Grosso do Sul', 'MS');
INSERT INTO T_SIP_ESTADO (CD_ESTADO, NM_ESTADO, SG_ESTADO) VALUES (13, 'Minas Gerais', 'MG');
INSERT INTO T_SIP_ESTADO (CD_ESTADO, NM_ESTADO, SG_ESTADO) VALUES (14, 'Pará', 'PA');
INSERT INTO T_SIP_ESTADO (CD_ESTADO, NM_ESTADO, SG_ESTADO) VALUES (15, 'Paraíba', 'PB');
INSERT INTO T_SIP_ESTADO (CD_ESTADO, NM_ESTADO, SG_ESTADO) VALUES (16, 'Paraná', 'PR');
INSERT INTO T_SIP_ESTADO (CD_ESTADO, NM_ESTADO, SG_ESTADO) VALUES (17, 'Pernambuco', 'PE');
INSERT INTO T_SIP_ESTADO (CD_ESTADO, NM_ESTADO, SG_ESTADO) VALUES (18, 'Piauí', 'PI');
INSERT INTO T_SIP_ESTADO (CD_ESTADO, NM_ESTADO, SG_ESTADO) VALUES (19, 'Rio de Janeiro', 'RJ');
INSERT INTO T_SIP_ESTADO (CD_ESTADO, NM_ESTADO, SG_ESTADO) VALUES (20, 'Rio Grande do Norte', 'RN');
INSERT INTO T_SIP_ESTADO (CD_ESTADO, NM_ESTADO, SG_ESTADO) VALUES (21, 'Rio Grande do Sul', 'RS');
INSERT INTO T_SIP_ESTADO (CD_ESTADO, NM_ESTADO, SG_ESTADO) VALUES (22, 'Rondônia', 'RO');
INSERT INTO T_SIP_ESTADO (CD_ESTADO, NM_ESTADO, SG_ESTADO) VALUES (23, 'Roraima', 'RR');
INSERT INTO T_SIP_ESTADO (CD_ESTADO, NM_ESTADO, SG_ESTADO) VALUES (24, 'Santa Catarina', 'SC');
INSERT INTO T_SIP_ESTADO (CD_ESTADO, NM_ESTADO, SG_ESTADO) VALUES (25, 'São Paulo', 'SP');
INSERT INTO T_SIP_ESTADO (CD_ESTADO, NM_ESTADO, SG_ESTADO) VALUES (26, 'Sergipe', 'SE');
INSERT INTO T_SIP_ESTADO (CD_ESTADO, NM_ESTADO, SG_ESTADO) VALUES (27, 'Tocantins', 'TO');


-- Cidades do Acre
INSERT INTO T_SIP_CIDADE (CD_CIDADE, CD_ESTADO, NM_CIDADE) VALUES (1, 1, 'Rio Branco');
INSERT INTO T_SIP_CIDADE (CD_CIDADE, CD_ESTADO, NM_CIDADE) VALUES (2, 1, 'Cruzeiro do Sul');
INSERT INTO T_SIP_CIDADE (CD_CIDADE, CD_ESTADO, NM_CIDADE) VALUES (3, 1, 'Sena Madureira');
INSERT INTO T_SIP_CIDADE (CD_CIDADE, CD_ESTADO, NM_CIDADE) VALUES (4, 1, 'Tarauacá');
INSERT INTO T_SIP_CIDADE (CD_CIDADE, CD_ESTADO, NM_CIDADE) VALUES (5, 1, 'Feijó');
INSERT INTO T_SIP_CIDADE (CD_CIDADE, CD_ESTADO, NM_CIDADE) VALUES (6, 1, 'Brasiléia');
INSERT INTO T_SIP_CIDADE (CD_CIDADE, CD_ESTADO, NM_CIDADE) VALUES (7, 1, 'Xapuri');
INSERT INTO T_SIP_CIDADE (CD_CIDADE, CD_ESTADO, NM_CIDADE) VALUES (8, 1, 'Plácido de Castro');
INSERT INTO T_SIP_CIDADE (CD_CIDADE, CD_ESTADO, NM_CIDADE) VALUES (9, 1, 'Senador Guiomard');
INSERT INTO T_SIP_CIDADE (CD_CIDADE, CD_ESTADO, NM_CIDADE) VALUES (10, 1, 'Acrelândia');

-- Cidades de Alagoas
INSERT INTO T_SIP_CIDADE (CD_CIDADE, CD_ESTADO, NM_CIDADE) VALUES (11, 2, 'Maceió');
INSERT INTO T_SIP_CIDADE (CD_CIDADE, CD_ESTADO, NM_CIDADE) VALUES (12, 2, 'Arapiraca');
INSERT INTO T_SIP_CIDADE (CD_CIDADE, CD_ESTADO, NM_CIDADE) VALUES (13, 2, 'Palmeira dos Índios');
INSERT INTO T_SIP_CIDADE (CD_CIDADE, CD_ESTADO, NM_CIDADE) VALUES (14, 2, 'Rio Largo');
INSERT INTO T_SIP_CIDADE (CD_CIDADE, CD_ESTADO, NM_CIDADE) VALUES (15, 2, 'Penedo');
INSERT INTO T_SIP_CIDADE (CD_CIDADE, CD_ESTADO, NM_CIDADE) VALUES (16, 2, 'União dos Palmares');
INSERT INTO T_SIP_CIDADE (CD_CIDADE, CD_ESTADO, NM_CIDADE) VALUES (17, 2, 'São Miguel dos Campos');
INSERT INTO T_SIP_CIDADE (CD_CIDADE, CD_ESTADO, NM_CIDADE) VALUES (18, 2, 'Campo Alegre');
INSERT INTO T_SIP_CIDADE (CD_CIDADE, CD_ESTADO, NM_CIDADE) VALUES (19, 2, 'Delmiro Gouveia');
INSERT INTO T_SIP_CIDADE (CD_CIDADE, CD_ESTADO, NM_CIDADE) VALUES (20, 2, 'Coruripe');

-- Cidades do Amapá
INSERT INTO T_SIP_CIDADE (CD_CIDADE, CD_ESTADO, NM_CIDADE) VALUES (21, 3, 'Macapá');
INSERT INTO T_SIP_CIDADE (CD_CIDADE, CD_ESTADO, NM_CIDADE) VALUES (22, 3, 'Santana');
INSERT INTO T_SIP_CIDADE (CD_CIDADE, CD_ESTADO, NM_CIDADE) VALUES (23, 3, 'Laranjal do Jari');
INSERT INTO T_SIP_CIDADE (CD_CIDADE, CD_ESTADO, NM_CIDADE) VALUES (24, 3, 'Oiapoque');
INSERT INTO T_SIP_CIDADE (CD_CIDADE, CD_ESTADO, NM_CIDADE) VALUES (25, 3, 'Porto Grande');
INSERT INTO T_SIP_CIDADE (CD_CIDADE, CD_ESTADO, NM_CIDADE) VALUES (26, 3, 'Mazagão');
INSERT INTO T_SIP_CIDADE (CD_CIDADE, CD_ESTADO, NM_CIDADE) VALUES (27, 3, 'Vitória do Jari');
INSERT INTO T_SIP_CIDADE (CD_CIDADE, CD_ESTADO, NM_CIDADE) VALUES (28, 3, 'Pedra Branca do Amapari');
INSERT INTO T_SIP_CIDADE (CD_CIDADE, CD_ESTADO, NM_CIDADE) VALUES (29, 3, 'Calçoene');
INSERT INTO T_SIP_CIDADE (CD_CIDADE, CD_ESTADO, NM_CIDADE) VALUES (30, 3, 'Amapá');

-- Cidades do Amazonas
INSERT INTO T_SIP_CIDADE (CD_CIDADE, CD_ESTADO, NM_CIDADE) VALUES (31, 4, 'Manaus');
INSERT INTO T_SIP_CIDADE (CD_CIDADE, CD_ESTADO, NM_CIDADE) VALUES (32, 4, 'Parintins');
INSERT INTO T_SIP_CIDADE (CD_CIDADE, CD_ESTADO, NM_CIDADE) VALUES (33, 4, 'Itacoatiara');
INSERT INTO T_SIP_CIDADE (CD_CIDADE, CD_ESTADO, NM_CIDADE) VALUES (34, 4, 'Manacapuru');
INSERT INTO T_SIP_CIDADE (CD_CIDADE, CD_ESTADO, NM_CIDADE) VALUES (35, 4, 'Coari');
INSERT INTO T_SIP_CIDADE (CD_CIDADE, CD_ESTADO, NM_CIDADE) VALUES (36, 4, 'Tefé');
INSERT INTO T_SIP_CIDADE (CD_CIDADE, CD_ESTADO, NM_CIDADE) VALUES (37, 4, 'Tabatinga');
INSERT INTO T_SIP_CIDADE (CD_CIDADE, CD_ESTADO, NM_CIDADE) VALUES (38, 4, 'Maués');
INSERT INTO T_SIP_CIDADE (CD_CIDADE, CD_ESTADO, NM_CIDADE) VALUES (39, 4, 'Humaitá');
INSERT INTO T_SIP_CIDADE (CD_CIDADE, CD_ESTADO, NM_CIDADE) VALUES (40, 4, 'São Gabriel da Cachoeira');

-- Cidades da Bahia
INSERT INTO T_SIP_CIDADE (CD_CIDADE, CD_ESTADO, NM_CIDADE) VALUES (41, 5, 'Salvador');
INSERT INTO T_SIP_CIDADE (CD_CIDADE, CD_ESTADO, NM_CIDADE) VALUES (42, 5, 'Feira de Santana');
INSERT INTO T_SIP_CIDADE (CD_CIDADE, CD_ESTADO, NM_CIDADE) VALUES (43, 5, 'Vitória da Conquista');
INSERT INTO T_SIP_CIDADE (CD_CIDADE, CD_ESTADO, NM_CIDADE) VALUES (44, 5, 'Camaçari');
INSERT INTO T_SIP_CIDADE (CD_CIDADE, CD_ESTADO, NM_CIDADE) VALUES (45, 5, 'Itabuna');
INSERT INTO T_SIP_CIDADE (CD_CIDADE, CD_ESTADO, NM_CIDADE) VALUES (46, 5, 'Juazeiro');
INSERT INTO T_SIP_CIDADE (CD_CIDADE, CD_ESTADO, NM_CIDADE) VALUES (47, 5, 'Lauro de Freitas');
INSERT INTO T_SIP_CIDADE (CD_CIDADE, CD_ESTADO, NM_CIDADE) VALUES (48, 5, 'Ilhéus');
INSERT INTO T_SIP_CIDADE (CD_CIDADE, CD_ESTADO, NM_CIDADE) VALUES (49, 5, 'Jequié');
INSERT INTO T_SIP_CIDADE (CD_CIDADE, CD_ESTADO, NM_CIDADE) VALUES (50, 5, 'Teixeira de Freitas');

-- Cidades do Ceará
INSERT INTO T_SIP_CIDADE (CD_CIDADE, CD_ESTADO, NM_CIDADE) VALUES (51, 6, 'Fortaleza');
INSERT INTO T_SIP_CIDADE (CD_CIDADE, CD_ESTADO, NM_CIDADE) VALUES (52, 6, 'Caucaia');
INSERT INTO T_SIP_CIDADE (CD_CIDADE, CD_ESTADO, NM_CIDADE) VALUES (53, 6, 'Juazeiro do Norte');
INSERT INTO T_SIP_CIDADE (CD_CIDADE, CD_ESTADO, NM_CIDADE) VALUES (54, 6, 'Maracanaú');
INSERT INTO T_SIP_CIDADE (CD_CIDADE, CD_ESTADO, NM_CIDADE) VALUES (55, 6, 'Sobral');
INSERT INTO T_SIP_CIDADE (CD_CIDADE, CD_ESTADO, NM_CIDADE) VALUES (56, 6, 'Crato');
INSERT INTO T_SIP_CIDADE (CD_CIDADE, CD_ESTADO, NM_CIDADE) VALUES (57, 6, 'Itapipoca');
INSERT INTO T_SIP_CIDADE (CD_CIDADE, CD_ESTADO, NM_CIDADE) VALUES (58, 6, 'Maranguape');
INSERT INTO T_SIP_CIDADE (CD_CIDADE, CD_ESTADO, NM_CIDADE) VALUES (59, 6, 'Iguatu');
INSERT INTO T_SIP_CIDADE (CD_CIDADE, CD_ESTADO, NM_CIDADE) VALUES (60, 6, 'Quixadá');

-- Cidades do Distrito Federal
INSERT INTO T_SIP_CIDADE (CD_CIDADE, CD_ESTADO, NM_CIDADE) VALUES (61, 7, 'Brasília');
INSERT INTO T_SIP_CIDADE (CD_CIDADE, CD_ESTADO, NM_CIDADE) VALUES (62, 7, 'Ceilândia');
INSERT INTO T_SIP_CIDADE (CD_CIDADE, CD_ESTADO, NM_CIDADE) VALUES (63, 7, 'Taguatinga');
INSERT INTO T_SIP_CIDADE (CD_CIDADE, CD_ESTADO, NM_CIDADE) VALUES (64, 7, 'Samambaia');
INSERT INTO T_SIP_CIDADE (CD_CIDADE, CD_ESTADO, NM_CIDADE) VALUES (65, 7, 'Planaltina');
INSERT INTO T_SIP_CIDADE (CD_CIDADE, CD_ESTADO, NM_CIDADE) VALUES (66, 7, 'Águas Claras');
INSERT INTO T_SIP_CIDADE (CD_CIDADE, CD_ESTADO, NM_CIDADE) VALUES (67, 7, 'Gama');
INSERT INTO T_SIP_CIDADE (CD_CIDADE, CD_ESTADO, NM_CIDADE) VALUES (68, 7, 'Santa Maria');
INSERT INTO T_SIP_CIDADE (CD_CIDADE, CD_ESTADO, NM_CIDADE) VALUES (69, 7, 'Recanto das Emas');
INSERT INTO T_SIP_CIDADE (CD_CIDADE, CD_ESTADO, NM_CIDADE) VALUES (70, 7, 'Sobradinho');

-- Cidades do Espírito Santo
INSERT INTO T_SIP_CIDADE (CD_CIDADE, CD_ESTADO, NM_CIDADE) VALUES (71, 8, 'Vitória');
INSERT INTO T_SIP_CIDADE (CD_CIDADE, CD_ESTADO, NM_CIDADE) VALUES (72, 8, 'Vila Velha');
INSERT INTO T_SIP_CIDADE (CD_CIDADE, CD_ESTADO, NM_CIDADE) VALUES (73, 8, 'Serra');
INSERT INTO T_SIP_CIDADE (CD_CIDADE, CD_ESTADO, NM_CIDADE) VALUES (74, 8, 'Cariacica');
INSERT INTO T_SIP_CIDADE (CD_CIDADE, CD_ESTADO, NM_CIDADE) VALUES (75, 8, 'Linhares');
INSERT INTO T_SIP_CIDADE (CD_CIDADE, CD_ESTADO, NM_CIDADE) VALUES (76, 8, 'São Mateus');
INSERT INTO T_SIP_CIDADE (CD_CIDADE, CD_ESTADO, NM_CIDADE) VALUES (77, 8, 'Aracruz');
INSERT INTO T_SIP_CIDADE (CD_CIDADE, CD_ESTADO, NM_CIDADE) VALUES (78, 8, 'Guarapari');
INSERT INTO T_SIP_CIDADE (CD_CIDADE, CD_ESTADO, NM_CIDADE) VALUES (79, 8, 'Colatina');
INSERT INTO T_SIP_CIDADE (CD_CIDADE, CD_ESTADO, NM_CIDADE) VALUES (80, 8, 'Cachoeiro de Itapemirim');

-- Cidades de Goiás
INSERT INTO T_SIP_CIDADE (CD_CIDADE, CD_ESTADO, NM_CIDADE) VALUES (81, 9, 'Goiânia');
INSERT INTO T_SIP_CIDADE (CD_CIDADE, CD_ESTADO, NM_CIDADE) VALUES (82, 9, 'Aparecida de Goiânia');
INSERT INTO T_SIP_CIDADE (CD_CIDADE, CD_ESTADO, NM_CIDADE) VALUES (83, 9, 'Anápolis');
INSERT INTO T_SIP_CIDADE (CD_CIDADE, CD_ESTADO, NM_CIDADE) VALUES (84, 9, 'Rio Verde');
INSERT INTO T_SIP_CIDADE (CD_CIDADE, CD_ESTADO, NM_CIDADE) VALUES (85, 9, 'Luziânia');
INSERT INTO T_SIP_CIDADE (CD_CIDADE, CD_ESTADO, NM_CIDADE) VALUES (86, 9, 'Águas Lindas de Goiás');
INSERT INTO T_SIP_CIDADE (CD_CIDADE, CD_ESTADO, NM_CIDADE) VALUES (87, 9, 'Valparaíso de Goiás');
INSERT INTO T_SIP_CIDADE (CD_CIDADE, CD_ESTADO, NM_CIDADE) VALUES (88, 9, 'Trindade');
INSERT INTO T_SIP_CIDADE (CD_CIDADE, CD_ESTADO, NM_CIDADE) VALUES (89, 9, 'Formosa');
INSERT INTO T_SIP_CIDADE (CD_CIDADE, CD_ESTADO, NM_CIDADE) VALUES (90, 9, 'Novo Gama');

-- Cidades do Maranhão
INSERT INTO T_SIP_CIDADE (CD_CIDADE, CD_ESTADO, NM_CIDADE) VALUES (91, 10, 'São Luís');
INSERT INTO T_SIP_CIDADE (CD_CIDADE, CD_ESTADO, NM_CIDADE) VALUES (92, 10, 'Imperatriz');
INSERT INTO T_SIP_CIDADE (CD_CIDADE, CD_ESTADO, NM_CIDADE) VALUES (93, 10, 'Timon');
INSERT INTO T_SIP_CIDADE (CD_CIDADE, CD_ESTADO, NM_CIDADE) VALUES (94, 10, 'Caxias');
INSERT INTO T_SIP_CIDADE (CD_CIDADE, CD_ESTADO, NM_CIDADE) VALUES (95, 10, 'Codó');
INSERT INTO T_SIP_CIDADE (CD_CIDADE, CD_ESTADO, NM_CIDADE) VALUES (96, 10, 'Paço do Lumiar');
INSERT INTO T_SIP_CIDADE (CD_CIDADE, CD_ESTADO, NM_CIDADE) VALUES (97, 10, 'Açailândia');
INSERT INTO T_SIP_CIDADE (CD_CIDADE, CD_ESTADO, NM_CIDADE) VALUES (98, 10, 'Bacabal');
INSERT INTO T_SIP_CIDADE (CD_CIDADE, CD_ESTADO, NM_CIDADE) VALUES (99, 10, 'Balsas');
INSERT INTO T_SIP_CIDADE (CD_CIDADE, CD_ESTADO, NM_CIDADE) VALUES (100, 10, 'Santa Inês');

-- Cidades do Mato Grosso
INSERT INTO T_SIP_CIDADE (CD_CIDADE, CD_ESTADO, NM_CIDADE) VALUES (101, 11, 'Cuiabá');
INSERT INTO T_SIP_CIDADE (CD_CIDADE, CD_ESTADO, NM_CIDADE) VALUES (102, 11, 'Várzea Grande');
INSERT INTO T_SIP_CIDADE (CD_CIDADE, CD_ESTADO, NM_CIDADE) VALUES (103, 11, 'Rondonópolis');
INSERT INTO T_SIP_CIDADE (CD_CIDADE, CD_ESTADO, NM_CIDADE) VALUES (104, 11, 'Sinop');
INSERT INTO T_SIP_CIDADE (CD_CIDADE, CD_ESTADO, NM_CIDADE) VALUES (105, 11, 'Tangará da Serra');
INSERT INTO T_SIP_CIDADE (CD_CIDADE, CD_ESTADO, NM_CIDADE) VALUES (106, 11, 'Cáceres');
INSERT INTO T_SIP_CIDADE (CD_CIDADE, CD_ESTADO, NM_CIDADE) VALUES (107, 11, 'Sorriso');
INSERT INTO T_SIP_CIDADE (CD_CIDADE, CD_ESTADO, NM_CIDADE) VALUES (108, 11, 'Lucas do Rio Verde');
INSERT INTO T_SIP_CIDADE (CD_CIDADE, CD_ESTADO, NM_CIDADE) VALUES (109, 11, 'Barra do Garças');
INSERT INTO T_SIP_CIDADE (CD_CIDADE, CD_ESTADO, NM_CIDADE) VALUES (110, 11, 'Primavera do Leste');

-- Cidades do Mato Grosso do Sul
INSERT INTO T_SIP_CIDADE (CD_CIDADE, CD_ESTADO, NM_CIDADE) VALUES (111, 12, 'Campo Grande');
INSERT INTO T_SIP_CIDADE (CD_CIDADE, CD_ESTADO, NM_CIDADE) VALUES (112, 12, 'Dourados');
INSERT INTO T_SIP_CIDADE (CD_CIDADE, CD_ESTADO, NM_CIDADE) VALUES (113, 12, 'Três Lagoas');
INSERT INTO T_SIP_CIDADE (CD_CIDADE, CD_ESTADO, NM_CIDADE) VALUES (114, 12, 'Corumbá');
INSERT INTO T_SIP_CIDADE (CD_CIDADE, CD_ESTADO, NM_CIDADE) VALUES (115, 12, 'Ponta Porã');
INSERT INTO T_SIP_CIDADE (CD_CIDADE, CD_ESTADO, NM_CIDADE) VALUES (116, 12, 'Naviraí');
INSERT INTO T_SIP_CIDADE (CD_CIDADE, CD_ESTADO, NM_CIDADE) VALUES (117, 12, 'Nova Andradina');
INSERT INTO T_SIP_CIDADE (CD_CIDADE, CD_ESTADO, NM_CIDADE) VALUES (118, 12, 'Sidrolândia');
INSERT INTO T_SIP_CIDADE (CD_CIDADE, CD_ESTADO, NM_CIDADE) VALUES (119, 12, 'Maracaju');
INSERT INTO T_SIP_CIDADE (CD_CIDADE, CD_ESTADO, NM_CIDADE) VALUES (120, 12, 'Aquidauana');

-- Cidades de Minas Gerais
INSERT INTO T_SIP_CIDADE (CD_CIDADE, CD_ESTADO, NM_CIDADE) VALUES (121, 13, 'Belo Horizonte');
INSERT INTO T_SIP_CIDADE (CD_CIDADE, CD_ESTADO, NM_CIDADE) VALUES (122, 13, 'Uberlândia');
INSERT INTO T_SIP_CIDADE (CD_CIDADE, CD_ESTADO, NM_CIDADE) VALUES (123, 13, 'Contagem');
INSERT INTO T_SIP_CIDADE (CD_CIDADE, CD_ESTADO, NM_CIDADE) VALUES (124, 13, 'Juiz de Fora');
INSERT INTO T_SIP_CIDADE (CD_CIDADE, CD_ESTADO, NM_CIDADE) VALUES (125, 13, 'Betim');
INSERT INTO T_SIP_CIDADE (CD_CIDADE, CD_ESTADO, NM_CIDADE) VALUES (126, 13, 'Montes Claros');
INSERT INTO T_SIP_CIDADE (CD_CIDADE, CD_ESTADO, NM_CIDADE) VALUES (127, 13, 'Ribeirão das Neves');
INSERT INTO T_SIP_CIDADE (CD_CIDADE, CD_ESTADO, NM_CIDADE) VALUES (128, 13, 'Uberaba');
INSERT INTO T_SIP_CIDADE (CD_CIDADE, CD_ESTADO, NM_CIDADE) VALUES (129, 13, 'Governador Valadares');
INSERT INTO T_SIP_CIDADE (CD_CIDADE, CD_ESTADO, NM_CIDADE) VALUES (130, 13, 'Ipatinga');

-- Cidades do Pará
INSERT INTO T_SIP_CIDADE (CD_CIDADE, CD_ESTADO, NM_CIDADE) VALUES (131, 14, 'Belém');
INSERT INTO T_SIP_CIDADE (CD_CIDADE, CD_ESTADO, NM_CIDADE) VALUES (132, 14, 'Ananindeua');
INSERT INTO T_SIP_CIDADE (CD_CIDADE, CD_ESTADO, NM_CIDADE) VALUES (133, 14, 'Santarém');
INSERT INTO T_SIP_CIDADE (CD_CIDADE, CD_ESTADO, NM_CIDADE) VALUES (134, 14, 'Marabá');
INSERT INTO T_SIP_CIDADE (CD_CIDADE, CD_ESTADO, NM_CIDADE) VALUES (135, 14, 'Castanhal');
INSERT INTO T_SIP_CIDADE (CD_CIDADE, CD_ESTADO, NM_CIDADE) VALUES (136, 14, 'Parauapebas');
INSERT INTO T_SIP_CIDADE (CD_CIDADE, CD_ESTADO, NM_CIDADE) VALUES (137, 14, 'Abaetetuba');
INSERT INTO T_SIP_CIDADE (CD_CIDADE, CD_ESTADO, NM_CIDADE) VALUES (138, 14, 'Cametá');
INSERT INTO T_SIP_CIDADE (CD_CIDADE, CD_ESTADO, NM_CIDADE) VALUES (139, 14, 'Bragança');
INSERT INTO T_SIP_CIDADE (CD_CIDADE, CD_ESTADO, NM_CIDADE) VALUES (140, 14, 'Altamira');

-- Cidades da Paraíba
INSERT INTO T_SIP_CIDADE (CD_CIDADE, CD_ESTADO, NM_CIDADE) VALUES (141, 15, 'João Pessoa');
INSERT INTO T_SIP_CIDADE (CD_CIDADE, CD_ESTADO, NM_CIDADE) VALUES (142, 15, 'Campina Grande');
INSERT INTO T_SIP_CIDADE (CD_CIDADE, CD_ESTADO, NM_CIDADE) VALUES (143, 15, 'Santa Rita');
INSERT INTO T_SIP_CIDADE (CD_CIDADE, CD_ESTADO, NM_CIDADE) VALUES (144, 15, 'Patos');
INSERT INTO T_SIP_CIDADE (CD_CIDADE, CD_ESTADO, NM_CIDADE) VALUES (145, 15, 'Bayeux');
INSERT INTO T_SIP_CIDADE (CD_CIDADE, CD_ESTADO, NM_CIDADE) VALUES (146, 15, 'Sousa');
INSERT INTO T_SIP_CIDADE (CD_CIDADE, CD_ESTADO, NM_CIDADE) VALUES (147, 15, 'Cajazeiras');
INSERT INTO T_SIP_CIDADE (CD_CIDADE, CD_ESTADO, NM_CIDADE) VALUES (148, 15, 'Guarabira');
INSERT INTO T_SIP_CIDADE (CD_CIDADE, CD_ESTADO, NM_CIDADE) VALUES (149, 15, 'Sapé');
INSERT INTO T_SIP_CIDADE (CD_CIDADE, CD_ESTADO, NM_CIDADE) VALUES (150, 15, 'Mamanguape');

-- Cidades do Paraná
INSERT INTO T_SIP_CIDADE (CD_CIDADE, CD_ESTADO, NM_CIDADE) VALUES (151, 16, 'Curitiba');
INSERT INTO T_SIP_CIDADE (CD_CIDADE, CD_ESTADO, NM_CIDADE) VALUES (152, 16, 'Londrina');
INSERT INTO T_SIP_CIDADE (CD_CIDADE, CD_ESTADO, NM_CIDADE) VALUES (153, 16, 'Maringá');
INSERT INTO T_SIP_CIDADE (CD_CIDADE, CD_ESTADO, NM_CIDADE) VALUES (154, 16, 'Ponta Grossa');
INSERT INTO T_SIP_CIDADE (CD_CIDADE, CD_ESTADO, NM_CIDADE) VALUES (155, 16, 'Cascavel');
INSERT INTO T_SIP_CIDADE (CD_CIDADE, CD_ESTADO, NM_CIDADE) VALUES (156, 16, 'São José dos Pinhais');
INSERT INTO T_SIP_CIDADE (CD_CIDADE, CD_ESTADO, NM_CIDADE) VALUES (157, 16, 'Foz do Iguaçu');
INSERT INTO T_SIP_CIDADE (CD_CIDADE, CD_ESTADO, NM_CIDADE) VALUES (158, 16, 'Colombo');
INSERT INTO T_SIP_CIDADE (CD_CIDADE, CD_ESTADO, NM_CIDADE) VALUES (159, 16, 'Guarapuava');
INSERT INTO T_SIP_CIDADE (CD_CIDADE, CD_ESTADO, NM_CIDADE) VALUES (160, 16, 'Paranaguá');

-- Cidades de Pernambuco
INSERT INTO T_SIP_CIDADE (CD_CIDADE, CD_ESTADO, NM_CIDADE) VALUES (161, 17, 'Recife');
INSERT INTO T_SIP_CIDADE (CD_CIDADE, CD_ESTADO, NM_CIDADE) VALUES (162, 17, 'Jaboatão dos Guararapes');
INSERT INTO T_SIP_CIDADE (CD_CIDADE, CD_ESTADO, NM_CIDADE) VALUES (163, 17, 'Olinda');
INSERT INTO T_SIP_CIDADE (CD_CIDADE, CD_ESTADO, NM_CIDADE) VALUES (164, 17, 'Caruaru');
INSERT INTO T_SIP_CIDADE (CD_CIDADE, CD_ESTADO, NM_CIDADE) VALUES (165, 17, 'Petrolina');
INSERT INTO T_SIP_CIDADE (CD_CIDADE, CD_ESTADO, NM_CIDADE) VALUES (166, 17, 'Paulista');
INSERT INTO T_SIP_CIDADE (CD_CIDADE, CD_ESTADO, NM_CIDADE) VALUES (167, 17, 'Cabo de Santo Agostinho');
INSERT INTO T_SIP_CIDADE (CD_CIDADE, CD_ESTADO, NM_CIDADE) VALUES (168, 17, 'Camaragibe');
INSERT INTO T_SIP_CIDADE (CD_CIDADE, CD_ESTADO, NM_CIDADE) VALUES (169, 17, 'Garanhuns');
INSERT INTO T_SIP_CIDADE (CD_CIDADE, CD_ESTADO, NM_CIDADE) VALUES (170, 17, 'Vitória de Santo Antão');

-- Cidades do Piauí
INSERT INTO T_SIP_CIDADE (CD_CIDADE, CD_ESTADO, NM_CIDADE) VALUES (171, 18, 'Teresina');
INSERT INTO T_SIP_CIDADE (CD_CIDADE, CD_ESTADO, NM_CIDADE) VALUES (172, 18, 'Parnaíba');
INSERT INTO T_SIP_CIDADE (CD_CIDADE, CD_ESTADO, NM_CIDADE) VALUES (173, 18, 'Picos');
INSERT INTO T_SIP_CIDADE (CD_CIDADE, CD_ESTADO, NM_CIDADE) VALUES (174, 18, 'Piripiri');
INSERT INTO T_SIP_CIDADE (CD_CIDADE, CD_ESTADO, NM_CIDADE) VALUES (175, 18, 'Floriano');
INSERT INTO T_SIP_CIDADE (CD_CIDADE, CD_ESTADO, NM_CIDADE) VALUES (176, 18, 'Campo Maior');
INSERT INTO T_SIP_CIDADE (CD_CIDADE, CD_ESTADO, NM_CIDADE) VALUES (177, 18, 'Barras');
INSERT INTO T_SIP_CIDADE (CD_CIDADE, CD_ESTADO, NM_CIDADE) VALUES (178, 18, 'União');
INSERT INTO T_SIP_CIDADE (CD_CIDADE, CD_ESTADO, NM_CIDADE) VALUES (179, 18, 'Altos');
INSERT INTO T_SIP_CIDADE (CD_CIDADE, CD_ESTADO, NM_CIDADE) VALUES (180, 18, 'Esperantina');

-- Cidades do Rio de Janeiro
INSERT INTO T_SIP_CIDADE (CD_CIDADE, CD_ESTADO, NM_CIDADE) VALUES (181, 19, 'Rio de Janeiro');
INSERT INTO T_SIP_CIDADE (CD_CIDADE, CD_ESTADO, NM_CIDADE) VALUES (182, 19, 'São Gonçalo');
INSERT INTO T_SIP_CIDADE (CD_CIDADE, CD_ESTADO, NM_CIDADE) VALUES (183, 19, 'Duque de Caxias');
INSERT INTO T_SIP_CIDADE (CD_CIDADE, CD_ESTADO, NM_CIDADE) VALUES (184, 19, 'Nova Iguaçu');
INSERT INTO T_SIP_CIDADE (CD_CIDADE, CD_ESTADO, NM_CIDADE) VALUES (185, 19, 'Niterói');
INSERT INTO T_SIP_CIDADE (CD_CIDADE, CD_ESTADO, NM_CIDADE) VALUES (186, 19, 'Belford Roxo');
INSERT INTO T_SIP_CIDADE (CD_CIDADE, CD_ESTADO, NM_CIDADE) VALUES (187, 19, 'Campos dos Goytacazes');
INSERT INTO T_SIP_CIDADE (CD_CIDADE, CD_ESTADO, NM_CIDADE) VALUES (188, 19, 'São João de Meriti');
INSERT INTO T_SIP_CIDADE (CD_CIDADE, CD_ESTADO, NM_CIDADE) VALUES (189, 19, 'Petrópolis');
INSERT INTO T_SIP_CIDADE (CD_CIDADE, CD_ESTADO, NM_CIDADE) VALUES (190, 19, 'Volta Redonda');

-- Cidades do Rio Grande do Norte
INSERT INTO T_SIP_CIDADE (CD_CIDADE, CD_ESTADO, NM_CIDADE) VALUES (191, 20, 'Natal');
INSERT INTO T_SIP_CIDADE (CD_CIDADE, CD_ESTADO, NM_CIDADE) VALUES (192, 20, 'Mossoró');
INSERT INTO T_SIP_CIDADE (CD_CIDADE, CD_ESTADO, NM_CIDADE) VALUES (193, 20, 'Parnamirim');
INSERT INTO T_SIP_CIDADE (CD_CIDADE, CD_ESTADO, NM_CIDADE) VALUES (194, 20, 'São Gonçalo do Amarante');
INSERT INTO T_SIP_CIDADE (CD_CIDADE, CD_ESTADO, NM_CIDADE) VALUES (195, 20, 'Macaíba');
INSERT INTO T_SIP_CIDADE (CD_CIDADE, CD_ESTADO, NM_CIDADE) VALUES (196, 20, 'Ceará-Mirim');
INSERT INTO T_SIP_CIDADE (CD_CIDADE, CD_ESTADO, NM_CIDADE) VALUES (197, 20, 'Caicó');
INSERT INTO T_SIP_CIDADE (CD_CIDADE, CD_ESTADO, NM_CIDADE) VALUES (198, 20, 'Assu');
INSERT INTO T_SIP_CIDADE (CD_CIDADE, CD_ESTADO, NM_CIDADE) VALUES (199, 20, 'Currais Novos');
INSERT INTO T_SIP_CIDADE (CD_CIDADE, CD_ESTADO, NM_CIDADE) VALUES (200, 20, 'São José de Mipibu');

-- Cidades do Rio Grande do Sul
INSERT INTO T_SIP_CIDADE (CD_CIDADE, CD_ESTADO, NM_CIDADE) VALUES (201, 21, 'Porto Alegre');
INSERT INTO T_SIP_CIDADE (CD_CIDADE, CD_ESTADO, NM_CIDADE) VALUES (202, 21, 'Caxias do Sul');
INSERT INTO T_SIP_CIDADE (CD_CIDADE, CD_ESTADO, NM_CIDADE) VALUES (203, 21, 'Pelotas');
INSERT INTO T_SIP_CIDADE (CD_CIDADE, CD_ESTADO, NM_CIDADE) VALUES (204, 21, 'Canoas');
INSERT INTO T_SIP_CIDADE (CD_CIDADE, CD_ESTADO, NM_CIDADE) VALUES (205, 21, 'Santa Maria');
INSERT INTO T_SIP_CIDADE (CD_CIDADE, CD_ESTADO, NM_CIDADE) VALUES (206, 21, 'Gravataí');
INSERT INTO T_SIP_CIDADE (CD_CIDADE, CD_ESTADO, NM_CIDADE) VALUES (207, 21, 'Viamão');
INSERT INTO T_SIP_CIDADE (CD_CIDADE, CD_ESTADO, NM_CIDADE) VALUES (208, 21, 'Novo Hamburgo');
INSERT INTO T_SIP_CIDADE (CD_CIDADE, CD_ESTADO, NM_CIDADE) VALUES (209, 21, 'São Leopoldo');
INSERT INTO T_SIP_CIDADE (CD_CIDADE, CD_ESTADO, NM_CIDADE) VALUES (210, 21, 'Rio Grande');

-- Cidades de Rondônia
INSERT INTO T_SIP_CIDADE (CD_CIDADE, CD_ESTADO, NM_CIDADE) VALUES (211, 22, 'Porto Velho');
INSERT INTO T_SIP_CIDADE (CD_CIDADE, CD_ESTADO, NM_CIDADE) VALUES (212, 22, 'Ji-Paraná');
INSERT INTO T_SIP_CIDADE (CD_CIDADE, CD_ESTADO, NM_CIDADE) VALUES (213, 22, 'Ariquemes');
INSERT INTO T_SIP_CIDADE (CD_CIDADE, CD_ESTADO, NM_CIDADE) VALUES (214, 22, 'Vilhena');
INSERT INTO T_SIP_CIDADE (CD_CIDADE, CD_ESTADO, NM_CIDADE) VALUES (215, 22, 'Cacoal');
INSERT INTO T_SIP_CIDADE (CD_CIDADE, CD_ESTADO, NM_CIDADE) VALUES (216, 22, 'Rolim de Moura');
INSERT INTO T_SIP_CIDADE (CD_CIDADE, CD_ESTADO, NM_CIDADE) VALUES (217, 22, 'Jaru');
INSERT INTO T_SIP_CIDADE (CD_CIDADE, CD_ESTADO, NM_CIDADE) VALUES (218, 22, 'Guajará-Mirim');
INSERT INTO T_SIP_CIDADE (CD_CIDADE, CD_ESTADO, NM_CIDADE) VALUES (219, 22, 'Machadinho d\Oeste');
INSERT INTO T_SIP_CIDADE (CD_CIDADE, CD_ESTADO, NM_CIDADE) VALUES (220, 22, 'Buritis');

-- Cidades de Roraima
INSERT INTO T_SIP_CIDADE (CD_CIDADE, CD_ESTADO, NM_CIDADE) VALUES (221, 23, 'Boa Vista');
INSERT INTO T_SIP_CIDADE (CD_CIDADE, CD_ESTADO, NM_CIDADE) VALUES (222, 23, 'Rorainópolis');
INSERT INTO T_SIP_CIDADE (CD_CIDADE, CD_ESTADO, NM_CIDADE) VALUES (223, 23, 'Caracaraí');
INSERT INTO T_SIP_CIDADE (CD_CIDADE, CD_ESTADO, NM_CIDADE) VALUES (224, 23, 'Mucajaí');
INSERT INTO T_SIP_CIDADE (CD_CIDADE, CD_ESTADO, NM_CIDADE) VALUES (225, 23, 'Alto Alegre');
INSERT INTO T_SIP_CIDADE (CD_CIDADE, CD_ESTADO, NM_CIDADE) VALUES (226, 23, 'Cantá');
INSERT INTO T_SIP_CIDADE (CD_CIDADE, CD_ESTADO, NM_CIDADE) VALUES (227, 23, 'Pacaraima');
INSERT INTO T_SIP_CIDADE (CD_CIDADE, CD_ESTADO, NM_CIDADE) VALUES (228, 23, 'Bonfim');
INSERT INTO T_SIP_CIDADE (CD_CIDADE, CD_ESTADO, NM_CIDADE) VALUES (229, 23, 'Normandia');
INSERT INTO T_SIP_CIDADE (CD_CIDADE, CD_ESTADO, NM_CIDADE) VALUES (230, 23, 'São João da Baliza');

-- Cidades de Santa Catarina
INSERT INTO T_SIP_CIDADE (CD_CIDADE, CD_ESTADO, NM_CIDADE) VALUES (231, 24, 'Florianópolis');
INSERT INTO T_SIP_CIDADE (CD_CIDADE, CD_ESTADO, NM_CIDADE) VALUES (232, 24, 'Joinville');
INSERT INTO T_SIP_CIDADE (CD_CIDADE, CD_ESTADO, NM_CIDADE) VALUES (233, 24, 'Blumenau');
INSERT INTO T_SIP_CIDADE (CD_CIDADE, CD_ESTADO, NM_CIDADE) VALUES (234, 24, 'São José');
INSERT INTO T_SIP_CIDADE (CD_CIDADE, CD_ESTADO, NM_CIDADE) VALUES (235, 24, 'Chapecó');
INSERT INTO T_SIP_CIDADE (CD_CIDADE, CD_ESTADO, NM_CIDADE) VALUES (236, 24, 'Itajaí');
INSERT INTO T_SIP_CIDADE (CD_CIDADE, CD_ESTADO, NM_CIDADE) VALUES (237, 24, 'Criciúma');
INSERT INTO T_SIP_CIDADE (CD_CIDADE, CD_ESTADO, NM_CIDADE) VALUES (238, 24, 'Jaraguá do Sul');
INSERT INTO T_SIP_CIDADE (CD_CIDADE, CD_ESTADO, NM_CIDADE) VALUES (239, 24, 'Lages');
INSERT INTO T_SIP_CIDADE (CD_CIDADE, CD_ESTADO, NM_CIDADE) VALUES (240, 24, 'Palhoça');

-- Cidades de São Paulo
INSERT INTO T_SIP_CIDADE (CD_CIDADE, CD_ESTADO, NM_CIDADE) VALUES (241, 25, 'São Paulo');
INSERT INTO T_SIP_CIDADE (CD_CIDADE, CD_ESTADO, NM_CIDADE) VALUES (242, 25, 'Guarulhos');
INSERT INTO T_SIP_CIDADE (CD_CIDADE, CD_ESTADO, NM_CIDADE) VALUES (243, 25, 'Campinas');
INSERT INTO T_SIP_CIDADE (CD_CIDADE, CD_ESTADO, NM_CIDADE) VALUES (244, 25, 'São Bernardo do Campo');
INSERT INTO T_SIP_CIDADE (CD_CIDADE, CD_ESTADO, NM_CIDADE) VALUES (245, 25, 'Santo André');
INSERT INTO T_SIP_CIDADE (CD_CIDADE, CD_ESTADO, NM_CIDADE) VALUES (246, 25, 'Osasco');
INSERT INTO T_SIP_CIDADE (CD_CIDADE, CD_ESTADO, NM_CIDADE) VALUES (247, 25, 'São José dos Campos');
INSERT INTO T_SIP_CIDADE (CD_CIDADE, CD_ESTADO, NM_CIDADE) VALUES (248, 25, 'Ribeirão Preto');
INSERT INTO T_SIP_CIDADE (CD_CIDADE, CD_ESTADO, NM_CIDADE) VALUES (249, 25, 'Sorocaba');
INSERT INTO T_SIP_CIDADE (CD_CIDADE, CD_ESTADO, NM_CIDADE) VALUES (250, 25, 'Mauá');

-- Cidades de Sergipe
INSERT INTO T_SIP_CIDADE (CD_CIDADE, CD_ESTADO, NM_CIDADE) VALUES (251, 26, 'Aracaju');
INSERT INTO T_SIP_CIDADE (CD_CIDADE, CD_ESTADO, NM_CIDADE) VALUES (252, 26, 'Nossa Senhora do Socorro');
INSERT INTO T_SIP_CIDADE (CD_CIDADE, CD_ESTADO, NM_CIDADE) VALUES (253, 26, 'Lagarto');
INSERT INTO T_SIP_CIDADE (CD_CIDADE, CD_ESTADO, NM_CIDADE) VALUES (254, 26, 'Itabaiana');
INSERT INTO T_SIP_CIDADE (CD_CIDADE, CD_ESTADO, NM_CIDADE) VALUES (255, 26, 'Estância');
INSERT INTO T_SIP_CIDADE (CD_CIDADE, CD_ESTADO, NM_CIDADE) VALUES (256, 26, 'Tobias Barreto');
INSERT INTO T_SIP_CIDADE (CD_CIDADE, CD_ESTADO, NM_CIDADE) VALUES (257, 26, 'Simão Dias');
INSERT INTO T_SIP_CIDADE (CD_CIDADE, CD_ESTADO, NM_CIDADE) VALUES (258, 26, 'Nossa Senhora da Glória');
INSERT INTO T_SIP_CIDADE (CD_CIDADE, CD_ESTADO, NM_CIDADE) VALUES (259, 26, 'Propriá');
INSERT INTO T_SIP_CIDADE (CD_CIDADE, CD_ESTADO, NM_CIDADE) VALUES (260, 26, 'Itabaianinha');

-- Cidades de Tocantins
INSERT INTO T_SIP_CIDADE (CD_CIDADE, CD_ESTADO, NM_CIDADE) VALUES (261, 27, 'Palmas');
INSERT INTO T_SIP_CIDADE (CD_CIDADE, CD_ESTADO, NM_CIDADE) VALUES (262, 27, 'Araguaína');
INSERT INTO T_SIP_CIDADE (CD_CIDADE, CD_ESTADO, NM_CIDADE) VALUES (263, 27, 'Gurupi');
INSERT INTO T_SIP_CIDADE (CD_CIDADE, CD_ESTADO, NM_CIDADE) VALUES (264, 27, 'Porto Nacional');
INSERT INTO T_SIP_CIDADE (CD_CIDADE, CD_ESTADO, NM_CIDADE) VALUES (265, 27, 'Paraíso do Tocantins');
INSERT INTO T_SIP_CIDADE (CD_CIDADE, CD_ESTADO, NM_CIDADE) VALUES (266, 27, 'Colinas do Tocantins');
INSERT INTO T_SIP_CIDADE (CD_CIDADE, CD_ESTADO, NM_CIDADE) VALUES (267, 27, 'Tocantinópolis');
INSERT INTO T_SIP_CIDADE (CD_CIDADE, CD_ESTADO, NM_CIDADE) VALUES (268, 27, 'Guaraí');
INSERT INTO T_SIP_CIDADE (CD_CIDADE, CD_ESTADO, NM_CIDADE) VALUES (269, 27, 'Miracema do Tocantins');
INSERT INTO T_SIP_CIDADE (CD_CIDADE, CD_ESTADO, NM_CIDADE) VALUES (270, 27, 'Dianópolis');


--BAIRROS

-- Bairros de Rio Branco
INSERT INTO T_SIP_BAIRRO (CD_BAIRRO, CD_CIDADE, NM_BAIRRO) VALUES (1, 1, 'Centro');
INSERT INTO T_SIP_BAIRRO (CD_BAIRRO, CD_CIDADE, NM_BAIRRO) VALUES (2, 1, 'Bosque');
INSERT INTO T_SIP_BAIRRO (CD_BAIRRO, CD_CIDADE, NM_BAIRRO) VALUES (3, 1, 'Estação Experimental');

-- Bairros de Cruzeiro do Sul
INSERT INTO T_SIP_BAIRRO (CD_BAIRRO, CD_CIDADE, NM_BAIRRO) VALUES (4, 2, 'Centro');
INSERT INTO T_SIP_BAIRRO (CD_BAIRRO, CD_CIDADE, NM_BAIRRO) VALUES (5, 2, 'Aeroporto Velho');
INSERT INTO T_SIP_BAIRRO (CD_BAIRRO, CD_CIDADE, NM_BAIRRO) VALUES (6, 2, 'Miritizal');

-- Bairros de Sena Madureira
INSERT INTO T_SIP_BAIRRO (CD_BAIRRO, CD_CIDADE, NM_BAIRRO) VALUES (7, 3, 'Centro');
INSERT INTO T_SIP_BAIRRO (CD_BAIRRO, CD_CIDADE, NM_BAIRRO) VALUES (8, 3, 'Segundo Distrito');
INSERT INTO T_SIP_BAIRRO (CD_BAIRRO, CD_CIDADE, NM_BAIRRO) VALUES (9, 3, 'Florentino');

-- Bairros de Tarauacá
INSERT INTO T_SIP_BAIRRO (CD_BAIRRO, CD_CIDADE, NM_BAIRRO) VALUES (10, 4, 'Centro');
INSERT INTO T_SIP_BAIRRO (CD_BAIRRO, CD_CIDADE, NM_BAIRRO) VALUES (11, 4, 'Triângulo');
INSERT INTO T_SIP_BAIRRO (CD_BAIRRO, CD_CIDADE, NM_BAIRRO) VALUES (12, 4, 'Cohab');

-- Bairros de Feijó
INSERT INTO T_SIP_BAIRRO (CD_BAIRRO, CD_CIDADE, NM_BAIRRO) VALUES (13, 5, 'Centro');
INSERT INTO T_SIP_BAIRRO (CD_BAIRRO, CD_CIDADE, NM_BAIRRO) VALUES (14, 5, 'Esperança');
INSERT INTO T_SIP_BAIRRO (CD_BAIRRO, CD_CIDADE, NM_BAIRRO) VALUES (15, 5, 'Zenaide Paiva');

-- Bairros de Brasiléia
INSERT INTO T_SIP_BAIRRO (CD_BAIRRO, CD_CIDADE, NM_BAIRRO) VALUES (16, 6, 'Centro');
INSERT INTO T_SIP_BAIRRO (CD_BAIRRO, CD_CIDADE, NM_BAIRRO) VALUES (17, 6, 'Eldorado');
INSERT INTO T_SIP_BAIRRO (CD_BAIRRO, CD_CIDADE, NM_BAIRRO) VALUES (18, 6, 'Leonardo Barbosa');

-- Bairros de Xapuri
INSERT INTO T_SIP_BAIRRO (CD_BAIRRO, CD_CIDADE, NM_BAIRRO) VALUES (19, 7, 'Centro');
INSERT INTO T_SIP_BAIRRO (CD_BAIRRO, CD_CIDADE, NM_BAIRRO) VALUES (20, 7, 'Bela Vista');
INSERT INTO T_SIP_BAIRRO (CD_BAIRRO, CD_CIDADE, NM_BAIRRO) VALUES (21, 7, 'Laranjal');

-- Bairros de Plácido de Castro
INSERT INTO T_SIP_BAIRRO (CD_BAIRRO, CD_CIDADE, NM_BAIRRO) VALUES (22, 8, 'Centro');
INSERT INTO T_SIP_BAIRRO (CD_BAIRRO, CD_CIDADE, NM_BAIRRO) VALUES (23, 8, 'Cidade Nova');
INSERT INTO T_SIP_BAIRRO (CD_BAIRRO, CD_CIDADE, NM_BAIRRO) VALUES (24, 8, 'Olaria');

-- Bairros de Senador Guiomard
INSERT INTO T_SIP_BAIRRO (CD_BAIRRO, CD_CIDADE, NM_BAIRRO) VALUES (25, 9, 'Centro');
INSERT INTO T_SIP_BAIRRO (CD_BAIRRO, CD_CIDADE, NM_BAIRRO) VALUES (26, 9, 'Triângulo');
INSERT INTO T_SIP_BAIRRO (CD_BAIRRO, CD_CIDADE, NM_BAIRRO) VALUES (27, 9, 'Primavera');

-- Bairros de Acrelândia
INSERT INTO T_SIP_BAIRRO (CD_BAIRRO, CD_CIDADE, NM_BAIRRO) VALUES (28, 10, 'Centro');
INSERT INTO T_SIP_BAIRRO (CD_BAIRRO, CD_CIDADE, NM_BAIRRO) VALUES (29, 10, 'Porto Acre');
INSERT INTO T_SIP_BAIRRO (CD_BAIRRO, CD_CIDADE, NM_BAIRRO) VALUES (30, 10, 'Novo Horizonte');

-- Bairros de Maceió
INSERT INTO T_SIP_BAIRRO (CD_BAIRRO, CD_CIDADE, NM_BAIRRO) VALUES (31, 11, 'Centro');
INSERT INTO T_SIP_BAIRRO (CD_BAIRRO, CD_CIDADE, NM_BAIRRO) VALUES (32, 11, 'Ponta Verde');
INSERT INTO T_SIP_BAIRRO (CD_BAIRRO, CD_CIDADE, NM_BAIRRO) VALUES (33, 11, 'Jatiúca');

-- Bairros de Arapiraca
INSERT INTO T_SIP_BAIRRO (CD_BAIRRO, CD_CIDADE, NM_BAIRRO) VALUES (34, 12, 'Centro');
INSERT INTO T_SIP_BAIRRO (CD_BAIRRO, CD_CIDADE, NM_BAIRRO) VALUES (35, 12, 'Cavaco');
INSERT INTO T_SIP_BAIRRO (CD_BAIRRO, CD_CIDADE, NM_BAIRRO) VALUES (36, 12, 'Brasília');

-- Bairros de Palmeira dos Índios
INSERT INTO T_SIP_BAIRRO (CD_BAIRRO, CD_CIDADE, NM_BAIRRO) VALUES (37, 13, 'Centro');
INSERT INTO T_SIP_BAIRRO (CD_BAIRRO, CD_CIDADE, NM_BAIRRO) VALUES (38, 13, 'São Cristóvão');
INSERT INTO T_SIP_BAIRRO (CD_BAIRRO, CD_CIDADE, NM_BAIRRO) VALUES (39, 13, 'Vila Maria');

-- Bairros de Rio Largo
INSERT INTO T_SIP_BAIRRO (CD_BAIRRO, CD_CIDADE, NM_BAIRRO) VALUES (40, 14, 'Centro');
INSERT INTO T_SIP_BAIRRO (CD_BAIRRO, CD_CIDADE, NM_BAIRRO) VALUES (41, 14, 'Tabuleiro do Pinto');
INSERT INTO T_SIP_BAIRRO (CD_BAIRRO, CD_CIDADE, NM_BAIRRO) VALUES (42, 14, 'Mutirão');

-- Bairros de Penedo
INSERT INTO T_SIP_BAIRRO (CD_BAIRRO, CD_CIDADE, NM_BAIRRO) VALUES (43, 15, 'Centro');
INSERT INTO T_SIP_BAIRRO (CD_BAIRRO, CD_CIDADE, NM_BAIRRO) VALUES (44, 15, 'Santa Luzia');
INSERT INTO T_SIP_BAIRRO (CD_BAIRRO, CD_CIDADE, NM_BAIRRO) VALUES (45, 15, 'Dom Constantino');

-- Bairros de União dos Palmares
INSERT INTO T_SIP_BAIRRO (CD_BAIRRO, CD_CIDADE, NM_BAIRRO) VALUES (46, 16, 'Centro');
INSERT INTO T_SIP_BAIRRO (CD_BAIRRO, CD_CIDADE, NM_BAIRRO) VALUES (47, 16, 'Roberto Correia de Araújo');
INSERT INTO T_SIP_BAIRRO (CD_BAIRRO, CD_CIDADE, NM_BAIRRO) VALUES (48, 16, 'Nova Esperança');

-- Bairros de São Miguel dos Campos
INSERT INTO T_SIP_BAIRRO (CD_BAIRRO, CD_CIDADE, NM_BAIRRO) VALUES (49, 17, 'Centro');
INSERT INTO T_SIP_BAIRRO (CD_BAIRRO, CD_CIDADE, NM_BAIRRO) VALUES (50, 17, 'Hélio Jatobá');
INSERT INTO T_SIP_BAIRRO (CD_BAIRRO, CD_CIDADE, NM_BAIRRO) VALUES (51, 17, 'Cohab');

-- Bairros de Campo Alegre
INSERT INTO T_SIP_BAIRRO (CD_BAIRRO, CD_CIDADE, NM_BAIRRO) VALUES (52, 18, 'Centro');
INSERT INTO T_SIP_BAIRRO (CD_BAIRRO, CD_CIDADE, NM_BAIRRO) VALUES (53, 18, 'Boa Vista');
INSERT INTO T_SIP_BAIRRO (CD_BAIRRO, CD_CIDADE, NM_BAIRRO) VALUES (54, 18, 'Osman Loureiro');

-- Bairros de Delmiro Gouveia
INSERT INTO T_SIP_BAIRRO (CD_BAIRRO, CD_CIDADE, NM_BAIRRO) VALUES (55, 19, 'Centro');
INSERT INTO T_SIP_BAIRRO (CD_BAIRRO, CD_CIDADE, NM_BAIRRO) VALUES (56, 19, 'Eldorado');
INSERT INTO T_SIP_BAIRRO (CD_BAIRRO, CD_CIDADE, NM_BAIRRO) VALUES (57, 19, 'Novo');

-- Bairros de Coruripe
INSERT INTO T_SIP_BAIRRO (CD_BAIRRO, CD_CIDADE, NM_BAIRRO) VALUES (58, 20, 'Centro');
INSERT INTO T_SIP_BAIRRO (CD_BAIRRO, CD_CIDADE, NM_BAIRRO) VALUES (59, 20, 'Pontal');
INSERT INTO T_SIP_BAIRRO (CD_BAIRRO, CD_CIDADE, NM_BAIRRO) VALUES (60, 20, 'Barreiras');


--TIPO ENDEREÇO
INSERT INTO T_SIP_TIPO_ENDERECO (CD_TIPO_ENDERECO, NM_TIPO_ENDERECO) VALUES (1, 'RESIDENCIAL');
INSERT INTO T_SIP_TIPO_ENDERECO (CD_TIPO_ENDERECO, NM_TIPO_ENDERECO) VALUES (2, 'COMERCIAL');
INSERT INTO T_SIP_TIPO_ENDERECO (CD_TIPO_ENDERECO, NM_TIPO_ENDERECO) VALUES (3, 'VERANEIO');

--endereços funcionarios
-- Funcionário 101
INSERT INTO T_SIP_FUNCIONARIO_ENDERECO (CD_END_FUNC, NR_MATRICULA, CD_END_CORREIO, CD_TIPO_ENDERECO, DS_COMPLEMENTO, NR_LOGRADOURO, DS_PONTO_REFERENCIA) 
VALUES (1, 101, 1, 1, 'Apto 101', 100, 'Próximo ao metrô');
INSERT INTO T_SIP_FUNCIONARIO_ENDERECO (CD_END_FUNC, NR_MATRICULA, CD_END_CORREIO, CD_TIPO_ENDERECO, DS_COMPLEMENTO, NR_LOGRADOURO, DS_PONTO_REFERENCIA) 
VALUES (2, 101, 2, 2, 'Sala 202', 200, 'Em frente ao shopping');

-- Funcionário 102
INSERT INTO T_SIP_FUNCIONARIO_ENDERECO (CD_END_FUNC, NR_MATRICULA, CD_END_CORREIO, CD_TIPO_ENDERECO, DS_COMPLEMENTO, NR_LOGRADOURO, DS_PONTO_REFERENCIA) 
VALUES (3, 102, 3, 1, 'Casa', 300, 'Perto da padaria');
INSERT INTO T_SIP_FUNCIONARIO_ENDERECO (CD_END_FUNC, NR_MATRICULA, CD_END_CORREIO, CD_TIPO_ENDERECO, DS_COMPLEMENTO, NR_LOGRADOURO, DS_PONTO_REFERENCIA) 
VALUES (4, 102, 4, 3, 'Chácara', 400, 'Próximo ao lago');

-- Funcionário 103
INSERT INTO T_SIP_FUNCIONARIO_ENDERECO (CD_END_FUNC, NR_MATRICULA, CD_END_CORREIO, CD_TIPO_ENDERECO, DS_COMPLEMENTO, NR_LOGRADOURO, DS_PONTO_REFERENCIA) 
VALUES (5, 103, 5, 1, 'Apto 303', 500, 'Ao lado do parque');
INSERT INTO T_SIP_FUNCIONARIO_ENDERECO (CD_END_FUNC, NR_MATRICULA, CD_END_CORREIO, CD_TIPO_ENDERECO, DS_COMPLEMENTO, NR_LOGRADOURO, DS_PONTO_REFERENCIA) 
VALUES (6, 103, 6, 2, 'Escritório', 600, 'Próximo ao centro comercial');

-- Funcionário 104
INSERT INTO T_SIP_FUNCIONARIO_ENDERECO (CD_END_FUNC, NR_MATRICULA, CD_END_CORREIO, CD_TIPO_ENDERECO, DS_COMPLEMENTO, NR_LOGRADOURO, DS_PONTO_REFERENCIA) 
VALUES (7, 104, 7, 1, 'Casa', 700, 'Perto da escola');
INSERT INTO T_SIP_FUNCIONARIO_ENDERECO (CD_END_FUNC, NR_MATRICULA, CD_END_CORREIO, CD_TIPO_ENDERECO, DS_COMPLEMENTO, NR_LOGRADOURO, DS_PONTO_REFERENCIA) 
VALUES (8, 104, 8, 3, 'Sítio', 800, 'Próximo à cachoeira');

-- Funcionário 105
INSERT INTO T_SIP_FUNCIONARIO_ENDERECO (CD_END_FUNC, NR_MATRICULA, CD_END_CORREIO, CD_TIPO_ENDERECO, DS_COMPLEMENTO, NR_LOGRADOURO, DS_PONTO_REFERENCIA) 
VALUES (9, 105, 9, 1, 'Apto 505', 900, 'Ao lado do mercado');
INSERT INTO T_SIP_FUNCIONARIO_ENDERECO (CD_END_FUNC, NR_MATRICULA, CD_END_CORREIO, CD_TIPO_ENDERECO, DS_COMPLEMENTO, NR_LOGRADOURO, DS_PONTO_REFERENCIA) 
VALUES (10, 105, 10, 2, 'Consultório', 1000, 'Próximo ao hospital');

-- Funcionário 106
INSERT INTO T_SIP_FUNCIONARIO_ENDERECO (CD_END_FUNC, NR_MATRICULA, CD_END_CORREIO, CD_TIPO_ENDERECO, DS_COMPLEMENTO, NR_LOGRADOURO, DS_PONTO_REFERENCIA) 
VALUES (11, 106, 11, 1, 'Apto 606', 1100, 'Perto do parque');
INSERT INTO T_SIP_FUNCIONARIO_ENDERECO (CD_END_FUNC, NR_MATRICULA, CD_END_CORREIO, CD_TIPO_ENDERECO, DS_COMPLEMENTO, NR_LOGRADOURO, DS_PONTO_REFERENCIA) 
VALUES (12, 106, 12, 2, 'Escritório', 1200, 'Próximo ao shopping');

-- Funcionário 107
INSERT INTO T_SIP_FUNCIONARIO_ENDERECO (CD_END_FUNC, NR_MATRICULA, CD_END_CORREIO, CD_TIPO_ENDERECO, DS_COMPLEMENTO, NR_LOGRADOURO, DS_PONTO_REFERENCIA) 
VALUES (13, 107, 13, 1, 'Casa', 1300, 'Perto da escola');
INSERT INTO T_SIP_FUNCIONARIO_ENDERECO (CD_END_FUNC, NR_MATRICULA, CD_END_CORREIO, CD_TIPO_ENDERECO, DS_COMPLEMENTO, NR_LOGRADOURO, DS_PONTO_REFERENCIA) 
VALUES (14, 107, 14, 3, 'Chácara', 1400, 'Próximo ao lago');

-- Funcionário 108
INSERT INTO T_SIP_FUNCIONARIO_ENDERECO (CD_END_FUNC, NR_MATRICULA, CD_END_CORREIO, CD_TIPO_ENDERECO, DS_COMPLEMENTO, NR_LOGRADOURO, DS_PONTO_REFERENCIA) 
VALUES (15, 108, 15, 1, 'Apto 808', 1500, 'Ao lado do mercado');
INSERT INTO T_SIP_FUNCIONARIO_ENDERECO (CD_END_FUNC, NR_MATRICULA, CD_END_CORREIO, CD_TIPO_ENDERECO, DS_COMPLEMENTO, NR_LOGRADOURO, DS_PONTO_REFERENCIA) 
VALUES (16, 108, 16, 2, 'Consultório', 1600, 'Próximo ao hospital');

-- Funcionário 109
INSERT INTO T_SIP_FUNCIONARIO_ENDERECO (CD_END_FUNC, NR_MATRICULA, CD_END_CORREIO, CD_TIPO_ENDERECO, DS_COMPLEMENTO, NR_LOGRADOURO, DS_PONTO_REFERENCIA) 
VALUES (17, 109, 17, 1, 'Casa', 1700, 'Perto da padaria');
INSERT INTO T_SIP_FUNCIONARIO_ENDERECO (CD_END_FUNC, NR_MATRICULA, CD_END_CORREIO, CD_TIPO_ENDERECO, DS_COMPLEMENTO, NR_LOGRADOURO, DS_PONTO_REFERENCIA) 
VALUES (18, 109, 18, 3, 'Sítio', 1800, 'Próximo à cachoeira');

-- Funcionário 110
INSERT INTO T_SIP_FUNCIONARIO_ENDERECO (CD_END_FUNC, NR_MATRICULA, CD_END_CORREIO, CD_TIPO_ENDERECO, DS_COMPLEMENTO, NR_LOGRADOURO, DS_PONTO_REFERENCIA) 
VALUES (19, 110, 19, 1, 'Apto 1010', 1900, 'Ao lado do parque');
INSERT INTO T_SIP_FUNCIONARIO_ENDERECO (CD_END_FUNC, NR_MATRICULA, CD_END_CORREIO, CD_TIPO_ENDERECO, DS_COMPLEMENTO, NR_LOGRADOURO, DS_PONTO_REFERENCIA) 
VALUES (20, 110, 20, 2, 'Escritório', 2000, 'Próximo ao centro comercial');

-- Funcionário 111
INSERT INTO T_SIP_FUNCIONARIO_ENDERECO (CD_END_FUNC, NR_MATRICULA, CD_END_CORREIO, CD_TIPO_ENDERECO, DS_COMPLEMENTO, NR_LOGRADOURO, DS_PONTO_REFERENCIA) 
VALUES (21, 111, 21, 1, 'Casa', 2100, 'Perto da escola');
INSERT INTO T_SIP_FUNCIONARIO_ENDERECO (CD_END_FUNC, NR_MATRICULA, CD_END_CORREIO, CD_TIPO_ENDERECO, DS_COMPLEMENTO, NR_LOGRADOURO, DS_PONTO_REFERENCIA) 
VALUES (22, 111, 22, 3, 'Chácara', 2200, 'Próximo ao lago');

-- Funcionário 112
INSERT INTO T_SIP_FUNCIONARIO_ENDERECO (CD_END_FUNC, NR_MATRICULA, CD_END_CORREIO, CD_TIPO_ENDERECO, DS_COMPLEMENTO, NR_LOGRADOURO, DS_PONTO_REFERENCIA) 
VALUES (23, 112, 23, 1, 'Apto 1212', 2300, 'Ao lado do mercado');
INSERT INTO T_SIP_FUNCIONARIO_ENDERECO (CD_END_FUNC, NR_MATRICULA, CD_END_CORREIO, CD_TIPO_ENDERECO, DS_COMPLEMENTO, NR_LOGRADOURO, DS_PONTO_REFERENCIA) 
VALUES (24, 112, 24, 2, 'Consultório', 2400, 'Próximo ao hospital');

-- Funcionário 113
INSERT INTO T_SIP_FUNCIONARIO_ENDERECO (CD_END_FUNC, NR_MATRICULA, CD_END_CORREIO, CD_TIPO_ENDERECO, DS_COMPLEMENTO, NR_LOGRADOURO, DS_PONTO_REFERENCIA) 
VALUES (25, 113, 25, 1, 'Casa', 2500, 'Perto da padaria');
INSERT INTO T_SIP_FUNCIONARIO_ENDERECO (CD_END_FUNC, NR_MATRICULA, CD_END_CORREIO, CD_TIPO_ENDERECO, DS_COMPLEMENTO, NR_LOGRADOURO, DS_PONTO_REFERENCIA) 
VALUES (26, 113, 26, 3, 'Sítio', 2600, 'Próximo à cachoeira');

-- Funcionário 114
INSERT INTO T_SIP_FUNCIONARIO_ENDERECO (CD_END_FUNC, NR_MATRICULA, CD_END_CORREIO, CD_TIPO_ENDERECO, DS_COMPLEMENTO, NR_LOGRADOURO, DS_PONTO_REFERENCIA) 
VALUES (27, 114, 27, 1, 'Apto 1414', 2700, 'Ao lado do parque');
INSERT INTO T_SIP_FUNCIONARIO_ENDERECO (CD_END_FUNC, NR_MATRICULA, CD_END_CORREIO, CD_TIPO_ENDERECO, DS_COMPLEMENTO, NR_LOGRADOURO, DS_PONTO_REFERENCIA) 
VALUES (28, 114, 28, 2, 'Escritório', 2800, 'Próximo ao centro comercial');

-- Funcionário 115
INSERT INTO T_SIP_FUNCIONARIO_ENDERECO (CD_END_FUNC, NR_MATRICULA, CD_END_CORREIO, CD_TIPO_ENDERECO, DS_COMPLEMENTO, NR_LOGRADOURO, DS_PONTO_REFERENCIA) 
VALUES (29, 115, 29, 1, 'Casa', 2900, 'Perto da escola');
INSERT INTO T_SIP_FUNCIONARIO_ENDERECO (CD_END_FUNC, NR_MATRICULA, CD_END_CORREIO, CD_TIPO_ENDERECO, DS_COMPLEMENTO, NR_LOGRADOURO, DS_PONTO_REFERENCIA) 
VALUES (30, 115, 30, 3, 'Chácara', 3000, 'Próximo ao lago');

-- Funcionário 116
INSERT INTO T_SIP_FUNCIONARIO_ENDERECO (CD_END_FUNC, NR_MATRICULA, CD_END_CORREIO, CD_TIPO_ENDERECO, DS_COMPLEMENTO, NR_LOGRADOURO, DS_PONTO_REFERENCIA) 
VALUES (31, 116, 31, 1, 'Apto 1616', 3100, 'Ao lado do mercado');
INSERT INTO T_SIP_FUNCIONARIO_ENDERECO (CD_END_FUNC, NR_MATRICULA, CD_END_CORREIO, CD_TIPO_ENDERECO, DS_COMPLEMENTO, NR_LOGRADOURO, DS_PONTO_REFERENCIA) 
VALUES (32, 116, 32, 2, 'Consultório', 3200, 'Próximo ao hospital');

-- Funcionário 117
INSERT INTO T_SIP_FUNCIONARIO_ENDERECO (CD_END_FUNC, NR_MATRICULA, CD_END_CORREIO, CD_TIPO_ENDERECO, DS_COMPLEMENTO, NR_LOGRADOURO, DS_PONTO_REFERENCIA) 
VALUES (33, 117, 33, 1, 'Casa', 3300, 'Perto da padaria');
INSERT INTO T_SIP_FUNCIONARIO_ENDERECO (CD_END_FUNC, NR_MATRICULA, CD_END_CORREIO, CD_TIPO_ENDERECO, DS_COMPLEMENTO, NR_LOGRADOURO, DS_PONTO_REFERENCIA) 
VALUES (34, 117, 34, 3, 'Sítio', 3400, 'Próximo à cachoeira');

-- Funcionário 118
INSERT INTO T_SIP_FUNCIONARIO_ENDERECO (CD_END_FUNC, NR_MATRICULA, CD_END_CORREIO, CD_TIPO_ENDERECO, DS_COMPLEMENTO, NR_LOGRADOURO, DS_PONTO_REFERENCIA) 
VALUES (35, 118, 35, 1, 'Apto 1818', 3500, 'Ao lado do parque');
INSERT INTO T_SIP_FUNCIONARIO_ENDERECO (CD_END_FUNC, NR_MATRICULA, CD_END_CORREIO, CD_TIPO_ENDERECO, DS_COMPLEMENTO, NR_LOGRADOURO, DS_PONTO_REFERENCIA) 
VALUES (36, 118, 36, 2, 'Escritório', 3600, 'Próximo ao centro comercial');

-- Funcionário 119
INSERT INTO T_SIP_FUNCIONARIO_ENDERECO (CD_END_FUNC, NR_MATRICULA, CD_END_CORREIO, CD_TIPO_ENDERECO, DS_COMPLEMENTO, NR_LOGRADOURO, DS_PONTO_REFERENCIA) 
VALUES (37, 119, 37, 1, 'Casa', 3700, 'Perto da escola');
INSERT INTO T_SIP_FUNCIONARIO_ENDERECO (CD_END_FUNC, NR_MATRICULA, CD_END_CORREIO, CD_TIPO_ENDERECO, DS_COMPLEMENTO, NR_LOGRADOURO, DS_PONTO_REFERENCIA) 
VALUES (38, 119, 38, 3, 'Chácara', 3800, 'Próximo ao lago');

-- Funcionário 120
INSERT INTO T_SIP_FUNCIONARIO_ENDERECO (CD_END_FUNC, NR_MATRICULA, CD_END_CORREIO, CD_TIPO_ENDERECO, DS_COMPLEMENTO, NR_LOGRADOURO, DS_PONTO_REFERENCIA) 
VALUES (39, 120, 39, 1, 'Apto 2020', 3900, 'Ao lado do mercado');
INSERT INTO T_SIP_FUNCIONARIO_ENDERECO (CD_END_FUNC, NR_MATRICULA, CD_END_CORREIO, CD_TIPO_ENDERECO, DS_COMPLEMENTO, NR_LOGRADOURO, DS_PONTO_REFERENCIA) 
VALUES (40, 120, 40, 2, 'Consultório', 4000, 'Próximo ao hospital');

-- Funcionário 121
INSERT INTO T_SIP_FUNCIONARIO_ENDERECO (CD_END_FUNC, NR_MATRICULA, CD_END_CORREIO, CD_TIPO_ENDERECO, DS_COMPLEMENTO, NR_LOGRADOURO, DS_PONTO_REFERENCIA) 
VALUES (41, 121, 41, 1, 'Casa', 4100, 'Perto da padaria');
INSERT INTO T_SIP_FUNCIONARIO_ENDERECO (CD_END_FUNC, NR_MATRICULA, CD_END_CORREIO, CD_TIPO_ENDERECO, DS_COMPLEMENTO, NR_LOGRADOURO, DS_PONTO_REFERENCIA) 
VALUES (42, 121, 42, 3, 'Sítio', 4200, 'Próximo à cachoeira');

-- Funcionário 122
INSERT INTO T_SIP_FUNCIONARIO_ENDERECO (CD_END_FUNC, NR_MATRICULA, CD_END_CORREIO, CD_TIPO_ENDERECO, DS_COMPLEMENTO, NR_LOGRADOURO, DS_PONTO_REFERENCIA) 
VALUES (43, 122, 43, 1, 'Apto 2222', 4300, 'Ao lado do parque');
INSERT INTO T_SIP_FUNCIONARIO_ENDERECO (CD_END_FUNC, NR_MATRICULA, CD_END_CORREIO, CD_TIPO_ENDERECO, DS_COMPLEMENTO, NR_LOGRADOURO, DS_PONTO_REFERENCIA) 
VALUES (44, 122, 44, 2, 'Escritório', 4400, 'Próximo ao centro comercial');

-- Funcionário 123
INSERT INTO T_SIP_FUNCIONARIO_ENDERECO (CD_END_FUNC, NR_MATRICULA, CD_END_CORREIO, CD_TIPO_ENDERECO, DS_COMPLEMENTO, NR_LOGRADOURO, DS_PONTO_REFERENCIA) 
VALUES (45, 123, 45, 1, 'Casa', 4500, 'Perto da escola');
INSERT INTO T_SIP_FUNCIONARIO_ENDERECO (CD_END_FUNC, NR_MATRICULA, CD_END_CORREIO, CD_TIPO_ENDERECO, DS_COMPLEMENTO, NR_LOGRADOURO, DS_PONTO_REFERENCIA) 
VALUES (46, 123, 46, 3, 'Chácara', 4600, 'Próximo ao lago');

-- Funcionário 124
INSERT INTO T_SIP_FUNCIONARIO_ENDERECO (CD_END_FUNC, NR_MATRICULA, CD_END_CORREIO, CD_TIPO_ENDERECO, DS_COMPLEMENTO, NR_LOGRADOURO, DS_PONTO_REFERENCIA) 
VALUES (47, 124, 47, 1, 'Apto 2424', 4700, 'Ao lado do mercado');
INSERT INTO T_SIP_FUNCIONARIO_ENDERECO (CD_END_FUNC, NR_MATRICULA, CD_END_CORREIO, CD_TIPO_ENDERECO, DS_COMPLEMENTO, NR_LOGRADOURO, DS_PONTO_REFERENCIA) 
VALUES (48, 124, 48, 2, 'Consultório', 4800, 'Próximo ao hospital');

-- Funcionário 125
INSERT INTO T_SIP_FUNCIONARIO_ENDERECO (CD_END_FUNC, NR_MATRICULA, CD_END_CORREIO, CD_TIPO_ENDERECO, DS_COMPLEMENTO, NR_LOGRADOURO, DS_PONTO_REFERENCIA) 
VALUES (49, 125, 49, 1, 'Casa', 4900, 'Perto da padaria');
INSERT INTO T_SIP_FUNCIONARIO_ENDERECO (CD_END_FUNC, NR_MATRICULA, CD_END_CORREIO, CD_TIPO_ENDERECO, DS_COMPLEMENTO, NR_LOGRADOURO, DS_PONTO_REFERENCIA) 
VALUES (50, 125, 50, 3, 'Sítio', 5000, 'Próximo à cachoeira');

-- Funcionário 126
INSERT INTO T_SIP_FUNCIONARIO_ENDERECO (CD_END_FUNC, NR_MATRICULA, CD_END_CORREIO, CD_TIPO_ENDERECO, DS_COMPLEMENTO, NR_LOGRADOURO, DS_PONTO_REFERENCIA) 
VALUES (51, 126, 51, 1, 'Apto 2626', 5100, 'Ao lado do parque');
INSERT INTO T_SIP_FUNCIONARIO_ENDERECO (CD_END_FUNC, NR_MATRICULA, CD_END_CORREIO, CD_TIPO_ENDERECO, DS_COMPLEMENTO, NR_LOGRADOURO, DS_PONTO_REFERENCIA) 
VALUES (52, 126, 52, 2, 'Escritório', 5200, 'Próximo ao centro comercial');

-- Funcionário 127
INSERT INTO T_SIP_FUNCIONARIO_ENDERECO (CD_END_FUNC, NR_MATRICULA, CD_END_CORREIO, CD_TIPO_ENDERECO, DS_COMPLEMENTO, NR_LOGRADOURO, DS_PONTO_REFERENCIA) 
VALUES (53, 127, 53, 1, 'Casa', 5300, 'Perto da escola');
INSERT INTO T_SIP_FUNCIONARIO_ENDERECO (CD_END_FUNC, NR_MATRICULA, CD_END_CORREIO, CD_TIPO_ENDERECO, DS_COMPLEMENTO, NR_LOGRADOURO, DS_PONTO_REFERENCIA) 
VALUES (54, 127, 54, 3, 'Chácara', 5400, 'Próximo ao lago');

-- Funcionário 128
INSERT INTO T_SIP_FUNCIONARIO_ENDERECO (CD_END_FUNC, NR_MATRICULA, CD_END_CORREIO, CD_TIPO_ENDERECO, DS_COMPLEMENTO, NR_LOGRADOURO, DS_PONTO_REFERENCIA) 
VALUES (55, 128, 55, 1, 'Apto 2828', 5500, 'Ao lado do mercado');
INSERT INTO T_SIP_FUNCIONARIO_ENDERECO (CD_END_FUNC, NR_MATRICULA, CD_END_CORREIO, CD_TIPO_ENDERECO, DS_COMPLEMENTO, NR_LOGRADOURO, DS_PONTO_REFERENCIA) 
VALUES (56, 128, 56, 2, 'Consultório', 5600, 'Próximo ao hospital');

-- Funcionário 129
INSERT INTO T_SIP_FUNCIONARIO_ENDERECO (CD_END_FUNC, NR_MATRICULA, CD_END_CORREIO, CD_TIPO_ENDERECO, DS_COMPLEMENTO, NR_LOGRADOURO, DS_PONTO_REFERENCIA) 
VALUES (57, 129, 57, 1, 'Casa', 5700, 'Perto da padaria');
INSERT INTO T_SIP_FUNCIONARIO_ENDERECO (CD_END_FUNC, NR_MATRICULA, CD_END_CORREIO, CD_TIPO_ENDERECO, DS_COMPLEMENTO, NR_LOGRADOURO, DS_PONTO_REFERENCIA) 
VALUES (58, 129, 58, 3, 'Sítio', 5800, 'Próximo à cachoeira');

-- Funcionário 130
INSERT INTO T_SIP_FUNCIONARIO_ENDERECO (CD_END_FUNC, NR_MATRICULA, CD_END_CORREIO, CD_TIPO_ENDERECO, DS_COMPLEMENTO, NR_LOGRADOURO, DS_PONTO_REFERENCIA) 
VALUES (59, 130, 59, 1, 'Apto 3030', 5900, 'Ao lado do parque');
INSERT INTO T_SIP_FUNCIONARIO_ENDERECO (CD_END_FUNC, NR_MATRICULA, CD_END_CORREIO, CD_TIPO_ENDERECO, DS_COMPLEMENTO, NR_LOGRADOURO, DS_PONTO_REFERENCIA) 
VALUES (60, 130, 60, 2, 'Escritório', 6000, 'Próximo ao centro comercial');

-- Funcionário 131
INSERT INTO T_SIP_FUNCIONARIO_ENDERECO (CD_END_FUNC, NR_MATRICULA, CD_END_CORREIO, CD_TIPO_ENDERECO, DS_COMPLEMENTO, NR_LOGRADOURO, DS_PONTO_REFERENCIA) 
VALUES (61, 131, 61, 1, 'Casa', 6100, 'Perto da escola');
INSERT INTO T_SIP_FUNCIONARIO_ENDERECO (CD_END_FUNC, NR_MATRICULA, CD_END_CORREIO, CD_TIPO_ENDERECO, DS_COMPLEMENTO, NR_LOGRADOURO, DS_PONTO_REFERENCIA) 
VALUES (62, 131, 62, 3, 'Chácara', 6200, 'Próximo ao lago');

-- Funcionário 132
INSERT INTO T_SIP_FUNCIONARIO_ENDERECO (CD_END_FUNC, NR_MATRICULA, CD_END_CORREIO, CD_TIPO_ENDERECO, DS_COMPLEMENTO, NR_LOGRADOURO, DS_PONTO_REFERENCIA) 
VALUES (63, 132, 63, 1, 'Apto 3232', 6300, 'Ao lado do mercado');
INSERT INTO T_SIP_FUNCIONARIO_ENDERECO (CD_END_FUNC, NR_MATRICULA, CD_END_CORREIO, CD_TIPO_ENDERECO, DS_COMPLEMENTO, NR_LOGRADOURO, DS_PONTO_REFERENCIA) 
VALUES (64, 132, 64, 2, 'Consultório', 6400, 'Próximo ao hospital');

-- Funcionário 133
INSERT INTO T_SIP_FUNCIONARIO_ENDERECO (CD_END_FUNC, NR_MATRICULA, CD_END_CORREIO, CD_TIPO_ENDERECO, DS_COMPLEMENTO, NR_LOGRADOURO, DS_PONTO_REFERENCIA) 
VALUES (65, 133, 65, 1, 'Casa', 6500, 'Perto da padaria');
INSERT INTO T_SIP_FUNCIONARIO_ENDERECO (CD_END_FUNC, NR_MATRICULA, CD_END_CORREIO, CD_TIPO_ENDERECO, DS_COMPLEMENTO, NR_LOGRADOURO, DS_PONTO_REFERENCIA) 
VALUES (66, 133, 66, 3, 'Sítio', 6600, 'Próximo à cachoeira');

-- Funcionário 134
INSERT INTO T_SIP_FUNCIONARIO_ENDERECO (CD_END_FUNC, NR_MATRICULA, CD_END_CORREIO, CD_TIPO_ENDERECO, DS_COMPLEMENTO, NR_LOGRADOURO, DS_PONTO_REFERENCIA) 
VALUES (67, 134, 67, 1, 'Apto 3434', 6700, 'Ao lado do parque');
INSERT INTO T_SIP_FUNCIONARIO_ENDERECO (CD_END_FUNC, NR_MATRICULA, CD_END_CORREIO, CD_TIPO_ENDERECO, DS_COMPLEMENTO, NR_LOGRADOURO, DS_PONTO_REFERENCIA) 
VALUES (68, 134, 68, 2, 'Escritório', 6800, 'Próximo ao centro comercial');

-- Funcionário 135
INSERT INTO T_SIP_FUNCIONARIO_ENDERECO (CD_END_FUNC, NR_MATRICULA, CD_END_CORREIO, CD_TIPO_ENDERECO, DS_COMPLEMENTO, NR_LOGRADOURO, DS_PONTO_REFERENCIA) 
VALUES (69, 135, 69, 1, 'Casa', 6900, 'Perto da escola');
INSERT INTO T_SIP_FUNCIONARIO_ENDERECO (CD_END_FUNC, NR_MATRICULA, CD_END_CORREIO, CD_TIPO_ENDERECO, DS_COMPLEMENTO, NR_LOGRADOURO, DS_PONTO_REFERENCIA) 
VALUES (70, 135, 70, 3, 'Chácara', 7000, 'Próximo ao lago');

COMMIT;