<?xml version = '1.0' encoding = 'UTF-8'?>
<Table class="oracle.dbtools.crest.model.design.relational.Table" directorySegmentName="seg_0" id="3C684649-9D98-AB80-452C-6F9F304AE4CF" name="T_RHSTU_PLANO_SAUDE">
<createdBy>Gustavo Padlipskas</createdBy>
<createdTime>2022-08-16 17:50:14 UTC</createdTime>
<generatorID>79FECE95-CF66-DB38-4C06-AF9CA83F1DA9</generatorID>
<ownerDesignName>Projeto_RHSTU</ownerDesignName>
<allowColumnReorder>false</allowColumnReorder>
<existDependencyGenerateInDDl>true</existDependencyGenerateInDDl>
<parsed>true</parsed>
<columns itemClass="oracle.dbtools.crest.model.design.relational.Column">
<Column name="ID_PLANO_SAUDE" id="1FEB382F-5963-BC00-8750-D76B3AFB7B6E">
<createdBy>Gustavo Padlipskas</createdBy>
<createdTime>2022-08-16 17:50:14 UTC</createdTime>
<comment><![CDATA[Esse atributo irá receber a chave primária do plano de saúde. Esse número é sequencial e gerado automaticamente pelo sistema. Seu conteúdo é obrigatório.]]></comment>
<commentInRDBMS><![CDATA[Esse atributo irá receber a chave primária do plano de saúde. Esse número é sequencial e gerado automaticamente pelo sistema. Seu conteúdo é obrigatório.]]></commentInRDBMS>
<generatorID>E40D7012-4CE7-F19C-25A9-4951C8D0B3B5</generatorID>
<ownerDesignName>Projeto_RHSTU</ownerDesignName>
<useDomainConstraints>false</useDomainConstraints>
<use>1</use>
<logicalDatatype>LOGDT019</logicalDatatype>
<dataTypePrecision>5</dataTypePrecision>
<ownDataTypeParameters>,5,</ownDataTypeParameters>
<autoIncrementColumn>true</autoIncrementColumn>
<autoIncrementCycle>false</autoIncrementCycle>
<autoIncrementSequenceName>SQ_RHSTU_PLANO_SAUDE</autoIncrementSequenceName>
<autoIncrementTriggerName>TR_RHSTU_PLANO_SAUDE</autoIncrementTriggerName>
</Column>
<Column name="DS_RAZAO_SOCIAL" id="F88FB54B-1164-4A07-2345-40FFD90641B0">
<createdBy>Gustavo Padlipskas</createdBy>
<createdTime>2022-08-16 17:50:14 UTC</createdTime>
<comment><![CDATA[Esse atributo irá receber Razão Social do plano de saúde aceito na RHSTU. Seu conteúdo é obrigatório.]]></comment>
<commentInRDBMS><![CDATA[Esse atributo irá receber Razão Social do plano de saúde aceito na RHSTU. Seu conteúdo é obrigatório.]]></commentInRDBMS>
<generatorID>3BD6BF87-0C20-C94A-70E3-02554EC05C3C</generatorID>
<ownerDesignName>Projeto_RHSTU</ownerDesignName>
<useDomainConstraints>false</useDomainConstraints>
<use>1</use>
<logicalDatatype>LOGDT024</logicalDatatype>
<dataTypeSize>70</dataTypeSize>
<ownDataTypeParameters>70,,</ownDataTypeParameters>
<autoIncrementCycle>false</autoIncrementCycle>
</Column>
<Column name="NM_FANTASIA_PLANO_SAUDE" id="980B8907-47F1-2FD4-3E4D-4685BB7C1E29">
<createdBy>Gustavo Padlipskas</createdBy>
<createdTime>2022-08-16 17:50:14 UTC</createdTime>
<comment><![CDATA[Esse atributo irá receber o nome Fantasia do plano de saúde aceito na RHSTU. Seu conteúdo é opcional.]]></comment>
<commentInRDBMS><![CDATA[Esse atributo irá receber o nome Fantasia do plano de saúde aceito na RHSTU. Seu conteúdo é opcional.]]></commentInRDBMS>
<generatorID>B179C357-52FE-133B-9AE7-60FFFEAD01BA</generatorID>
<ownerDesignName>Projeto_RHSTU</ownerDesignName>
<nullsAllowed>true</nullsAllowed>
<useDomainConstraints>false</useDomainConstraints>
<use>1</use>
<logicalDatatype>LOGDT024</logicalDatatype>
<dataTypeSize>80</dataTypeSize>
<ownDataTypeParameters>80,,</ownDataTypeParameters>
<autoIncrementCycle>false</autoIncrementCycle>
</Column>
<Column name="DS_PLANO_SAUDE" id="3567D620-4C28-AC2D-6D6B-922B418C98D6">
<createdBy>Gustavo Padlipskas</createdBy>
<createdTime>2022-08-16 17:50:14 UTC</createdTime>
<comment><![CDATA[Esse atributo irá receber a descrição do  plano de saúde aceito na RHSTU. Seu conteúdo é obrigatório.]]></comment>
<commentInRDBMS><![CDATA[Esse atributo irá receber a descrição do  plano de saúde aceito na RHSTU. Seu conteúdo é obrigatório.]]></commentInRDBMS>
<generatorID>975427DC-B8E4-13C3-A220-10810268B583</generatorID>
<ownerDesignName>Projeto_RHSTU</ownerDesignName>
<useDomainConstraints>false</useDomainConstraints>
<use>1</use>
<logicalDatatype>LOGDT024</logicalDatatype>
<dataTypeSize>100</dataTypeSize>
<ownDataTypeParameters>100,,</ownDataTypeParameters>
<autoIncrementCycle>false</autoIncrementCycle>
</Column>
<Column name="NR_CNPJ" id="CF62047D-AA24-1F47-84B8-0D0C9101420E">
<createdBy>Gustavo Padlipskas</createdBy>
<createdTime>2022-08-16 17:50:14 UTC</createdTime>
<comment><![CDATA[Esse atributo irá receber o numero do CNPJ do plano de saúde aceito na RHSTU. Seu conteúdo é obrigatório.]]></comment>
<commentInRDBMS><![CDATA[Esse atributo irá receber o numero do CNPJ do plano de saúde aceito na RHSTU. Seu conteúdo é obrigatório.]]></commentInRDBMS>
<generatorID>E5F89278-8A88-476E-BC8E-B1C16BE37BEE</generatorID>
<ownerDesignName>Projeto_RHSTU</ownerDesignName>
<useDomainConstraints>false</useDomainConstraints>
<use>1</use>
<logicalDatatype>LOGDT019</logicalDatatype>
<dataTypePrecision>14</dataTypePrecision>
<ownDataTypeParameters>,14,</ownDataTypeParameters>
<autoIncrementCycle>false</autoIncrementCycle>
</Column>
<Column name="NM_CONTATO" id="C8BD0F20-959F-37A3-156D-1280CA9E0877">
<createdBy>Gustavo Padlipskas</createdBy>
<createdTime>2022-08-16 17:50:14 UTC</createdTime>
<comment><![CDATA[Esse atributo irá receber o nome  do contato dentro do plano de saúde aceito na RHSTU. Seu conteúdo é obrigatório.]]></comment>
<commentInRDBMS><![CDATA[Esse atributo irá receber o nome  do contato dentro do plano de saúde aceito na RHSTU. Seu conteúdo é obrigatório.]]></commentInRDBMS>
<generatorID>0C21C6E8-AA7C-6AFE-0CCA-6FB5993DCBB5</generatorID>
<ownerDesignName>Projeto_RHSTU</ownerDesignName>
<nullsAllowed>true</nullsAllowed>
<useDomainConstraints>false</useDomainConstraints>
<use>1</use>
<logicalDatatype>LOGDT024</logicalDatatype>
<dataTypeSize>30</dataTypeSize>
<ownDataTypeParameters>30,,</ownDataTypeParameters>
<autoIncrementCycle>false</autoIncrementCycle>
</Column>
<Column name="DS_TELEFONE" id="1241FB08-DB00-DE87-3377-C8CA9C460E15">
<createdBy>Gustavo Padlipskas</createdBy>
<createdTime>2022-08-16 17:50:14 UTC</createdTime>
<comment><![CDATA[Esse atributo irá receber os dados do telefone para contato no plano de saúde aceito na RHSTU. Seu conteúdo é opcional.]]></comment>
<commentInRDBMS><![CDATA[Esse atributo irá receber os dados do telefone para contato no plano de saúde aceito na RHSTU. Seu conteúdo é opcional.]]></commentInRDBMS>
<generatorID>61D1993B-8D1D-CCD9-5EE6-924B2090D5CF</generatorID>
<ownerDesignName>Projeto_RHSTU</ownerDesignName>
<nullsAllowed>true</nullsAllowed>
<useDomainConstraints>false</useDomainConstraints>
<use>1</use>
<logicalDatatype>LOGDT024</logicalDatatype>
<dataTypeSize>30</dataTypeSize>
<ownDataTypeParameters>30,,</ownDataTypeParameters>
<autoIncrementCycle>false</autoIncrementCycle>
</Column>
<Column name="DT_INICIO" id="2123D58C-5B5E-A22A-BDA7-F37CF1D8443B">
<createdBy>Gustavo Padlipskas</createdBy>
<createdTime>2022-08-16 17:50:14 UTC</createdTime>
<comment><![CDATA[Esse atributo irá receber a data de início para atendimento do plano de saúde aceito na RHSTU. Seu conteúdo é opcional.]]></comment>
<commentInRDBMS><![CDATA[Esse atributo irá receber a data de início para atendimento do plano de saúde aceito na RHSTU. Seu conteúdo é opcional.]]></commentInRDBMS>
<generatorID>2CBCBFFD-83CC-3BED-3A9D-73DB3F1D5F29</generatorID>
<ownerDesignName>Projeto_RHSTU</ownerDesignName>
<useDomainConstraints>false</useDomainConstraints>
<use>1</use>
<logicalDatatype>LOGDT007</logicalDatatype>
<ownDataTypeParameters>,,</ownDataTypeParameters>
<autoIncrementCycle>false</autoIncrementCycle>
</Column>
<Column name="DT_FIM" id="C5BE34E9-E5C6-22EC-CE78-DA1F7FA6C309">
<createdBy>Gustavo Padlipskas</createdBy>
<createdTime>2022-08-16 17:50:14 UTC</createdTime>
<comment><![CDATA[Esse atributo irá receber a data de encerramento do plano de saúde aceito na RHSTU. Seu conteúdo é opcional.]]></comment>
<commentInRDBMS><![CDATA[Esse atributo irá receber a data de encerramento do plano de saúde aceito na RHSTU. Seu conteúdo é opcional.]]></commentInRDBMS>
<generatorID>08E2CB71-0533-734C-ABE8-F5DF6EF4CA04</generatorID>
<ownerDesignName>Projeto_RHSTU</ownerDesignName>
<nullsAllowed>true</nullsAllowed>
<useDomainConstraints>false</useDomainConstraints>
<use>1</use>
<logicalDatatype>LOGDT007</logicalDatatype>
<ownDataTypeParameters>,,</ownDataTypeParameters>
<autoIncrementCycle>false</autoIncrementCycle>
</Column>
</columns>
<indexes itemClass="oracle.dbtools.crest.model.design.relational.Index">
<ind_PK_UK id="E84825E6-08EE-6CC9-5D6F-33E3A4D1C6DA" name="PK_RHSTU_PLANO_SAUDE">
<createdBy>Gustavo Padlipskas</createdBy>
<createdTime>2022-08-16 17:50:14 UTC</createdTime>
<generatorID>BEDCCAD8-64CB-CF32-3D30-ED85E07CAA9F</generatorID>
<ownerDesignName>Projeto_RHSTU</ownerDesignName>
<pk>true</pk>
<indexState>Primary Constraint</indexState>
<isSurrogateKey>false</isSurrogateKey>
<indexColumnUsage>
<colUsage columnID="1FEB382F-5963-BC00-8750-D76B3AFB7B6E"/>
</indexColumnUsage>
</ind_PK_UK>
</indexes>
</Table>