<?xml version = '1.0' encoding = 'UTF-8'?>
<Table class="oracle.dbtools.crest.model.design.relational.Table" directorySegmentName="seg_0" id="833961AA-67B0-26E0-87C6-31C6C5BA27DC" name="T_RHSTU_BAIRRO">
<createdBy>Gustavo Padlipskas</createdBy>
<createdTime>2022-08-16 17:50:14 UTC</createdTime>
<generatorID>2E17E053-B7F9-61F5-7EE4-7762B7062211</generatorID>
<ownerDesignName>Projeto_RHSTU</ownerDesignName>
<allowColumnReorder>false</allowColumnReorder>
<existDependencyGenerateInDDl>true</existDependencyGenerateInDDl>
<parsed>true</parsed>
<columns itemClass="oracle.dbtools.crest.model.design.relational.Column">
<Column name="ID_BAIRRO" id="CBFAD63E-5738-E0D3-5553-D5D92A908012">
<createdBy>Gustavo Padlipskas</createdBy>
<createdTime>2022-08-16 17:50:14 UTC</createdTime>
<comment><![CDATA[Esta coluna irá receber o codigo interno para garantir o cadastro dos  Bairros da Cidade do Estado do Brasil. Seu conteúdo é obrigatório e único será preenchido automaticamente pelo sistema.]]></comment>
<commentInRDBMS><![CDATA[Esta coluna irá receber o codigo interno para garantir o cadastro dos  Bairros da Cidade do Estado do Brasil. Seu conteúdo é obrigatório e único será preenchido automaticamente pelo sistema.]]></commentInRDBMS>
<generatorID>1ECB01D1-8E17-7B14-467D-D88496EA9B1D</generatorID>
<ownerDesignName>Projeto_RHSTU</ownerDesignName>
<useDomainConstraints>false</useDomainConstraints>
<use>1</use>
<logicalDatatype>LOGDT019</logicalDatatype>
<dataTypePrecision>8</dataTypePrecision>
<ownDataTypeParameters>,8,</ownDataTypeParameters>
<autoIncrementColumn>true</autoIncrementColumn>
<autoIncrementCycle>false</autoIncrementCycle>
<autoIncrementSequenceName>SQ_RHSTU_BAIRRO</autoIncrementSequenceName>
<autoIncrementTriggerName>TR_RHSTU_BAIRRO</autoIncrementTriggerName>
</Column>
<Column name="ID_CIDADE" id="C91BCC60-D5A8-C781-06D6-9AEAEE10C267">
<createdBy>Gustavo Padlipskas</createdBy>
<createdTime>2022-08-16 17:50:14 UTC</createdTime>
<comment><![CDATA[Esta coluna irá receber o codigo da cidade e seu conteúdo é obrigatório e será preenchido automaticamente pelo sistema.]]></comment>
<generatorID>5399781E-C2A3-BCDF-451E-1EFD251121BE</generatorID>
<ownerDesignName>Projeto_RHSTU</ownerDesignName>
<useDomainConstraints>false</useDomainConstraints>
<use>1</use>
<logicalDatatype>LOGDT019</logicalDatatype>
<dataTypePrecision>8</dataTypePrecision>
<ownDataTypeParameters>,,</ownDataTypeParameters>
<previousColumn>false</previousColumn>
<autoIncrementCycle>false</autoIncrementCycle>
<associations>
<colAssociation fkAssociation="B1CE6A9A-6C23-08EF-A05F-D2A972FD5FF8" referredColumn="D1CD6AB6-4AAC-1B1D-953B-BDF91164ED40"/>
</associations>
</Column>
<Column name="NM_BAIRRO" id="44622DBA-BD60-39BA-AD12-1C11175649B3">
<createdBy>Gustavo Padlipskas</createdBy>
<createdTime>2022-08-16 17:50:14 UTC</createdTime>
<comment><![CDATA[Esta coluna irá receber o nome do Bairro  pertencente Cidade do Estado Brasileiro. O padrão de armazenmento é  InitCap e seu conteúdo é obrigatório. Essa tabela já será preenchida pela área responsável. Novas inseções necessitam ser avaladas pelos gestores.]]></comment>
<commentInRDBMS><![CDATA[Esta coluna irá receber o nome do Bairro  pertencente Cidade do Estado Brasileiro. O padrão de armazenmento é  InitCap e seu conteúdo é obrigatório. Essa tabela já será preenchida pela área responsável. Novas inseções necessitam ser avaladas pelos gestores.]]></commentInRDBMS>
<generatorID>4F97E991-74E6-E464-55EA-37A7930FFA85</generatorID>
<ownerDesignName>Projeto_RHSTU</ownerDesignName>
<useDomainConstraints>false</useDomainConstraints>
<use>1</use>
<logicalDatatype>LOGDT024</logicalDatatype>
<dataTypeSize>45</dataTypeSize>
<ownDataTypeParameters>45,,</ownDataTypeParameters>
<autoIncrementCycle>false</autoIncrementCycle>
</Column>
<Column name="NM_ZONA_BAIRRO" id="B7DC94F6-F78A-854A-4EF4-1A408958C90E">
<createdBy>Gustavo Padlipskas</createdBy>
<createdTime>2022-08-16 17:50:14 UTC</createdTime>
<comment><![CDATA[Esta coluna irá receber a localização da zona onde se encontra o bairro. Alguns exemplos: Zona Norte, Zona Sul, Zona Leste, Zona Oeste, Centro.]]></comment>
<commentInRDBMS><![CDATA[Esta coluna irá receber a localização da zona onde se encontra o bairro. Alguns exemplos: Zona Norte, Zona Sul, Zona Leste, Zona Oeste, Centro.]]></commentInRDBMS>
<generatorID>AED56D9E-F500-3879-5B17-6C1B6C9AB61A</generatorID>
<ownerDesignName>Projeto_RHSTU</ownerDesignName>
<constraintName>UK_RHSTU_BAIRRO_ZONA</constraintName>
<useDomainConstraints>false</useDomainConstraints>
<use>1</use>
<logicalDatatype>LOGDT024</logicalDatatype>
<dataTypeSize>20</dataTypeSize>
<listOfValues>
<valueDef value="CENTRO" description="Centro da Cidade"/>
<valueDef value="ZONA LESTE" description="Zona Leste da Cidade"/>
<valueDef value="ZONA NORTE" description="Zona Norte da Cidade"/>
<valueDef value="ZONA OESTE" description="Zona Oeste da Cidade"/>
<valueDef value="ZONA SUL" description="Zona Sul da Cidade"/>
</listOfValues>
<ownDataTypeParameters>20,,</ownDataTypeParameters>
<autoIncrementCycle>false</autoIncrementCycle>
</Column>
</columns>
<indexes itemClass="oracle.dbtools.crest.model.design.relational.Index">
<ind_PK_UK id="A17913DA-4628-A28C-CC47-44341B67E5ED" name="PK__RHSTU_BAIRRO">
<createdBy>Gustavo Padlipskas</createdBy>
<createdTime>2022-08-16 17:50:14 UTC</createdTime>
<generatorID>F6B8BB54-4882-D0D7-490B-E9F45AA700EE</generatorID>
<ownerDesignName>Projeto_RHSTU</ownerDesignName>
<pk>true</pk>
<indexState>Primary Constraint</indexState>
<isSurrogateKey>false</isSurrogateKey>
<indexColumnUsage>
<colUsage columnID="CBFAD63E-5738-E0D3-5553-D5D92A908012"/>
</indexColumnUsage>
</ind_PK_UK>
<ind_PK_UK id="C753AA46-DE00-971A-21ED-6DA8CE889A36" name="FK_RHSTU_CIDADE_BAIRRO">
<createdBy>Gustavo Padlipskas</createdBy>
<createdTime>2022-08-16 17:50:15 UTC</createdTime>
<generatorID>C31FED11-1D9C-9238-DF35-C2367D31CAF5</generatorID>
<ownerDesignName>Projeto_RHSTU</ownerDesignName>
<indexState>Foreign Key</indexState>
<isSurrogateKey>false</isSurrogateKey>
<indexColumnUsage>
<colUsage columnID="C91BCC60-D5A8-C781-06D6-9AEAEE10C267"/>
</indexColumnUsage>
</ind_PK_UK>
</indexes>
</Table>