<?xml version = '1.0' encoding = 'UTF-8'?>
<Table class="oracle.dbtools.crest.model.design.relational.Table" directorySegmentName="seg_0" id="EC9B0F03-011E-F869-03C8-14822CE5B4D7" name="T_RHSTU_UNID_HOSPITALAR">
<createdBy>Gustavo Padlipskas</createdBy>
<createdTime>2022-08-16 17:50:14 UTC</createdTime>
<generatorID>8A769596-8442-81C5-8E8B-9FFE4C17B2D7</generatorID>
<ownerDesignName>Projeto_RHSTU</ownerDesignName>
<allowColumnReorder>false</allowColumnReorder>
<existDependencyGenerateInDDl>true</existDependencyGenerateInDDl>
<parsed>true</parsed>
<columns itemClass="oracle.dbtools.crest.model.design.relational.Column">
<Column name="ID_UNID_HOSPITAL" id="963E8E12-B834-AE29-7579-5587B288AE9C">
<createdBy>Gustavo Padlipskas</createdBy>
<createdTime>2022-08-16 17:50:14 UTC</createdTime>
<comment><![CDATA[Esse atributo irá receber a chave primária da Unidade Hospitalar. Esse número é sequencia e gerado automaticamente pelo sistema. Seu conteúdo é obrigatório.]]></comment>
<commentInRDBMS><![CDATA[Esse atributo irá receber a chave primária da Unidade Hospitalar. Esse número é sequencia e gerado automaticamente pelo sistema. Seu conteúdo é obrigatório.]]></commentInRDBMS>
<generatorID>C3796F42-602F-5AE2-4BB7-9B2AE3D1F6B4</generatorID>
<ownerDesignName>Projeto_RHSTU</ownerDesignName>
<useDomainConstraints>false</useDomainConstraints>
<use>1</use>
<logicalDatatype>LOGDT019</logicalDatatype>
<dataTypePrecision>9</dataTypePrecision>
<ownDataTypeParameters>,9,</ownDataTypeParameters>
<autoIncrementColumn>true</autoIncrementColumn>
<autoIncrementCycle>false</autoIncrementCycle>
<autoIncrementSequenceName>SQ_RHSTU_UNID_HOSP</autoIncrementSequenceName>
<autoIncrementTriggerName>TR_RHSTU_UNID_HOSP</autoIncrementTriggerName>
</Column>
<Column name="ID_LOGRADOURO" id="85026BE4-EA01-F921-2B78-76C9B97EE2B5">
<createdBy>Gustavo Padlipskas</createdBy>
<createdTime>2022-08-16 17:50:14 UTC</createdTime>
<comment><![CDATA[Esta coluna irá receber o codigo interno para garantir o lograouro, que esta localizado no  cadastro dos  Bairros da Cidade do Estado do Brasil. Seu conteúdo é obrigatório e único será preenchido automaticamente pelo sistema.]]></comment>
<generatorID>8745202E-085D-28B9-1FC3-91269C21AFE0</generatorID>
<ownerDesignName>Projeto_RHSTU</ownerDesignName>
<useDomainConstraints>false</useDomainConstraints>
<use>1</use>
<logicalDatatype>LOGDT019</logicalDatatype>
<dataTypePrecision>10</dataTypePrecision>
<ownDataTypeParameters>,,</ownDataTypeParameters>
<previousColumn>false</previousColumn>
<autoIncrementCycle>false</autoIncrementCycle>
<associations>
<colAssociation fkAssociation="00015541-F339-060B-7ACA-79608444B122" referredColumn="07E2807B-A06D-2535-AAC7-F649987BD85B"/>
</associations>
</Column>
<Column name="NM_UNID_HOSPITALAR" id="F15FC35A-B105-177F-5628-EB41A9D0D78E">
<createdBy>Gustavo Padlipskas</createdBy>
<createdTime>2022-08-16 17:50:14 UTC</createdTime>
<generatorID>C6A15613-6831-D4DB-312C-D304AA94D315</generatorID>
<ownerDesignName>Projeto_RHSTU</ownerDesignName>
<useDomainConstraints>false</useDomainConstraints>
<use>1</use>
<logicalDatatype>LOGDT024</logicalDatatype>
<dataTypeSize>80</dataTypeSize>
<ownDataTypeParameters>80,,</ownDataTypeParameters>
<autoIncrementCycle>false</autoIncrementCycle>
</Column>
<Column name="NM_RAZAO_SOCIAL_UNID_HOSP" id="61137312-7169-8953-A8B0-6C151150DF9F">
<createdBy>Gustavo Padlipskas</createdBy>
<createdTime>2022-08-16 17:50:14 UTC</createdTime>
<generatorID>A4261440-ADDF-8394-22C5-FB3922BF7F38</generatorID>
<ownerDesignName>Projeto_RHSTU</ownerDesignName>
<useDomainConstraints>false</useDomainConstraints>
<use>1</use>
<logicalDatatype>LOGDT024</logicalDatatype>
<dataTypeSize>80</dataTypeSize>
<ownDataTypeParameters>80,,</ownDataTypeParameters>
<autoIncrementCycle>false</autoIncrementCycle>
</Column>
<Column name="DT_FUNDACAO" id="D2186170-F38B-CB46-2D3E-102204BD1FC0">
<createdBy>Gustavo Padlipskas</createdBy>
<createdTime>2022-08-16 17:50:14 UTC</createdTime>
<generatorID>39CDA9CB-A12F-65FE-6560-0F46BCA8CC9E</generatorID>
<ownerDesignName>Projeto_RHSTU</ownerDesignName>
<nullsAllowed>true</nullsAllowed>
<useDomainConstraints>false</useDomainConstraints>
<use>1</use>
<logicalDatatype>LOGDT007</logicalDatatype>
<ownDataTypeParameters>,,</ownDataTypeParameters>
<autoIncrementCycle>false</autoIncrementCycle>
</Column>
<Column name="NR_LOGRADOURO" id="086A2238-8904-CEB8-5E60-E786B0BF564D">
<createdBy>Gustavo Padlipskas</createdBy>
<createdTime>2022-08-16 17:50:14 UTC</createdTime>
<comment><![CDATA[Esse atributo irá receber o número do logradouro do endereco da Unidade Hospitalar.  Seu conteúdo é opcional.]]></comment>
<commentInRDBMS><![CDATA[Esse atributo irá receber o número do logradouro do endereco da Unidade Hospitalar.  Seu conteúdo é opcional.]]></commentInRDBMS>
<generatorID>BEFA1CDF-6BBD-BDF9-8E64-507D81834812</generatorID>
<ownerDesignName>Projeto_RHSTU</ownerDesignName>
<nullsAllowed>true</nullsAllowed>
<useDomainConstraints>false</useDomainConstraints>
<use>1</use>
<logicalDatatype>LOGDT019</logicalDatatype>
<dataTypePrecision>7</dataTypePrecision>
<ownDataTypeParameters>,7,</ownDataTypeParameters>
<autoIncrementCycle>false</autoIncrementCycle>
</Column>
<Column name="DS_COMPLEMENTO_NUMERO" id="C9AE4201-FC76-0737-70B9-1A7901709064">
<createdBy>Gustavo Padlipskas</createdBy>
<createdTime>2022-08-16 17:50:14 UTC</createdTime>
<comment><![CDATA[Esse atributo irá receber o complemeneto  do logradouro do endereco da Unidade Hospitalar caso ele exista. Seu conteúdo é opcional.]]></comment>
<commentInRDBMS><![CDATA[Esse atributo irá receber o complemeneto  do logradouro do endereco da Unidade Hospitalar caso ele exista. Seu conteúdo é opcional.]]></commentInRDBMS>
<generatorID>D1C782A3-3034-DBD3-D18D-AF95A37D169B</generatorID>
<ownerDesignName>Projeto_RHSTU</ownerDesignName>
<nullsAllowed>true</nullsAllowed>
<useDomainConstraints>false</useDomainConstraints>
<use>1</use>
<logicalDatatype>LOGDT024</logicalDatatype>
<dataTypeSize>30</dataTypeSize>
<ownDataTypeParameters>30,,</ownDataTypeParameters>
<autoIncrementCycle>false</autoIncrementCycle>
</Column>
<Column name="DS_PONTO_REFERENCIA" id="EEBDB1B5-3C7B-D5FC-FDF5-07C1F83D378D">
<createdBy>Gustavo Padlipskas</createdBy>
<createdTime>2022-08-16 17:50:14 UTC</createdTime>
<comment><![CDATA[Esse atributo irá receber o ponto de referência  do logradouro do endereco do paciente.  Seu conteúdo é opcional.]]></comment>
<commentInRDBMS><![CDATA[Esse atributo irá receber o ponto de referência  do logradouro do endereco da Unidade Hospitalar.]]></commentInRDBMS>
<generatorID>9205F067-F98B-4C26-682B-85E0CC2C88EB</generatorID>
<ownerDesignName>Projeto_RHSTU</ownerDesignName>
<nullsAllowed>true</nullsAllowed>
<useDomainConstraints>false</useDomainConstraints>
<use>1</use>
<logicalDatatype>LOGDT024</logicalDatatype>
<dataTypeSize>50</dataTypeSize>
<ownDataTypeParameters>50,,</ownDataTypeParameters>
<autoIncrementCycle>false</autoIncrementCycle>
</Column>
<Column name="DT_INICIO" id="9A303876-BD3D-E7AA-11EC-472EBBA794EA">
<createdBy>Gustavo Padlipskas</createdBy>
<createdTime>2022-08-16 17:50:14 UTC</createdTime>
<comment><![CDATA[Esse atributo irá receber a data inicio do endereço da Unidade Hospitalar associado ao endereço (logradouro). Seu conteúdo é obrigatorio.]]></comment>
<commentInRDBMS><![CDATA[Esse atributo irá receber a data inicio do endereço da Unidade Hospitalar associado ao endereço (logradouro). Seu conteúdo é obrigatorio.]]></commentInRDBMS>
<generatorID>F3F226C7-837E-2916-32F9-ABEDED13AC27</generatorID>
<ownerDesignName>Projeto_RHSTU</ownerDesignName>
<useDomainConstraints>false</useDomainConstraints>
<use>1</use>
<logicalDatatype>LOGDT007</logicalDatatype>
<ownDataTypeParameters>,,</ownDataTypeParameters>
<autoIncrementCycle>false</autoIncrementCycle>
</Column>
<Column name="DT_TERMINO" id="14220D92-20F0-1AFA-39EB-F4045E9177CB">
<createdBy>Gustavo Padlipskas</createdBy>
<createdTime>2022-08-16 17:50:14 UTC</createdTime>
<comment><![CDATA[Esse atributo irá receber a data término  do endereço da Unidade Hospitalar associado ao endereço (logradouro). Seu conteúdo é opcional..]]></comment>
<commentInRDBMS><![CDATA[Esse atributo irá receber a data término  do endereço da Unidade Hospitalar associado ao endereço (logradouro). Seu conteúdo é opcional.]]></commentInRDBMS>
<generatorID>53F31854-0505-D242-7123-51F4FB4786D6</generatorID>
<ownerDesignName>Projeto_RHSTU</ownerDesignName>
<nullsAllowed>true</nullsAllowed>
<useDomainConstraints>false</useDomainConstraints>
<use>1</use>
<logicalDatatype>LOGDT007</logicalDatatype>
<ownDataTypeParameters>,,</ownDataTypeParameters>
<autoIncrementCycle>false</autoIncrementCycle>
</Column>
</columns>
<indexes itemClass="oracle.dbtools.crest.model.design.relational.Index">
<ind_PK_UK id="AEEC7B6D-21D5-2CA1-99C1-239E3D86ACB7" name="PK_RHSTU_UNI_HOSP_END">
<createdBy>Gustavo Padlipskas</createdBy>
<createdTime>2022-08-16 17:50:14 UTC</createdTime>
<generatorID>D6771B1E-419B-D345-0A01-83C5F181A2D9</generatorID>
<ownerDesignName>Projeto_RHSTU</ownerDesignName>
<pk>true</pk>
<indexState>Primary Constraint</indexState>
<isSurrogateKey>false</isSurrogateKey>
<indexColumnUsage>
<colUsage columnID="963E8E12-B834-AE29-7579-5587B288AE9C"/>
</indexColumnUsage>
</ind_PK_UK>
<ind_PK_UK id="EFE55F3B-59A7-A63B-6717-A696248BA2E6" name="FK_LOGR_END_UNID_HOSPITALAR">
<createdBy>Gustavo Padlipskas</createdBy>
<createdTime>2022-08-16 17:50:14 UTC</createdTime>
<generatorID>C9AA404F-3F73-B562-BF2E-D5A73690E21C</generatorID>
<ownerDesignName>Projeto_RHSTU</ownerDesignName>
<indexState>Foreign Key</indexState>
<isSurrogateKey>false</isSurrogateKey>
<indexColumnUsage>
<colUsage columnID="85026BE4-EA01-F921-2B78-76C9B97EE2B5"/>
</indexColumnUsage>
</ind_PK_UK>
</indexes>
</Table>