

--CRIA TABELA TELEFONE
CREATE TABLE T_SIP_TELEFONE (
    CD_TELEFONE NUMBER(5,0) PRIMARY KEY,
    NR_MATRICULA NUMBER(5,0),
    DS_TELEFONE VARCHAR2(20 BYTE),
    CONSTRAINT fk_matricula FOREIGN KEY (NR_MATRICULA) REFERENCES T_SIP_FUNCIONARIO(NR_MATRICULA)
);

--POPULANDO DOS DEPARTAMENTOS
INSERT INTO T_SIP_DEPTO(cd_depto,nm_depto,sg_depto) 
VALUES(1,'COMERCIAL','CMR');

INSERT INTO T_SIP_DEPTO(cd_depto,nm_depto,sg_depto) 
VALUES(2,'CONTABILIDADE','CBL');

INSERT INTO T_SIP_DEPTO(cd_depto,nm_depto,sg_depto) 
VALUES(3,'ESTOQUE','ETQ');

INSERT INTO T_SIP_DEPTO(cd_depto,nm_depto,sg_depto) 
VALUES(4,'FINANCEIRO','FNC');

INSERT INTO T_SIP_DEPTO(cd_depto,nm_depto,sg_depto) 
VALUES(5,'ATENDIMENTO AO CLIENTE','SAC');

INSERT INTO T_SIP_DEPTO(cd_depto,nm_depto,sg_depto) 
VALUES(6,'RECURSOS HUMANOS','RH');

INSERT INTO T_SIP_DEPTO(cd_depto,nm_depto,sg_depto) 
VALUES(7,'TECNOLOGIA DA INFORMACAO','TI');

--POPULANDO FUNCIONARIOS
INSERT INTO T_SIP_FUNCIONARIO (NR_MATRICULA, CD_DEPTO, NM_FUNCIONARIO, DT_NASCIMENTO, DT_ADMISSAO, VL_SALARIO) 
VALUES (101, 1, 'JOÃO SILVA', TO_DATE('15/05/1984', 'DD/MM/YYYY'), TO_DATE('01/06/2010', 'DD/MM/YYYY'), 5000);
INSERT INTO T_SIP_FUNCIONARIO (NR_MATRICULA, CD_DEPTO, NM_FUNCIONARIO, DT_NASCIMENTO, DT_ADMISSAO, VL_SALARIO) 
VALUES (102, 1, 'MARIA OLIVEIRA', TO_DATE('20/08/1985', 'DD/MM/YYYY'), TO_DATE('15/09/2012', 'DD/MM/YYYY'), 6000);
INSERT INTO T_SIP_FUNCIONARIO (NR_MATRICULA, CD_DEPTO, NM_FUNCIONARIO, DT_NASCIMENTO, DT_ADMISSAO, VL_SALARIO) 
VALUES (103, 1, 'CARLOS SOUZA', TO_DATE('10/12/1990', 'DD/MM/YYYY'), TO_DATE('20/01/2015', 'DD/MM/YYYY'), 5500);
INSERT INTO T_SIP_FUNCIONARIO (NR_MATRICULA, CD_DEPTO, NM_FUNCIONARIO, DT_NASCIMENTO, DT_ADMISSAO, VL_SALARIO) 
VALUES (104, 1, 'ANA PEREIRA', TO_DATE('25/03/1992', 'DD/MM/YYYY'), TO_DATE('10/04/2018', 'DD/MM/YYYY'), 6200);
INSERT INTO T_SIP_FUNCIONARIO (NR_MATRICULA, CD_DEPTO, NM_FUNCIONARIO, DT_NASCIMENTO, DT_ADMISSAO, VL_SALARIO) 
VALUES (105, 1, 'PEDRO SANTOS', TO_DATE('30/07/1988', 'DD/MM/YYYY'), TO_DATE('05/11/2011', 'DD/MM/YYYY'), 5800);


INSERT INTO T_SIP_FUNCIONARIO (NR_MATRICULA, CD_DEPTO, NM_FUNCIONARIO, DT_NASCIMENTO, DT_ADMISSAO, VL_SALARIO) 
VALUES (106, 2, 'LUCAS MENDES', TO_DATE('12/02/1983', 'DD/MM/YYYY'), TO_DATE('22/07/2009', 'DD/MM/YYYY'), 5100);
INSERT INTO T_SIP_FUNCIONARIO (NR_MATRICULA, CD_DEPTO, NM_FUNCIONARIO, DT_NASCIMENTO, DT_ADMISSAO, VL_SALARIO) 
VALUES (107, 2, 'FERNANDA LIMA', TO_DATE('18/11/1987', 'DD/MM/YYYY'), TO_DATE('03/03/2013', 'DD/MM/YYYY'), 6200);
INSERT INTO T_SIP_FUNCIONARIO (NR_MATRICULA, CD_DEPTO, NM_FUNCIONARIO, DT_NASCIMENTO, DT_ADMISSAO, VL_SALARIO) 
VALUES (108, 2, 'RAFAEL ALMEIDA', TO_DATE('05/06/1991', 'DD/MM/YYYY'), TO_DATE('14/08/2016', 'DD/MM/YYYY'), 5400);
INSERT INTO T_SIP_FUNCIONARIO (NR_MATRICULA, CD_DEPTO, NM_FUNCIONARIO, DT_NASCIMENTO, DT_ADMISSAO, VL_SALARIO) 
VALUES (109, 2, 'JULIANA COSTA', TO_DATE('22/09/1989', 'DD/MM/YYYY'), TO_DATE('29/10/2014', 'DD/MM/YYYY'), 6300);
INSERT INTO T_SIP_FUNCIONARIO (NR_MATRICULA, CD_DEPTO, NM_FUNCIONARIO, DT_NASCIMENTO, DT_ADMISSAO, VL_SALARIO) 
VALUES (110, 2, 'GUSTAVO FERREIRA', TO_DATE('11/01/1986', 'DD/MM/YYYY'), TO_DATE('17/05/2011', 'DD/MM/YYYY'), 5900);


INSERT INTO T_SIP_FUNCIONARIO (NR_MATRICULA, CD_DEPTO, NM_FUNCIONARIO, DT_NASCIMENTO, DT_ADMISSAO, VL_SALARIO) 
VALUES (111, 3, 'BRUNO RIBEIRO', TO_DATE('07/04/1984', 'DD/MM/YYYY'), TO_DATE('12/12/2010', 'DD/MM/YYYY'), 5200);
INSERT INTO T_SIP_FUNCIONARIO (NR_MATRICULA, CD_DEPTO, NM_FUNCIONARIO, DT_NASCIMENTO, DT_ADMISSAO, VL_SALARIO) 
VALUES (112, 3, 'PATRICIA MARTINS', TO_DATE('19/10/1988', 'DD/MM/YYYY'), TO_DATE('25/06/2013', 'DD/MM/YYYY'), 6100);
INSERT INTO T_SIP_FUNCIONARIO (NR_MATRICULA, CD_DEPTO, NM_FUNCIONARIO, DT_NASCIMENTO, DT_ADMISSAO, VL_SALARIO) 
VALUES (113, 3, 'ANDRE LOPES', TO_DATE('03/03/1992', 'DD/MM/YYYY'), TO_DATE('08/09/2015', 'DD/MM/YYYY'), 5300);
INSERT INTO T_SIP_FUNCIONARIO (NR_MATRICULA, CD_DEPTO, NM_FUNCIONARIO, DT_NASCIMENTO, DT_ADMISSAO, VL_SALARIO) 
VALUES (114, 3, 'LARISSA SOUZA', TO_DATE('28/07/1990', 'DD/MM/YYYY'), TO_DATE('19/11/2017', 'DD/MM/YYYY'), 6400);
INSERT INTO T_SIP_FUNCIONARIO (NR_MATRICULA, CD_DEPTO, NM_FUNCIONARIO, DT_NASCIMENTO, DT_ADMISSAO, VL_SALARIO) 
VALUES (115, 3, 'MARCOS ARAUJO', TO_DATE('15/05/1987', 'DD/MM/YYYY'), TO_DATE('30/01/2012', 'DD/MM/YYYY'), 6000);


INSERT INTO T_SIP_FUNCIONARIO (NR_MATRICULA, CD_DEPTO, NM_FUNCIONARIO, DT_NASCIMENTO, DT_ADMISSAO, VL_SALARIO) 
VALUES (116, 4, 'RODRIGO PEREIRA', TO_DATE('21/08/1985', 'DD/MM/YYYY'), TO_DATE('11/04/2011', 'DD/MM/YYYY'), 5300);
INSERT INTO T_SIP_FUNCIONARIO (NR_MATRICULA, CD_DEPTO, NM_FUNCIONARIO, DT_NASCIMENTO, DT_ADMISSAO, VL_SALARIO) 
VALUES (117, 4, 'ISABELA MORAES', TO_DATE('09/12/1989', 'DD/MM/YYYY'), TO_DATE('23/07/2014', 'DD/MM/YYYY'), 6200);
INSERT INTO T_SIP_FUNCIONARIO (NR_MATRICULA, CD_DEPTO, NM_FUNCIONARIO, DT_NASCIMENTO, DT_ADMISSAO, VL_SALARIO) 
VALUES (118, 4, 'TIAGO SANTANA', TO_DATE('14/03/1991', 'DD/MM/YYYY'), TO_DATE('05/10/2016', 'DD/MM/YYYY'), 5500);
INSERT INTO T_SIP_FUNCIONARIO (NR_MATRICULA, CD_DEPTO, NM_FUNCIONARIO, DT_NASCIMENTO, DT_ADMISSAO, VL_SALARIO) 
VALUES (119, 4, 'CAMILA BARROS', TO_DATE('30/06/1988', 'DD/MM/YYYY'), TO_DATE('17/12/2018', 'DD/MM/YYYY'), 6300);
INSERT INTO T_SIP_FUNCIONARIO (NR_MATRICULA, CD_DEPTO, NM_FUNCIONARIO, DT_NASCIMENTO, DT_ADMISSAO, VL_SALARIO) 
VALUES (120, 4, 'FELIPE GOMES', TO_DATE('25/11/1986', 'DD/MM/YYYY'), TO_DATE('29/02/2012', 'DD/MM/YYYY'), 5900);


INSERT INTO T_SIP_FUNCIONARIO (NR_MATRICULA, CD_DEPTO, NM_FUNCIONARIO, DT_NASCIMENTO, DT_ADMISSAO, VL_SALARIO) 
VALUES (121, 5, 'RICARDO ALVES', TO_DATE('13/01/1984', 'DD/MM/YYYY'), TO_DATE('10/05/2010', 'DD/MM/YYYY'), 5400);
INSERT INTO T_SIP_FUNCIONARIO (NR_MATRICULA, CD_DEPTO, NM_FUNCIONARIO, DT_NASCIMENTO, DT_ADMISSAO, VL_SALARIO) 
VALUES (122, 5, 'VANESSA SILVA', TO_DATE('27/09/1987', 'DD/MM/YYYY'), TO_DATE('21/08/2013', 'DD/MM/YYYY'), 6100);
INSERT INTO T_SIP_FUNCIONARIO (NR_MATRICULA, CD_DEPTO, NM_FUNCIONARIO, DT_NASCIMENTO, DT_ADMISSAO, VL_SALARIO) 
VALUES (123, 5, 'DIEGO LIMA', TO_DATE('04/02/1990', 'DD/MM/YYYY'), TO_DATE('02/11/2015', 'DD/MM/YYYY'), 5500);
INSERT INTO T_SIP_FUNCIONARIO (NR_MATRICULA, CD_DEPTO, NM_FUNCIONARIO, DT_NASCIMENTO, DT_ADMISSAO, VL_SALARIO) 
VALUES (124, 5, 'JULIA CARVALHO', TO_DATE('16/06/1992', 'DD/MM/YYYY'), TO_DATE('14/01/2018', 'DD/MM/YYYY'), 6400);
INSERT INTO T_SIP_FUNCIONARIO (NR_MATRICULA, CD_DEPTO, NM_FUNCIONARIO, DT_NASCIMENTO, DT_ADMISSAO, VL_SALARIO) 
VALUES (125, 5, 'MATEUS ROCHA', TO_DATE('29/10/1988', 'DD/MM/YYYY'), TO_DATE('26/03/2011', 'DD/MM/YYYY'), 6000);


INSERT INTO T_SIP_FUNCIONARIO (NR_MATRICULA, CD_DEPTO, NM_FUNCIONARIO, DT_NASCIMENTO, DT_ADMISSAO, VL_SALARIO) 
VALUES (126, 6, 'GABRIELA FERREIRA', TO_DATE('08/04/1985', 'DD/MM/YYYY'), TO_DATE('18/06/2011', 'DD/MM/YYYY'), 5300);
INSERT INTO T_SIP_FUNCIONARIO (NR_MATRICULA, CD_DEPTO, NM_FUNCIONARIO, DT_NASCIMENTO, DT_ADMISSAO, VL_SALARIO) 
VALUES (127, 6, 'LEONARDO COSTA', TO_DATE('12/12/1989', 'DD/MM/YYYY'), TO_DATE('30/09/2014', 'DD/MM/YYYY'), 6200);
INSERT INTO T_SIP_FUNCIONARIO (NR_MATRICULA, CD_DEPTO, NM_FUNCIONARIO, DT_NASCIMENTO, DT_ADMISSAO, VL_SALARIO) 
VALUES (128, 6, 'RAQUEL MENDES', TO_DATE('05/03/1991', 'DD/MM/YYYY'), TO_DATE('11/11/2016', 'DD/MM/YYYY'), 5500);
INSERT INTO T_SIP_FUNCIONARIO (NR_MATRICULA, CD_DEPTO, NM_FUNCIONARIO, DT_NASCIMENTO, DT_ADMISSAO, VL_SALARIO) 
VALUES (129, 6, 'HENRIQUE SOUZA', TO_DATE('22/07/1988', 'DD/MM/YYYY'), TO_DATE('23/01/2018', 'DD/MM/YYYY'), 6300);
INSERT INTO T_SIP_FUNCIONARIO (NR_MATRICULA, CD_DEPTO, NM_FUNCIONARIO, DT_NASCIMENTO, DT_ADMISSAO, VL_SALARIO) 
VALUES (130, 6, 'LUIZ PEREIRA', TO_DATE('17/11/1986', 'DD/MM/YYYY'), TO_DATE('05/05/2012', 'DD/MM/YYYY'), 5900);


INSERT INTO T_SIP_FUNCIONARIO (NR_MATRICULA, CD_DEPTO, NM_FUNCIONARIO, DT_NASCIMENTO, DT_ADMISSAO, VL_SALARIO) 
VALUES (131, 7, 'ALINE SANTOS', TO_DATE('03/02/1984', 'DD/MM/YYYY'), TO_DATE('15/07/2010', 'DD/MM/YYYY'), 5400);
INSERT INTO T_SIP_FUNCIONARIO (NR_MATRICULA, CD_DEPTO, NM_FUNCIONARIO, DT_NASCIMENTO, DT_ADMISSAO, VL_SALARIO) 
VALUES (132, 7, 'ROBERTO LIMA', TO_DATE('19/09/1987', 'DD/MM/YYYY'), TO_DATE('27/10/2013', 'DD/MM/YYYY'), 6100);
INSERT INTO T_SIP_FUNCIONARIO (NR_MATRICULA, CD_DEPTO, NM_FUNCIONARIO, DT_NASCIMENTO, DT_ADMISSAO, VL_SALARIO) 
VALUES (133, 7, 'SANDRA OLIVEIRA', TO_DATE('11/06/1990', 'DD/MM/YYYY'), TO_DATE('08/12/2015', 'DD/MM/YYYY'), 5500);
INSERT INTO T_SIP_FUNCIONARIO (NR_MATRICULA, CD_DEPTO, NM_FUNCIONARIO, DT_NASCIMENTO, DT_ADMISSAO, VL_SALARIO) 
VALUES (134, 7, 'FÁBIO ALMEIDA', TO_DATE('24/01/1992', 'DD/MM/YYYY'), TO_DATE('20/02/2018', 'DD/MM/YYYY'), 6400);
INSERT INTO T_SIP_FUNCIONARIO (NR_MATRICULA, CD_DEPTO, NM_FUNCIONARIO, DT_NASCIMENTO, DT_ADMISSAO, VL_SALARIO) 
VALUES (135, 7, 'THAIS MARTINS', TO_DATE('30/08/1988', 'DD/MM/YYYY'), TO_DATE('02/04/2011', 'DD/MM/YYYY'), 6000);



--DEPENDENTES

-- Dependentes para o funcionário com NR_MATRICULA 101
INSERT INTO T_SIP_DEPENDENTE (NR_MATRICULA, CD_DEPENDENTE, NM_DEPENDENTE, DT_NASCIMENTO) 
VALUES (101, 1, 'LUCAS SILVA', TO_DATE('15/05/2010', 'DD/MM/YYYY'));
INSERT INTO T_SIP_DEPENDENTE (NR_MATRICULA, CD_DEPENDENTE, NM_DEPENDENTE, DT_NASCIMENTO) 
VALUES (101, 2, 'ANA SILVA', TO_DATE('20/08/2012', 'DD/MM/YYYY'));
INSERT INTO T_SIP_DEPENDENTE (NR_MATRICULA, CD_DEPENDENTE, NM_DEPENDENTE, DT_NASCIMENTO) 
VALUES (101, 3, 'CARLOS SILVA', TO_DATE('10/12/2014', 'DD/MM/YYYY'));

-- Dependentes para o funcionário com NR_MATRICULA 107
INSERT INTO T_SIP_DEPENDENTE (NR_MATRICULA, CD_DEPENDENTE, NM_DEPENDENTE, DT_NASCIMENTO) 
VALUES (107, 1, 'FERNANDA LIMA', TO_DATE('18/11/2012', 'DD/MM/YYYY'));
INSERT INTO T_SIP_DEPENDENTE (NR_MATRICULA, CD_DEPENDENTE, NM_DEPENDENTE, DT_NASCIMENTO) 
VALUES (107, 2, 'RAFAEL LIMA', TO_DATE('05/06/2014', 'DD/MM/YYYY'));
INSERT INTO T_SIP_DEPENDENTE (NR_MATRICULA, CD_DEPENDENTE, NM_DEPENDENTE, DT_NASCIMENTO) 
VALUES (107, 3, 'JULIANA LIMA', TO_DATE('22/09/2016', 'DD/MM/YYYY'));

-- Dependentes para o funcionário com NR_MATRICULA 115
INSERT INTO T_SIP_DEPENDENTE (NR_MATRICULA, CD_DEPENDENTE, NM_DEPENDENTE, DT_NASCIMENTO) 
VALUES (115, 1, 'MARCOS ARAUJO', TO_DATE('15/05/2012', 'DD/MM/YYYY'));
INSERT INTO T_SIP_DEPENDENTE (NR_MATRICULA, CD_DEPENDENTE, NM_DEPENDENTE, DT_NASCIMENTO) 
VALUES (115, 2, 'RODRIGO ARAUJO', TO_DATE('19/10/2014', 'DD/MM/YYYY'));
INSERT INTO T_SIP_DEPENDENTE (NR_MATRICULA, CD_DEPENDENTE, NM_DEPENDENTE, DT_NASCIMENTO) 
VALUES (115, 3, 'PATRICIA ARAUJO', TO_DATE('03/03/2016', 'DD/MM/YYYY'));


-- Telefones para o funcionário com matrícula 101
INSERT INTO T_SIP_TELEFONE (CD_TELEFONE, NR_MATRICULA, DS_TELEFONE) 
VALUES (1, 101, '(11) 91234-5678');
INSERT INTO T_SIP_TELEFONE (CD_TELEFONE, NR_MATRICULA, DS_TELEFONE) 
VALUES (2, 101, '(11) 92345-6789');

-- Telefones para o funcionário com matrícula 102
INSERT INTO T_SIP_TELEFONE (CD_TELEFONE, NR_MATRICULA, DS_TELEFONE) 
VALUES (3, 102, '(11) 93456-7890');
INSERT INTO T_SIP_TELEFONE (CD_TELEFONE, NR_MATRICULA, DS_TELEFONE) 
VALUES (4, 102, '(11) 94567-8901');

-- Telefones para o funcionário com matrícula 103
INSERT INTO T_SIP_TELEFONE (CD_TELEFONE, NR_MATRICULA, DS_TELEFONE) 
VALUES (5, 103, '(11) 95678-9012');
INSERT INTO T_SIP_TELEFONE (CD_TELEFONE, NR_MATRICULA, DS_TELEFONE) 
VALUES (6, 103, '(11) 96789-0123');

-- Telefones para o funcionário com matrícula 104
INSERT INTO T_SIP_TELEFONE (CD_TELEFONE, NR_MATRICULA, DS_TELEFONE) 
VALUES (7, 104, '(11) 97890-1234');
INSERT INTO T_SIP_TELEFONE (CD_TELEFONE, NR_MATRICULA, DS_TELEFONE) 
VALUES (8, 104, '(11) 98901-2345');

-- Telefones para o funcionário com matrícula 105
INSERT INTO T_SIP_TELEFONE (CD_TELEFONE, NR_MATRICULA, DS_TELEFONE) 
VALUES (9, 105, '(11) 99012-3456');
INSERT INTO T_SIP_TELEFONE (CD_TELEFONE, NR_MATRICULA, DS_TELEFONE) 
VALUES (10, 105, '(11) 90123-4567');

-- Telefones para o funcionário com matrícula 106
INSERT INTO T_SIP_TELEFONE (CD_TELEFONE, NR_MATRICULA, DS_TELEFONE) 
VALUES (11, 106, '(11) 91234-5678');
INSERT INTO T_SIP_TELEFONE (CD_TELEFONE, NR_MATRICULA, DS_TELEFONE) 
VALUES (12, 106, '(11) 92345-6789');

-- Telefones para o funcionário com matrícula 107
INSERT INTO T_SIP_TELEFONE (CD_TELEFONE, NR_MATRICULA, DS_TELEFONE) 
VALUES (13, 107, '(11) 93456-7890');
INSERT INTO T_SIP_TELEFONE (CD_TELEFONE, NR_MATRICULA, DS_TELEFONE) 
VALUES (14, 107, '(11) 94567-8901');

-- Telefones para o funcionário com matrícula 108
INSERT INTO T_SIP_TELEFONE (CD_TELEFONE, NR_MATRICULA, DS_TELEFONE) 
VALUES (15, 108, '(11) 95678-9012');
INSERT INTO T_SIP_TELEFONE (CD_TELEFONE, NR_MATRICULA, DS_TELEFONE) 
VALUES (16, 108, '(11) 96789-0123');

-- Telefones para o funcionário com matrícula 109
INSERT INTO T_SIP_TELEFONE (CD_TELEFONE, NR_MATRICULA, DS_TELEFONE) 
VALUES (17, 109, '(11) 97890-1234');
INSERT INTO T_SIP_TELEFONE (CD_TELEFONE, NR_MATRICULA, DS_TELEFONE) 
VALUES (18, 109, '(11) 98901-2345');

-- Telefones para o funcionário com matrícula 110
INSERT INTO T_SIP_TELEFONE (CD_TELEFONE, NR_MATRICULA, DS_TELEFONE) 
VALUES (19, 110, '(11) 99012-3456');
INSERT INTO T_SIP_TELEFONE (CD_TELEFONE, NR_MATRICULA, DS_TELEFONE) 
VALUES (20, 110, '(11) 90123-4567');

-- Telefones para o funcionário com matrícula 111
INSERT INTO T_SIP_TELEFONE (CD_TELEFONE, NR_MATRICULA, DS_TELEFONE) 
VALUES (21, 111, '(11) 91234-5678');
INSERT INTO T_SIP_TELEFONE (CD_TELEFONE, NR_MATRICULA, DS_TELEFONE) 
VALUES (70, 111, '(11) 92345-6789');

-- Telefones para o funcionário com matrícula 112
INSERT INTO T_SIP_TELEFONE (CD_TELEFONE, NR_MATRICULA, DS_TELEFONE) 
VALUES (22, 112, '(11) 93456-7890');
INSERT INTO T_SIP_TELEFONE (CD_TELEFONE, NR_MATRICULA, DS_TELEFONE) 
VALUES (23, 112, '(11) 94567-8901');

-- Telefones para o funcionário com matrícula 113
INSERT INTO T_SIP_TELEFONE (CD_TELEFONE, NR_MATRICULA, DS_TELEFONE) 
VALUES (24, 113, '(11) 95678-9012');
INSERT INTO T_SIP_TELEFONE (CD_TELEFONE, NR_MATRICULA, DS_TELEFONE) 
VALUES (25, 113, '(11) 96789-0123');

-- Telefones para o funcionário com matrícula 114
INSERT INTO T_SIP_TELEFONE (CD_TELEFONE, NR_MATRICULA, DS_TELEFONE) 
VALUES (26, 114, '(11) 97890-1234');
INSERT INTO T_SIP_TELEFONE (CD_TELEFONE, NR_MATRICULA, DS_TELEFONE) 
VALUES (27, 114, '(11) 98901-2345');

-- Telefones para o funcionário com matrícula 115
INSERT INTO T_SIP_TELEFONE (CD_TELEFONE, NR_MATRICULA, DS_TELEFONE) 
VALUES (28, 115, '(11) 99012-3456');
INSERT INTO T_SIP_TELEFONE (CD_TELEFONE, NR_MATRICULA, DS_TELEFONE) 
VALUES (29, 115, '(11) 90123-4567');

-- Telefones para o funcionário com matrícula 116
INSERT INTO T_SIP_TELEFONE (CD_TELEFONE, NR_MATRICULA, DS_TELEFONE) 
VALUES (30, 116, '(11) 91234-5678');
INSERT INTO T_SIP_TELEFONE (CD_TELEFONE, NR_MATRICULA, DS_TELEFONE) 
VALUES (31, 116, '(11) 92345-6789');

-- Telefones para o funcionário com matrícula 117
INSERT INTO T_SIP_TELEFONE (CD_TELEFONE, NR_MATRICULA, DS_TELEFONE) 
VALUES (32, 117, '(11) 93456-7890');
INSERT INTO T_SIP_TELEFONE (CD_TELEFONE, NR_MATRICULA, DS_TELEFONE) 
VALUES (33, 117, '(11) 94567-8901');

-- Telefones para o funcionário com matrícula 118
INSERT INTO T_SIP_TELEFONE (CD_TELEFONE, NR_MATRICULA, DS_TELEFONE) 
VALUES (34, 118, '(11) 95678-9012');
INSERT INTO T_SIP_TELEFONE (CD_TELEFONE, NR_MATRICULA, DS_TELEFONE) 
VALUES (35, 118, '(11) 96789-0123');

-- Telefones para o funcionário com matrícula 119
INSERT INTO T_SIP_TELEFONE (CD_TELEFONE, NR_MATRICULA, DS_TELEFONE) 
VALUES (36, 119, '(11) 97890-1234');
INSERT INTO T_SIP_TELEFONE (CD_TELEFONE, NR_MATRICULA, DS_TELEFONE) 
VALUES (37, 119, '(11) 98901-2345');

-- Telefones para o funcionário com matrícula 120
INSERT INTO T_SIP_TELEFONE (CD_TELEFONE, NR_MATRICULA, DS_TELEFONE) 
VALUES (38, 120, '(11) 99012-3456');
INSERT INTO T_SIP_TELEFONE (CD_TELEFONE, NR_MATRICULA, DS_TELEFONE) 
VALUES (39, 120, '(11) 90123-4567');

-- Telefones para o funcionário com matrícula 121
INSERT INTO T_SIP_TELEFONE (CD_TELEFONE, NR_MATRICULA, DS_TELEFONE) 
VALUES (40, 121, '(11) 91234-5678');
INSERT INTO T_SIP_TELEFONE (CD_TELEFONE, NR_MATRICULA, DS_TELEFONE) 
VALUES (41, 121, '(11) 92345-6789');

-- Telefones para o funcionário com matrícula 122
INSERT INTO T_SIP_TELEFONE (CD_TELEFONE, NR_MATRICULA, DS_TELEFONE) 
VALUES (42, 122, '(11) 93456-7890');
INSERT INTO T_SIP_TELEFONE (CD_TELEFONE, NR_MATRICULA, DS_TELEFONE) 
VALUES (43, 122, '(11) 94567-8901');

-- Telefones para o funcionário com matrícula 123
INSERT INTO T_SIP_TELEFONE (CD_TELEFONE, NR_MATRICULA, DS_TELEFONE) 
VALUES (44, 123, '(11) 95678-9012');
INSERT INTO T_SIP_TELEFONE (CD_TELEFONE, NR_MATRICULA, DS_TELEFONE) 
VALUES (45, 123, '(11) 96789-0123');

-- Telefones para o funcionário com matrícula 124
INSERT INTO T_SIP_TELEFONE (CD_TELEFONE, NR_MATRICULA, DS_TELEFONE) 
VALUES (46, 124, '(11) 97890-1234');
INSERT INTO T_SIP_TELEFONE (CD_TELEFONE, NR_MATRICULA, DS_TELEFONE) 
VALUES (47, 124, '(11) 98901-2345');

-- Telefones para o funcionário com matrícula 125
INSERT INTO T_SIP_TELEFONE (CD_TELEFONE, NR_MATRICULA, DS_TELEFONE) 
VALUES (48, 125, '(11) 99012-3456');
INSERT INTO T_SIP_TELEFONE (CD_TELEFONE, NR_MATRICULA, DS_TELEFONE) 
VALUES (49, 125, '(11) 90123-4567');

-- Telefones para o funcionário com matrícula 126
INSERT INTO T_SIP_TELEFONE (CD_TELEFONE, NR_MATRICULA, DS_TELEFONE) 
VALUES (50, 126, '(11) 91234-5678');
INSERT INTO T_SIP_TELEFONE (CD_TELEFONE, NR_MATRICULA, DS_TELEFONE) 
VALUES (51, 126, '(11) 92345-6789');

-- Telefones para o funcionário com matrícula 127
INSERT INTO T_SIP_TELEFONE (CD_TELEFONE, NR_MATRICULA, DS_TELEFONE) 
VALUES (52, 127, '(11) 93456-7890');
INSERT INTO T_SIP_TELEFONE (CD_TELEFONE, NR_MATRICULA, DS_TELEFONE) 
VALUES (53, 127, '(11) 94567-8901');

-- Telefones para o funcionário com matrícula 128
INSERT INTO T_SIP_TELEFONE (CD_TELEFONE, NR_MATRICULA, DS_TELEFONE) 
VALUES (54, 128, '(11) 95678-9012');
INSERT INTO T_SIP_TELEFONE (CD_TELEFONE, NR_MATRICULA, DS_TELEFONE) 
VALUES (55, 128, '(11) 96789-0123');

-- Telefones para o funcionário com matrícula 129
INSERT INTO T_SIP_TELEFONE (CD_TELEFONE, NR_MATRICULA, DS_TELEFONE) 
VALUES (56, 129, '(11) 97890-1234');
INSERT INTO T_SIP_TELEFONE (CD_TELEFONE, NR_MATRICULA, DS_TELEFONE) 
VALUES (57, 129, '(11) 98901-2345');

-- Telefones para o funcionário com matrícula 130
INSERT INTO T_SIP_TELEFONE (CD_TELEFONE, NR_MATRICULA, DS_TELEFONE) 
VALUES (58, 130, '(11) 99012-3456');
INSERT INTO T_SIP_TELEFONE (CD_TELEFONE, NR_MATRICULA, DS_TELEFONE) 
VALUES (59, 130, '(11) 90123-4567');

-- Telefones para o funcionário com matrícula 131
INSERT INTO T_SIP_TELEFONE (CD_TELEFONE, NR_MATRICULA, DS_TELEFONE) 
VALUES (60, 131, '(11) 91234-5678');
INSERT INTO T_SIP_TELEFONE (CD_TELEFONE, NR_MATRICULA, DS_TELEFONE) 
VALUES (61, 131, '(11) 92345-6789');

-- Telefones para o funcionário com matrícula 132
INSERT INTO T_SIP_TELEFONE (CD_TELEFONE, NR_MATRICULA, DS_TELEFONE) 
VALUES (62, 132, '(11) 93456-7890');
INSERT INTO T_SIP_TELEFONE (CD_TELEFONE, NR_MATRICULA, DS_TELEFONE) 
VALUES (63, 132, '(11) 94567-8901');

-- Telefones para o funcionário com matrícula 133
INSERT INTO T_SIP_TELEFONE (CD_TELEFONE, NR_MATRICULA, DS_TELEFONE) 
VALUES (64, 133, '(11) 95678-9012');
INSERT INTO T_SIP_TELEFONE (CD_TELEFONE, NR_MATRICULA, DS_TELEFONE) 
VALUES (65, 133, '(11) 96789-0123');

-- Telefones para o funcionário com matrícula 134
INSERT INTO T_SIP_TELEFONE (CD_TELEFONE, NR_MATRICULA, DS_TELEFONE) 
VALUES (66, 134, '(11) 97890-1234');
INSERT INTO T_SIP_TELEFONE (CD_TELEFONE, NR_MATRICULA, DS_TELEFONE) 
VALUES (67, 134, '(11) 98901-2345');

-- Telefones para o funcionário com matrícula 135
INSERT INTO T_SIP_TELEFONE (CD_TELEFONE, NR_MATRICULA, DS_TELEFONE) 
VALUES (68, 135, '(11) 99012-3456');
INSERT INTO T_SIP_TELEFONE (CD_TELEFONE, NR_MATRICULA, DS_TELEFONE) 
VALUES (69, 135, '(11) 90123-4567');


--projetos 

-- Projetos com data de término
INSERT INTO T_SIP_PROJETO (CD_PROJETO, NM_PROJETO, DT_INICIO, DT_TERMINO) 
VALUES (1, 'IMPLANTAÇÃO INFRAESTRUTURA CLOUD AZURE', TO_DATE('01/01/2023', 'DD/MM/YYYY'), TO_DATE('31/12/2023', 'DD/MM/YYYY'));

INSERT INTO T_SIP_PROJETO (CD_PROJETO, NM_PROJETO, DT_INICIO, DT_TERMINO) 
VALUES (2, 'APP MOBILE SAKSPILDAP', TO_DATE('15/02/2023', 'DD/MM/YYYY'), TO_DATE('15/08/2023', 'DD/MM/YYYY'));

-- Projetos sem data de término
INSERT INTO T_SIP_PROJETO (CD_PROJETO, NM_PROJETO, DT_INICIO, DT_TERMINO) 
VALUES (3, 'PORTAL SAKSPILDAP', TO_DATE('01/03/2023', 'DD/MM/YYYY'), NULL);

INSERT INTO T_SIP_PROJETO (CD_PROJETO, NM_PROJETO, DT_INICIO, DT_TERMINO) 
VALUES (4, 'BANCO DE DADOS SQLSERVER NO AZURE', TO_DATE('10/04/2023', 'DD/MM/YYYY'), NULL);

INSERT INTO T_SIP_PROJETO (CD_PROJETO, NM_PROJETO, DT_INICIO, DT_TERMINO) 
VALUES (5, 'ATUALIZAÇÃO DO SISTEMA DE CLIENTES', TO_DATE('20/05/2023', 'DD/MM/YYYY'), NULL);


--Projeto 1: IMPLANTAÇÃO INFRAESTRUTURA CLOUD AZURE
--Data de Início: 01/01/2023
--Data de Término: 31/12/2023

-- Funcionário 101
INSERT INTO T_SIP_IMPLANTACAO (CD_PROJETO, CD_IMPLANTACAO, NR_MATRICULA, DT_ENTRADA, DT_SAIDA) 
VALUES (1, 1, 101, TO_DATE('01/01/2023', 'DD/MM/YYYY'), TO_DATE('31/12/2023', 'DD/MM/YYYY'));

-- Funcionário 102
INSERT INTO T_SIP_IMPLANTACAO (CD_PROJETO, CD_IMPLANTACAO, NR_MATRICULA, DT_ENTRADA, DT_SAIDA) 
VALUES (1, 2, 102, TO_DATE('01/01/2023', 'DD/MM/YYYY'), TO_DATE('31/12/2023', 'DD/MM/YYYY'));

-- Funcionário 103
INSERT INTO T_SIP_IMPLANTACAO (CD_PROJETO, CD_IMPLANTACAO, NR_MATRICULA, DT_ENTRADA, DT_SAIDA) 
VALUES (1, 3, 103, TO_DATE('01/01/2023', 'DD/MM/YYYY'), TO_DATE('31/12/2023', 'DD/MM/YYYY'));


--Projeto 2: APP MOBILE SAKSPILDAP
--Data de Início: 15/02/2023
--Data de Término: 15/08/2023

-- Funcionário 104
INSERT INTO T_SIP_IMPLANTACAO (CD_PROJETO, CD_IMPLANTACAO, NR_MATRICULA, DT_ENTRADA, DT_SAIDA) 
VALUES (2, 1, 104, TO_DATE('15/02/2023', 'DD/MM/YYYY'), TO_DATE('15/08/2023', 'DD/MM/YYYY'));

-- Funcionário 105
INSERT INTO T_SIP_IMPLANTACAO (CD_PROJETO, CD_IMPLANTACAO, NR_MATRICULA, DT_ENTRADA, DT_SAIDA) 
VALUES (2, 2, 105, TO_DATE('15/02/2023', 'DD/MM/YYYY'), TO_DATE('15/08/2023', 'DD/MM/YYYY'));

-- Funcionário 106
INSERT INTO T_SIP_IMPLANTACAO (CD_PROJETO, CD_IMPLANTACAO, NR_MATRICULA, DT_ENTRADA, DT_SAIDA) 
VALUES (2, 3, 106, TO_DATE('15/02/2023', 'DD/MM/YYYY'), TO_DATE('15/08/2023', 'DD/MM/YYYY'));


--Projeto 3: PORTAL SAKSPILDAP
--Data de Início: 01/03/2023
--Data de Término: NULL (Projeto em andamento)

-- Funcionário 107
INSERT INTO T_SIP_IMPLANTACAO (CD_PROJETO, CD_IMPLANTACAO, NR_MATRICULA, DT_ENTRADA, DT_SAIDA) 
VALUES (3, 1, 107, TO_DATE('01/03/2023', 'DD/MM/YYYY'), NULL);

-- Funcionário 108
INSERT INTO T_SIP_IMPLANTACAO (CD_PROJETO, CD_IMPLANTACAO, NR_MATRICULA, DT_ENTRADA, DT_SAIDA) 
VALUES (3, 2, 108, TO_DATE('01/03/2023', 'DD/MM/YYYY'), NULL);

-- Funcionário 109
INSERT INTO T_SIP_IMPLANTACAO (CD_PROJETO, CD_IMPLANTACAO, NR_MATRICULA, DT_ENTRADA, DT_SAIDA) 
VALUES (3, 3, 109, TO_DATE('01/03/2023', 'DD/MM/YYYY'), NULL);


-- Cidades
INSERT INTO T_SIP_CIDADE (CD_CIDADE, CD_ESTADO, NM_CIDADE) VALUES (1, 25, 'São Paulo');
INSERT INTO T_SIP_CIDADE (CD_CIDADE, CD_ESTADO, NM_CIDADE) VALUES (2, 25, 'Campinas');
INSERT INTO T_SIP_CIDADE (CD_CIDADE, CD_ESTADO, NM_CIDADE) VALUES (3, 25, 'Santos');
INSERT INTO T_SIP_CIDADE (CD_CIDADE, CD_ESTADO, NM_CIDADE) VALUES (4, 25, 'Sorocaba');
INSERT INTO T_SIP_CIDADE (CD_CIDADE, CD_ESTADO, NM_CIDADE) VALUES (5, 25, 'São José dos Campos');
INSERT INTO T_SIP_CIDADE (CD_CIDADE, CD_ESTADO, NM_CIDADE) VALUES (6, 25, 'Ribeirão Preto');
INSERT INTO T_SIP_CIDADE (CD_CIDADE, CD_ESTADO, NM_CIDADE) VALUES (7, 25, 'Bauru');
INSERT INTO T_SIP_CIDADE (CD_CIDADE, CD_ESTADO, NM_CIDADE) VALUES (8, 25, 'São Bernardo do Campo');
INSERT INTO T_SIP_CIDADE (CD_CIDADE, CD_ESTADO, NM_CIDADE) VALUES (9, 25, 'Santo André');
INSERT INTO T_SIP_CIDADE (CD_CIDADE, CD_ESTADO, NM_CIDADE) VALUES (10, 25, 'Guarulhos');

-- Bairros para a cidade de São Paulo
INSERT INTO T_SIP_BAIRRO (CD_BAIRRO, CD_CIDADE, NM_BAIRRO) VALUES (1, 1, 'Centro');
INSERT INTO T_SIP_BAIRRO (CD_BAIRRO, CD_CIDADE, NM_BAIRRO) VALUES (2, 1, 'Vila Mariana');
INSERT INTO T_SIP_BAIRRO (CD_BAIRRO, CD_CIDADE, NM_BAIRRO) VALUES (3, 1, 'Moema');

-- Endereços para o bairro Centro
INSERT INTO T_SIP_ENDERECO (CD_END_CORREIO, CD_BAIRRO, NR_CEP, DS_LOGRADOURO) VALUES (1, 1, 10010000, 'Rua 25 de Março');
INSERT INTO T_SIP_ENDERECO (CD_END_CORREIO, CD_BAIRRO, NR_CEP, DS_LOGRADOURO) VALUES (2, 1, 20020000, 'Avenida Paulista');
INSERT INTO T_SIP_ENDERECO (CD_END_CORREIO, CD_BAIRRO, NR_CEP, DS_LOGRADOURO) VALUES (3, 1, 30030000, 'Rua Augusta');
INSERT INTO T_SIP_ENDERECO (CD_END_CORREIO, CD_BAIRRO, NR_CEP, DS_LOGRADOURO) VALUES (4, 1, 40040000, 'Rua da Consolação');
INSERT INTO T_SIP_ENDERECO (CD_END_CORREIO, CD_BAIRRO, NR_CEP, DS_LOGRADOURO) VALUES (5, 1, 50050000, 'Rua São Bento');

-- Endereços para o bairro Vila Mariana
INSERT INTO T_SIP_ENDERECO (CD_END_CORREIO, CD_BAIRRO, NR_CEP, DS_LOGRADOURO) VALUES (6, 2, 60060000, 'Rua Domingos de Morais');
INSERT INTO T_SIP_ENDERECO (CD_END_CORREIO, CD_BAIRRO, NR_CEP, DS_LOGRADOURO) VALUES (7, 2, 70070000, 'Avenida Lins de Vasconcelos');
INSERT INTO T_SIP_ENDERECO (CD_END_CORREIO, CD_BAIRRO, NR_CEP, DS_LOGRADOURO) VALUES (8, 2, 80080000, 'Rua Vergueiro');
INSERT INTO T_SIP_ENDERECO (CD_END_CORREIO, CD_BAIRRO, NR_CEP, DS_LOGRADOURO) VALUES (9, 2, 90090000, 'Rua Sena Madureira');
INSERT INTO T_SIP_ENDERECO (CD_END_CORREIO, CD_BAIRRO, NR_CEP, DS_LOGRADOURO) VALUES (10, 2, 100100000, 'Rua Joaquim Távora');

-- Endereços para o bairro Moema
INSERT INTO T_SIP_ENDERECO (CD_END_CORREIO, CD_BAIRRO, NR_CEP, DS_LOGRADOURO) VALUES (11, 3, 11001100, 'Avenida Ibirapuera');
INSERT INTO T_SIP_ENDERECO (CD_END_CORREIO, CD_BAIRRO, NR_CEP, DS_LOGRADOURO) VALUES (12, 3, 12001200, 'Rua Gaivota');
INSERT INTO T_SIP_ENDERECO (CD_END_CORREIO, CD_BAIRRO, NR_CEP, DS_LOGRADOURO) VALUES (13, 3, 13001300, 'Avenida Jamaris');	


--TIPO ENDEREÇO
INSERT INTO T_SIP_TIPO_ENDERECO (CD_TIPO_ENDERECO, NM_TIPO_ENDERECO) VALUES (1, 'RESIDENCIAL');
INSERT INTO T_SIP_TIPO_ENDERECO (CD_TIPO_ENDERECO, NM_TIPO_ENDERECO) VALUES (2, 'COMERCIAL');
INSERT INTO T_SIP_TIPO_ENDERECO (CD_TIPO_ENDERECO, NM_TIPO_ENDERECO) VALUES (3, 'VERANEIO');

--endereços funcionarios
-- Funcionário 101
INSERT INTO T_SIP_FUNCIONARIO_ENDERECO (CD_END_FUNC, NR_MATRICULA, CD_END_CORREIO, CD_TIPO_ENDERECO, DS_COMPLEMENTO, NR_LOGRADOURO, DS_PONTO_REFERENCIA) 
VALUES (1, 101, 1, 1, 'Apto 101', 100, 'Próximo ao metrô');
INSERT INTO T_SIP_FUNCIONARIO_ENDERECO (CD_END_FUNC, NR_MATRICULA, CD_END_CORREIO, CD_TIPO_ENDERECO, DS_COMPLEMENTO, NR_LOGRADOURO, DS_PONTO_REFERENCIA) 
VALUES (2, 101, 2, 2, 'Sala 202', 200, 'Em frente ao shopping');

-- Funcionário 102
INSERT INTO T_SIP_FUNCIONARIO_ENDERECO (CD_END_FUNC, NR_MATRICULA, CD_END_CORREIO, CD_TIPO_ENDERECO, DS_COMPLEMENTO, NR_LOGRADOURO, DS_PONTO_REFERENCIA) 
VALUES (3, 102, 3, 1, 'Casa', 300, 'Perto da padaria');
INSERT INTO T_SIP_FUNCIONARIO_ENDERECO (CD_END_FUNC, NR_MATRICULA, CD_END_CORREIO, CD_TIPO_ENDERECO, DS_COMPLEMENTO, NR_LOGRADOURO, DS_PONTO_REFERENCIA) 
VALUES (4, 102, 4, 3, 'Chácara', 400, 'Próximo ao lago');

-- Funcionário 103
INSERT INTO T_SIP_FUNCIONARIO_ENDERECO (CD_END_FUNC, NR_MATRICULA, CD_END_CORREIO, CD_TIPO_ENDERECO, DS_COMPLEMENTO, NR_LOGRADOURO, DS_PONTO_REFERENCIA) 
VALUES (5, 103, 5, 1, 'Apto 303', 500, 'Ao lado do parque');
INSERT INTO T_SIP_FUNCIONARIO_ENDERECO (CD_END_FUNC, NR_MATRICULA, CD_END_CORREIO, CD_TIPO_ENDERECO, DS_COMPLEMENTO, NR_LOGRADOURO, DS_PONTO_REFERENCIA) 
VALUES (6, 103, 6, 2, 'Escritório', 600, 'Próximo ao centro comercial');

-- Funcionário 104
INSERT INTO T_SIP_FUNCIONARIO_ENDERECO (CD_END_FUNC, NR_MATRICULA, CD_END_CORREIO, CD_TIPO_ENDERECO, DS_COMPLEMENTO, NR_LOGRADOURO, DS_PONTO_REFERENCIA) 
VALUES (7, 104, 7, 1, 'Casa', 700, 'Perto da escola');
INSERT INTO T_SIP_FUNCIONARIO_ENDERECO (CD_END_FUNC, NR_MATRICULA, CD_END_CORREIO, CD_TIPO_ENDERECO, DS_COMPLEMENTO, NR_LOGRADOURO, DS_PONTO_REFERENCIA) 
VALUES (8, 104, 8, 3, 'Sítio', 800, 'Próximo à cachoeira');

-- Funcionário 105
INSERT INTO T_SIP_FUNCIONARIO_ENDERECO (CD_END_FUNC, NR_MATRICULA, CD_END_CORREIO, CD_TIPO_ENDERECO, DS_COMPLEMENTO, NR_LOGRADOURO, DS_PONTO_REFERENCIA) 
VALUES (9, 105, 9, 1, 'Apto 505', 900, 'Ao lado do mercado');
INSERT INTO T_SIP_FUNCIONARIO_ENDERECO (CD_END_FUNC, NR_MATRICULA, CD_END_CORREIO, CD_TIPO_ENDERECO, DS_COMPLEMENTO, NR_LOGRADOURO, DS_PONTO_REFERENCIA) 
VALUES (10, 105, 10, 2, 'Consultório', 1000, 'Próximo ao hospital');

-- Funcionário 106
INSERT INTO T_SIP_FUNCIONARIO_ENDERECO (CD_END_FUNC, NR_MATRICULA, CD_END_CORREIO, CD_TIPO_ENDERECO, DS_COMPLEMENTO, NR_LOGRADOURO, DS_PONTO_REFERENCIA) 
VALUES (11, 106, 11, 1, 'Apto 606', 1100, 'Perto do parque');
INSERT INTO T_SIP_FUNCIONARIO_ENDERECO (CD_END_FUNC, NR_MATRICULA, CD_END_CORREIO, CD_TIPO_ENDERECO, DS_COMPLEMENTO, NR_LOGRADOURO, DS_PONTO_REFERENCIA) 
VALUES (12, 106, 12, 2, 'Escritório', 1200, 'Próximo ao shopping');

-- Funcionário 107
INSERT INTO T_SIP_FUNCIONARIO_ENDERECO (CD_END_FUNC, NR_MATRICULA, CD_END_CORREIO, CD_TIPO_ENDERECO, DS_COMPLEMENTO, NR_LOGRADOURO, DS_PONTO_REFERENCIA) 
VALUES (13, 107, 13, 1, 'Casa', 1300, 'Perto da escola');
INSERT INTO T_SIP_FUNCIONARIO_ENDERECO (CD_END_FUNC, NR_MATRICULA, CD_END_CORREIO, CD_TIPO_ENDERECO, DS_COMPLEMENTO, NR_LOGRADOURO, DS_PONTO_REFERENCIA) 
VALUES (14, 107, 14, 3, 'Chácara', 1400, 'Próximo ao lago');

-- Funcionário 108
INSERT INTO T_SIP_FUNCIONARIO_ENDERECO (CD_END_FUNC, NR_MATRICULA, CD_END_CORREIO, CD_TIPO_ENDERECO, DS_COMPLEMENTO, NR_LOGRADOURO, DS_PONTO_REFERENCIA) 
VALUES (15, 108, 15, 1, 'Apto 808', 1500, 'Ao lado do mercado');
INSERT INTO T_SIP_FUNCIONARIO_ENDERECO (CD_END_FUNC, NR_MATRICULA, CD_END_CORREIO, CD_TIPO_ENDERECO, DS_COMPLEMENTO, NR_LOGRADOURO, DS_PONTO_REFERENCIA) 
VALUES (16, 108, 16, 2, 'Consultório', 1600, 'Próximo ao hospital');

-- Funcionário 109
INSERT INTO T_SIP_FUNCIONARIO_ENDERECO (CD_END_FUNC, NR_MATRICULA, CD_END_CORREIO, CD_TIPO_ENDERECO, DS_COMPLEMENTO, NR_LOGRADOURO, DS_PONTO_REFERENCIA) 
VALUES (17, 109, 17, 1, 'Casa', 1700, 'Perto da padaria');
INSERT INTO T_SIP_FUNCIONARIO_ENDERECO (CD_END_FUNC, NR_MATRICULA, CD_END_CORREIO, CD_TIPO_ENDERECO, DS_COMPLEMENTO, NR_LOGRADOURO, DS_PONTO_REFERENCIA) 
VALUES (18, 109, 18, 3, 'Sítio', 1800, 'Próximo à cachoeira');

-- Funcionário 110
INSERT INTO T_SIP_FUNCIONARIO_ENDERECO (CD_END_FUNC, NR_MATRICULA, CD_END_CORREIO, CD_TIPO_ENDERECO, DS_COMPLEMENTO, NR_LOGRADOURO, DS_PONTO_REFERENCIA) 
VALUES (19, 110, 19, 1, 'Apto 1010', 1900, 'Ao lado do parque');
INSERT INTO T_SIP_FUNCIONARIO_ENDERECO (CD_END_FUNC, NR_MATRICULA, CD_END_CORREIO, CD_TIPO_ENDERECO, DS_COMPLEMENTO, NR_LOGRADOURO, DS_PONTO_REFERENCIA) 
VALUES (20, 110, 20, 2, 'Escritório', 2000, 'Próximo ao centro comercial');

-- Funcionário 111
INSERT INTO T_SIP_FUNCIONARIO_ENDERECO (CD_END_FUNC, NR_MATRICULA, CD_END_CORREIO, CD_TIPO_ENDERECO, DS_COMPLEMENTO, NR_LOGRADOURO, DS_PONTO_REFERENCIA) 
VALUES (21, 111, 21, 1, 'Casa', 2100, 'Perto da escola');
INSERT INTO T_SIP_FUNCIONARIO_ENDERECO (CD_END_FUNC, NR_MATRICULA, CD_END_CORREIO, CD_TIPO_ENDERECO, DS_COMPLEMENTO, NR_LOGRADOURO, DS_PONTO_REFERENCIA) 
VALUES (22, 111, 22, 3, 'Chácara', 2200, 'Próximo ao lago');

-- Funcionário 112
INSERT INTO T_SIP_FUNCIONARIO_ENDERECO (CD_END_FUNC, NR_MATRICULA, CD_END_CORREIO, CD_TIPO_ENDERECO, DS_COMPLEMENTO, NR_LOGRADOURO, DS_PONTO_REFERENCIA) 
VALUES (23, 112, 23, 1, 'Apto 1212', 2300, 'Ao lado do mercado');
INSERT INTO T_SIP_FUNCIONARIO_ENDERECO (CD_END_FUNC, NR_MATRICULA, CD_END_CORREIO, CD_TIPO_ENDERECO, DS_COMPLEMENTO, NR_LOGRADOURO, DS_PONTO_REFERENCIA) 
VALUES (24, 112, 24, 2, 'Consultório', 2400, 'Próximo ao hospital');

-- Funcionário 113
INSERT INTO T_SIP_FUNCIONARIO_ENDERECO (CD_END_FUNC, NR_MATRICULA, CD_END_CORREIO, CD_TIPO_ENDERECO, DS_COMPLEMENTO, NR_LOGRADOURO, DS_PONTO_REFERENCIA) 
VALUES (25, 113, 25, 1, 'Casa', 2500, 'Perto da padaria');
INSERT INTO T_SIP_FUNCIONARIO_ENDERECO (CD_END_FUNC, NR_MATRICULA, CD_END_CORREIO, CD_TIPO_ENDERECO, DS_COMPLEMENTO, NR_LOGRADOURO, DS_PONTO_REFERENCIA) 
VALUES (26, 113, 26, 3, 'Sítio', 2600, 'Próximo à cachoeira');

-- Funcionário 114
INSERT INTO T_SIP_FUNCIONARIO_ENDERECO (CD_END_FUNC, NR_MATRICULA, CD_END_CORREIO, CD_TIPO_ENDERECO, DS_COMPLEMENTO, NR_LOGRADOURO, DS_PONTO_REFERENCIA) 
VALUES (27, 114, 27, 1, 'Apto 1414', 2700, 'Ao lado do parque');
INSERT INTO T_SIP_FUNCIONARIO_ENDERECO (CD_END_FUNC, NR_MATRICULA, CD_END_CORREIO, CD_TIPO_ENDERECO, DS_COMPLEMENTO, NR_LOGRADOURO, DS_PONTO_REFERENCIA) 
VALUES (28, 114, 28, 2, 'Escritório', 2800, 'Próximo ao centro comercial');

-- Funcionário 115
INSERT INTO T_SIP_FUNCIONARIO_ENDERECO (CD_END_FUNC, NR_MATRICULA, CD_END_CORREIO, CD_TIPO_ENDERECO, DS_COMPLEMENTO, NR_LOGRADOURO, DS_PONTO_REFERENCIA) 
VALUES (29, 115, 29, 1, 'Casa', 2900, 'Perto da escola');
INSERT INTO T_SIP_FUNCIONARIO_ENDERECO (CD_END_FUNC, NR_MATRICULA, CD_END_CORREIO, CD_TIPO_ENDERECO, DS_COMPLEMENTO, NR_LOGRADOURO, DS_PONTO_REFERENCIA) 
VALUES (30, 115, 30, 3, 'Chácara', 3000, 'Próximo ao lago');

-- Funcionário 116
INSERT INTO T_SIP_FUNCIONARIO_ENDERECO (CD_END_FUNC, NR_MATRICULA, CD_END_CORREIO, CD_TIPO_ENDERECO, DS_COMPLEMENTO, NR_LOGRADOURO, DS_PONTO_REFERENCIA) 
VALUES (31, 116, 31, 1, 'Apto 1616', 3100, 'Ao lado do mercado');
INSERT INTO T_SIP_FUNCIONARIO_ENDERECO (CD_END_FUNC, NR_MATRICULA, CD_END_CORREIO, CD_TIPO_ENDERECO, DS_COMPLEMENTO, NR_LOGRADOURO, DS_PONTO_REFERENCIA) 
VALUES (32, 116, 32, 2, 'Consultório', 3200, 'Próximo ao hospital');

-- Funcionário 117
INSERT INTO T_SIP_FUNCIONARIO_ENDERECO (CD_END_FUNC, NR_MATRICULA, CD_END_CORREIO, CD_TIPO_ENDERECO, DS_COMPLEMENTO, NR_LOGRADOURO, DS_PONTO_REFERENCIA) 
VALUES (33, 117, 33, 1, 'Casa', 3300, 'Perto da padaria');
INSERT INTO T_SIP_FUNCIONARIO_ENDERECO (CD_END_FUNC, NR_MATRICULA, CD_END_CORREIO, CD_TIPO_ENDERECO, DS_COMPLEMENTO, NR_LOGRADOURO, DS_PONTO_REFERENCIA) 
VALUES (34, 117, 34, 3, 'Sítio', 3400, 'Próximo à cachoeira');

-- Funcionário 118
INSERT INTO T_SIP_FUNCIONARIO_ENDERECO (CD_END_FUNC, NR_MATRICULA, CD_END_CORREIO, CD_TIPO_ENDERECO, DS_COMPLEMENTO, NR_LOGRADOURO, DS_PONTO_REFERENCIA) 
VALUES (35, 118, 35, 1, 'Apto 1818', 3500, 'Ao lado do parque');
INSERT INTO T_SIP_FUNCIONARIO_ENDERECO (CD_END_FUNC, NR_MATRICULA, CD_END_CORREIO, CD_TIPO_ENDERECO, DS_COMPLEMENTO, NR_LOGRADOURO, DS_PONTO_REFERENCIA) 
VALUES (36, 118, 36, 2, 'Escritório', 3600, 'Próximo ao centro comercial');

-- Funcionário 119
INSERT INTO T_SIP_FUNCIONARIO_ENDERECO (CD_END_FUNC, NR_MATRICULA, CD_END_CORREIO, CD_TIPO_ENDERECO, DS_COMPLEMENTO, NR_LOGRADOURO, DS_PONTO_REFERENCIA) 
VALUES (37, 119, 37, 1, 'Casa', 3700, 'Perto da escola');
INSERT INTO T_SIP_FUNCIONARIO_ENDERECO (CD_END_FUNC, NR_MATRICULA, CD_END_CORREIO, CD_TIPO_ENDERECO, DS_COMPLEMENTO, NR_LOGRADOURO, DS_PONTO_REFERENCIA) 
VALUES (38, 119, 38, 3, 'Chácara', 3800, 'Próximo ao lago');

-- Funcionário 120
INSERT INTO T_SIP_FUNCIONARIO_ENDERECO (CD_END_FUNC, NR_MATRICULA, CD_END_CORREIO, CD_TIPO_ENDERECO, DS_COMPLEMENTO, NR_LOGRADOURO, DS_PONTO_REFERENCIA) 
VALUES (39, 120, 39, 1, 'Apto 2020', 3900, 'Ao lado do mercado');
INSERT INTO T_SIP_FUNCIONARIO_ENDERECO (CD_END_FUNC, NR_MATRICULA, CD_END_CORREIO, CD_TIPO_ENDERECO, DS_COMPLEMENTO, NR_LOGRADOURO, DS_PONTO_REFERENCIA) 
VALUES (40, 120, 40, 2, 'Consultório', 4000, 'Próximo ao hospital');

-- Funcionário 121
INSERT INTO T_SIP_FUNCIONARIO_ENDERECO (CD_END_FUNC, NR_MATRICULA, CD_END_CORREIO, CD_TIPO_ENDERECO, DS_COMPLEMENTO, NR_LOGRADOURO, DS_PONTO_REFERENCIA) 
VALUES (41, 121, 41, 1, 'Casa', 4100, 'Perto da padaria');
INSERT INTO T_SIP_FUNCIONARIO_ENDERECO (CD_END_FUNC, NR_MATRICULA, CD_END_CORREIO, CD_TIPO_ENDERECO, DS_COMPLEMENTO, NR_LOGRADOURO, DS_PONTO_REFERENCIA) 
VALUES (42, 121, 42, 3, 'Sítio', 4200, 'Próximo à cachoeira');

-- Funcionário 122
INSERT INTO T_SIP_FUNCIONARIO_ENDERECO (CD_END_FUNC, NR_MATRICULA, CD_END_CORREIO, CD_TIPO_ENDERECO, DS_COMPLEMENTO, NR_LOGRADOURO, DS_PONTO_REFERENCIA) 
VALUES (43, 122, 43, 1, 'Apto 2222', 4300, 'Ao lado do parque');
INSERT INTO T_SIP_FUNCIONARIO_ENDERECO (CD_END_FUNC, NR_MATRICULA, CD_END_CORREIO, CD_TIPO_ENDERECO, DS_COMPLEMENTO, NR_LOGRADOURO, DS_PONTO_REFERENCIA) 
VALUES (44, 122, 44, 2, 'Escritório', 4400, 'Próximo ao centro comercial');

-- Funcionário 123
INSERT INTO T_SIP_FUNCIONARIO_ENDERECO (CD_END_FUNC, NR_MATRICULA, CD_END_CORREIO, CD_TIPO_ENDERECO, DS_COMPLEMENTO, NR_LOGRADOURO, DS_PONTO_REFERENCIA) 
VALUES (45, 123, 45, 1, 'Casa', 4500, 'Perto da escola');
INSERT INTO T_SIP_FUNCIONARIO_ENDERECO (CD_END_FUNC, NR_MATRICULA, CD_END_CORREIO, CD_TIPO_ENDERECO, DS_COMPLEMENTO, NR_LOGRADOURO, DS_PONTO_REFERENCIA) 
VALUES (46, 123, 46, 3, 'Chácara', 4600, 'Próximo ao lago');

-- Funcionário 124
INSERT INTO T_SIP_FUNCIONARIO_ENDERECO (CD_END_FUNC, NR_MATRICULA, CD_END_CORREIO, CD_TIPO_ENDERECO, DS_COMPLEMENTO, NR_LOGRADOURO, DS_PONTO_REFERENCIA) 
VALUES (47, 124, 47, 1, 'Apto 2424', 4700, 'Ao lado do mercado');
INSERT INTO T_SIP_FUNCIONARIO_ENDERECO (CD_END_FUNC, NR_MATRICULA, CD_END_CORREIO, CD_TIPO_ENDERECO, DS_COMPLEMENTO, NR_LOGRADOURO, DS_PONTO_REFERENCIA) 
VALUES (48, 124, 48, 2, 'Consultório', 4800, 'Próximo ao hospital');

-- Funcionário 125
INSERT INTO T_SIP_FUNCIONARIO_ENDERECO (CD_END_FUNC, NR_MATRICULA, CD_END_CORREIO, CD_TIPO_ENDERECO, DS_COMPLEMENTO, NR_LOGRADOURO, DS_PONTO_REFERENCIA) 
VALUES (49, 125, 49, 1, 'Casa', 4900, 'Perto da padaria');
INSERT INTO T_SIP_FUNCIONARIO_ENDERECO (CD_END_FUNC, NR_MATRICULA, CD_END_CORREIO, CD_TIPO_ENDERECO, DS_COMPLEMENTO, NR_LOGRADOURO, DS_PONTO_REFERENCIA) 
VALUES (50, 125, 50, 3, 'Sítio', 5000, 'Próximo à cachoeira');

-- Funcionário 126
INSERT INTO T_SIP_FUNCIONARIO_ENDERECO (CD_END_FUNC, NR_MATRICULA, CD_END_CORREIO, CD_TIPO_ENDERECO, DS_COMPLEMENTO, NR_LOGRADOURO, DS_PONTO_REFERENCIA) 
VALUES (51, 126, 51, 1, 'Apto 2626', 5100, 'Ao lado do parque');
INSERT INTO T_SIP_FUNCIONARIO_ENDERECO (CD_END_FUNC, NR_MATRICULA, CD_END_CORREIO, CD_TIPO_ENDERECO, DS_COMPLEMENTO, NR_LOGRADOURO, DS_PONTO_REFERENCIA) 
VALUES (52, 126, 52, 2, 'Escritório', 5200, 'Próximo ao centro comercial');

-- Funcionário 127
INSERT INTO T_SIP_FUNCIONARIO_ENDERECO (CD_END_FUNC, NR_MATRICULA, CD_END_CORREIO, CD_TIPO_ENDERECO, DS_COMPLEMENTO, NR_LOGRADOURO, DS_PONTO_REFERENCIA) 
VALUES (53, 127, 53, 1, 'Casa', 5300, 'Perto da escola');
INSERT INTO T_SIP_FUNCIONARIO_ENDERECO (CD_END_FUNC, NR_MATRICULA, CD_END_CORREIO, CD_TIPO_ENDERECO, DS_COMPLEMENTO, NR_LOGRADOURO, DS_PONTO_REFERENCIA) 
VALUES (54, 127, 54, 3, 'Chácara', 5400, 'Próximo ao lago');

-- Funcionário 128
INSERT INTO T_SIP_FUNCIONARIO_ENDERECO (CD_END_FUNC, NR_MATRICULA, CD_END_CORREIO, CD_TIPO_ENDERECO, DS_COMPLEMENTO, NR_LOGRADOURO, DS_PONTO_REFERENCIA) 
VALUES (55, 128, 55, 1, 'Apto 2828', 5500, 'Ao lado do mercado');
INSERT INTO T_SIP_FUNCIONARIO_ENDERECO (CD_END_FUNC, NR_MATRICULA, CD_END_CORREIO, CD_TIPO_ENDERECO, DS_COMPLEMENTO, NR_LOGRADOURO, DS_PONTO_REFERENCIA) 
VALUES (56, 128, 56, 2, 'Consultório', 5600, 'Próximo ao hospital');

-- Funcionário 129
INSERT INTO T_SIP_FUNCIONARIO_ENDERECO (CD_END_FUNC, NR_MATRICULA, CD_END_CORREIO, CD_TIPO_ENDERECO, DS_COMPLEMENTO, NR_LOGRADOURO, DS_PONTO_REFERENCIA) 
VALUES (57, 129, 57, 1, 'Casa', 5700, 'Perto da padaria');
INSERT INTO T_SIP_FUNCIONARIO_ENDERECO (CD_END_FUNC, NR_MATRICULA, CD_END_CORREIO, CD_TIPO_ENDERECO, DS_COMPLEMENTO, NR_LOGRADOURO, DS_PONTO_REFERENCIA) 
VALUES (58, 129, 58, 3, 'Sítio', 5800, 'Próximo à cachoeira');

-- Funcionário 130
INSERT INTO T_SIP_FUNCIONARIO_ENDERECO (CD_END_FUNC, NR_MATRICULA, CD_END_CORREIO, CD_TIPO_ENDERECO, DS_COMPLEMENTO, NR_LOGRADOURO, DS_PONTO_REFERENCIA) 
VALUES (59, 130, 59, 1, 'Apto 3030', 5900, 'Ao lado do parque');
INSERT INTO T_SIP_FUNCIONARIO_ENDERECO (CD_END_FUNC, NR_MATRICULA, CD_END_CORREIO, CD_TIPO_ENDERECO, DS_COMPLEMENTO, NR_LOGRADOURO, DS_PONTO_REFERENCIA) 
VALUES (60, 130, 60, 2, 'Escritório', 6000, 'Próximo ao centro comercial');

-- Funcionário 131
INSERT INTO T_SIP_FUNCIONARIO_ENDERECO (CD_END_FUNC, NR_MATRICULA, CD_END_CORREIO, CD_TIPO_ENDERECO, DS_COMPLEMENTO, NR_LOGRADOURO, DS_PONTO_REFERENCIA) 
VALUES (61, 131, 61, 1, 'Casa', 6100, 'Perto da escola');
INSERT INTO T_SIP_FUNCIONARIO_ENDERECO (CD_END_FUNC, NR_MATRICULA, CD_END_CORREIO, CD_TIPO_ENDERECO, DS_COMPLEMENTO, NR_LOGRADOURO, DS_PONTO_REFERENCIA) 
VALUES (62, 131, 62, 3, 'Chácara', 6200, 'Próximo ao lago');

-- Funcionário 132
INSERT INTO T_SIP_FUNCIONARIO_ENDERECO (CD_END_FUNC, NR_MATRICULA, CD_END_CORREIO, CD_TIPO_ENDERECO, DS_COMPLEMENTO, NR_LOGRADOURO, DS_PONTO_REFERENCIA) 
VALUES (63, 132, 63, 1, 'Apto 3232', 6300, 'Ao lado do mercado');
INSERT INTO T_SIP_FUNCIONARIO_ENDERECO (CD_END_FUNC, NR_MATRICULA, CD_END_CORREIO, CD_TIPO_ENDERECO, DS_COMPLEMENTO, NR_LOGRADOURO, DS_PONTO_REFERENCIA) 
VALUES (64, 132, 64, 2, 'Consultório', 6400, 'Próximo ao hospital');

-- Funcionário 133
INSERT INTO T_SIP_FUNCIONARIO_ENDERECO (CD_END_FUNC, NR_MATRICULA, CD_END_CORREIO, CD_TIPO_ENDERECO, DS_COMPLEMENTO, NR_LOGRADOURO, DS_PONTO_REFERENCIA) 
VALUES (65, 133, 65, 1, 'Casa', 6500, 'Perto da padaria');
INSERT INTO T_SIP_FUNCIONARIO_ENDERECO (CD_END_FUNC, NR_MATRICULA, CD_END_CORREIO, CD_TIPO_ENDERECO, DS_COMPLEMENTO, NR_LOGRADOURO, DS_PONTO_REFERENCIA) 
VALUES (66, 133, 66, 3, 'Sítio', 6600, 'Próximo à cachoeira');

-- Funcionário 134
INSERT INTO T_SIP_FUNCIONARIO_ENDERECO (CD_END_FUNC, NR_MATRICULA, CD_END_CORREIO, CD_TIPO_ENDERECO, DS_COMPLEMENTO, NR_LOGRADOURO, DS_PONTO_REFERENCIA) 
VALUES (67, 134, 67, 1, 'Apto 3434', 6700, 'Ao lado do parque');
INSERT INTO T_SIP_FUNCIONARIO_ENDERECO (CD_END_FUNC, NR_MATRICULA, CD_END_CORREIO, CD_TIPO_ENDERECO, DS_COMPLEMENTO, NR_LOGRADOURO, DS_PONTO_REFERENCIA) 
VALUES (68, 134, 68, 2, 'Escritório', 6800, 'Próximo ao centro comercial');

-- Funcionário 135
INSERT INTO T_SIP_FUNCIONARIO_ENDERECO (CD_END_FUNC, NR_MATRICULA, CD_END_CORREIO, CD_TIPO_ENDERECO, DS_COMPLEMENTO, NR_LOGRADOURO, DS_PONTO_REFERENCIA) 
VALUES (69, 135, 69, 1, 'Casa', 6900, 'Perto da escola');
INSERT INTO T_SIP_FUNCIONARIO_ENDERECO (CD_END_FUNC, NR_MATRICULA, CD_END_CORREIO, CD_TIPO_ENDERECO, DS_COMPLEMENTO, NR_LOGRADOURO, DS_PONTO_REFERENCIA) 
VALUES (70, 135, 70, 3, 'Chácara', 7000, 'Próximo ao lago');

COMMIT;