<?xml version = '1.0' encoding = 'UTF-8'?>
<Relation class="oracle.dbtools.crest.model.design.logical.Relation" name="FK_LOGR_END_UNID_HOSPITALAR" directorySegmentName="seg_0" id="C9AA404F-3F73-B562-BF2E-D5A73690E21C">
<createdBy>logonpflocal</createdBy>
<createdTime>2022-08-03 01:50:07 UTC</createdTime>
<ownerDesignName>Projeto_RHSTU</ownerDesignName>
<engineerTo>
<item key="BD52EFD7-AD57-1D29-FBCE-37428351E3D1" value="true"/>
</engineerTo>
<sourcePk>CAC38B00-31A4-2DC1-1A57-0768C14386F7</sourcePk>
<identifying>false</identifying>
<optionalSource>true</optionalSource>
<optionalTarget>false</optionalTarget>
<sourceCardinality>1</sourceCardinality>
<sourceEntity>EF36AE33-0C04-3207-A42D-300BDBCD0474</sourceEntity>
<targetCardinalityString>*</targetCardinalityString>
<targetEntity>8A769596-8442-81C5-8E8B-9FFE4C17B2D7</targetEntity>
<transferable>true</transferable>
<deleteRule>NO ACTION</deleteRule>
</Relation>