<?xml version = '1.0' encoding = 'UTF-8'?>
<FKIndexAssociation class="oracle.dbtools.crest.model.design.relational.FKIndexAssociation" directorySegmentName="seg_0" id="2F75E863-00B7-B392-0231-3C18E32D2816" containerWithKeyObject="FB94D416-FFAE-B4BA-1977-F9112FFE6D17" localFKIndex="C94B22D5-A9AC-2B6F-B5AA-E0A623B0B2C4" name="FK_STU_CONSULTA_PRESC_MEDICA">
<createdBy>Gustavo Padlipskas</createdBy>
<createdTime>2022-08-16 17:50:15 UTC</createdTime>
<generatorID>83E26DE5-CFC7-0393-6E33-ADB73D0FD6E6</generatorID>
<ownerDesignName>Projeto_RHSTU</ownerDesignName>
<referredTableLongName>T_RHSTU_CONSULTA</referredTableLongName>
<deleteRule>NO ACTION</deleteRule>
<referredTableID>65F9A01D-AC26-7E0D-7727-5BDE76E87BBD</referredTableID>
<keyObject>0008453A-EC82-55A7-8F48-DEDBEA03F486</keyObject>
<referredKeyID>0008453A-EC82-55A7-8F48-DEDBEA03F486</referredKeyID>
<mandatory>true</mandatory>
<refColNames>NR_CONSULTA,ID_UNID_HOSPITAL</refColNames>
<transferable>true</transferable>
<rely>false</rely>
<columnDependencyConstraintGenerateInDDL>true</columnDependencyConstraintGenerateInDDL>
</FKIndexAssociation>