

--CRIA TABELA TELEFONE
CREATE TABLE T_SIP_TELEFONE (
    CD_TELEFONE NUMBER(5,0) PRIMARY KEY,
    NR_MATRICULA NUMBER(5,0),
    DS_TELEFONE VARCHAR2(20 BYTE),
    CONSTRAINT fk_matricula FOREIGN KEY (NR_MATRICULA) REFERENCES T_SIP_FUNCIONARIO(NR_MATRICULA)
);

--POPULANDO DOS DEPARTAMENTOS
INSERT INTO T_SIP_DEPTO(cd_depto,nm_depto,sg_depto) 
VALUES(1,'COMERCIAL','CMR');

INSERT INTO T_SIP_DEPTO(cd_depto,nm_depto,sg_depto) 
VALUES(2,'CONTABILIDADE','CBL');

INSERT INTO T_SIP_DEPTO(cd_depto,nm_depto,sg_depto) 
VALUES(3,'ESTOQUE','ETQ');

INSERT INTO T_SIP_DEPTO(cd_depto,nm_depto,sg_depto) 
VALUES(4,'FINANCEIRO','FNC');

INSERT INTO T_SIP_DEPTO(cd_depto,nm_depto,sg_depto) 
VALUES(5,'ATENDIMENTO AO CLIENTE','SAC');

INSERT INTO T_SIP_DEPTO(cd_depto,nm_depto,sg_depto) 
VALUES(6,'RECURSOS HUMANOS','RH');

INSERT INTO T_SIP_DEPTO(cd_depto,nm_depto,sg_depto) 
VALUES(7,'TECNOLOGIA DA INFORMACAO','TI');

--POPULANDO FUNCIONARIOS
INSERT INTO T_SIP_FUNCIONARIO (NR_MATRICULA, CD_DEPTO, NM_FUNCIONARIO, DT_NASCIMENTO, DT_ADMISSAO, VL_SALARIO) 
VALUES (101, 1, 'JOÃO SILVA', TO_DATE('15/05/1984', 'DD/MM/YYYY'), TO_DATE('01/06/2010', 'DD/MM/YYYY'), 5000);
INSERT INTO T_SIP_FUNCIONARIO (NR_MATRICULA, CD_DEPTO, NM_FUNCIONARIO, DT_NASCIMENTO, DT_ADMISSAO, VL_SALARIO) 
VALUES (102, 1, 'MARIA OLIVEIRA', TO_DATE('20/08/1985', 'DD/MM/YYYY'), TO_DATE('15/09/2012', 'DD/MM/YYYY'), 6000);
INSERT INTO T_SIP_FUNCIONARIO (NR_MATRICULA, CD_DEPTO, NM_FUNCIONARIO, DT_NASCIMENTO, DT_ADMISSAO, VL_SALARIO) 
VALUES (103, 1, 'CARLOS SOUZA', TO_DATE('10/12/1990', 'DD/MM/YYYY'), TO_DATE('20/01/2015', 'DD/MM/YYYY'), 5500);
INSERT INTO T_SIP_FUNCIONARIO (NR_MATRICULA, CD_DEPTO, NM_FUNCIONARIO, DT_NASCIMENTO, DT_ADMISSAO, VL_SALARIO) 
VALUES (104, 1, 'ANA PEREIRA', TO_DATE('25/03/1992', 'DD/MM/YYYY'), TO_DATE('10/04/2018', 'DD/MM/YYYY'), 6200);
INSERT INTO T_SIP_FUNCIONARIO (NR_MATRICULA, CD_DEPTO, NM_FUNCIONARIO, DT_NASCIMENTO, DT_ADMISSAO, VL_SALARIO) 
VALUES (105, 1, 'PEDRO SANTOS', TO_DATE('30/07/1988', 'DD/MM/YYYY'), TO_DATE('05/11/2011', 'DD/MM/YYYY'), 5800);


INSERT INTO T_SIP_FUNCIONARIO (NR_MATRICULA, CD_DEPTO, NM_FUNCIONARIO, DT_NASCIMENTO, DT_ADMISSAO, VL_SALARIO) 
VALUES (106, 2, 'LUCAS MENDES', TO_DATE('12/02/1983', 'DD/MM/YYYY'), TO_DATE('22/07/2009', 'DD/MM/YYYY'), 5100);
INSERT INTO T_SIP_FUNCIONARIO (NR_MATRICULA, CD_DEPTO, NM_FUNCIONARIO, DT_NASCIMENTO, DT_ADMISSAO, VL_SALARIO) 
VALUES (107, 2, 'FERNANDA LIMA', TO_DATE('18/11/1987', 'DD/MM/YYYY'), TO_DATE('03/03/2013', 'DD/MM/YYYY'), 6200);
INSERT INTO T_SIP_FUNCIONARIO (NR_MATRICULA, CD_DEPTO, NM_FUNCIONARIO, DT_NASCIMENTO, DT_ADMISSAO, VL_SALARIO) 
VALUES (108, 2, 'RAFAEL ALMEIDA', TO_DATE('05/06/1991', 'DD/MM/YYYY'), TO_DATE('14/08/2016', 'DD/MM/YYYY'), 5400);
INSERT INTO T_SIP_FUNCIONARIO (NR_MATRICULA, CD_DEPTO, NM_FUNCIONARIO, DT_NASCIMENTO, DT_ADMISSAO, VL_SALARIO) 
VALUES (109, 2, 'JULIANA COSTA', TO_DATE('22/09/1989', 'DD/MM/YYYY'), TO_DATE('29/10/2014', 'DD/MM/YYYY'), 6300);
INSERT INTO T_SIP_FUNCIONARIO (NR_MATRICULA, CD_DEPTO, NM_FUNCIONARIO, DT_NASCIMENTO, DT_ADMISSAO, VL_SALARIO) 
VALUES (110, 2, 'GUSTAVO FERREIRA', TO_DATE('11/01/1986', 'DD/MM/YYYY'), TO_DATE('17/05/2011', 'DD/MM/YYYY'), 5900);


INSERT INTO T_SIP_FUNCIONARIO (NR_MATRICULA, CD_DEPTO, NM_FUNCIONARIO, DT_NASCIMENTO, DT_ADMISSAO, VL_SALARIO) 
VALUES (111, 3, 'BRUNO RIBEIRO', TO_DATE('07/04/1984', 'DD/MM/YYYY'), TO_DATE('12/12/2010', 'DD/MM/YYYY'), 5200);
INSERT INTO T_SIP_FUNCIONARIO (NR_MATRICULA, CD_DEPTO, NM_FUNCIONARIO, DT_NASCIMENTO, DT_ADMISSAO, VL_SALARIO) 
VALUES (112, 3, 'PATRICIA MARTINS', TO_DATE('19/10/1988', 'DD/MM/YYYY'), TO_DATE('25/06/2013', 'DD/MM/YYYY'), 6100);
INSERT INTO T_SIP_FUNCIONARIO (NR_MATRICULA, CD_DEPTO, NM_FUNCIONARIO, DT_NASCIMENTO, DT_ADMISSAO, VL_SALARIO) 
VALUES (113, 3, 'ANDRE LOPES', TO_DATE('03/03/1992', 'DD/MM/YYYY'), TO_DATE('08/09/2015', 'DD/MM/YYYY'), 5300);
INSERT INTO T_SIP_FUNCIONARIO (NR_MATRICULA, CD_DEPTO, NM_FUNCIONARIO, DT_NASCIMENTO, DT_ADMISSAO, VL_SALARIO) 
VALUES (114, 3, 'LARISSA SOUZA', TO_DATE('28/07/1990', 'DD/MM/YYYY'), TO_DATE('19/11/2017', 'DD/MM/YYYY'), 6400);
INSERT INTO T_SIP_FUNCIONARIO (NR_MATRICULA, CD_DEPTO, NM_FUNCIONARIO, DT_NASCIMENTO, DT_ADMISSAO, VL_SALARIO) 
VALUES (115, 3, 'MARCOS ARAUJO', TO_DATE('15/05/1987', 'DD/MM/YYYY'), TO_DATE('30/01/2012', 'DD/MM/YYYY'), 6000);


INSERT INTO T_SIP_FUNCIONARIO (NR_MATRICULA, CD_DEPTO, NM_FUNCIONARIO, DT_NASCIMENTO, DT_ADMISSAO, VL_SALARIO) 
VALUES (116, 4, 'RODRIGO PEREIRA', TO_DATE('21/08/1985', 'DD/MM/YYYY'), TO_DATE('11/04/2011', 'DD/MM/YYYY'), 5300);
INSERT INTO T_SIP_FUNCIONARIO (NR_MATRICULA, CD_DEPTO, NM_FUNCIONARIO, DT_NASCIMENTO, DT_ADMISSAO, VL_SALARIO) 
VALUES (117, 4, 'ISABELA MORAES', TO_DATE('09/12/1989', 'DD/MM/YYYY'), TO_DATE('23/07/2014', 'DD/MM/YYYY'), 6200);
INSERT INTO T_SIP_FUNCIONARIO (NR_MATRICULA, CD_DEPTO, NM_FUNCIONARIO, DT_NASCIMENTO, DT_ADMISSAO, VL_SALARIO) 
VALUES (118, 4, 'TIAGO SANTANA', TO_DATE('14/03/1991', 'DD/MM/YYYY'), TO_DATE('05/10/2016', 'DD/MM/YYYY'), 5500);
INSERT INTO T_SIP_FUNCIONARIO (NR_MATRICULA, CD_DEPTO, NM_FUNCIONARIO, DT_NASCIMENTO, DT_ADMISSAO, VL_SALARIO) 
VALUES (119, 4, 'CAMILA BARROS', TO_DATE('30/06/1988', 'DD/MM/YYYY'), TO_DATE('17/12/2018', 'DD/MM/YYYY'), 6300);
INSERT INTO T_SIP_FUNCIONARIO (NR_MATRICULA, CD_DEPTO, NM_FUNCIONARIO, DT_NASCIMENTO, DT_ADMISSAO, VL_SALARIO) 
VALUES (120, 4, 'FELIPE GOMES', TO_DATE('25/11/1986', 'DD/MM/YYYY'), TO_DATE('29/02/2012', 'DD/MM/YYYY'), 5900);


INSERT INTO T_SIP_FUNCIONARIO (NR_MATRICULA, CD_DEPTO, NM_FUNCIONARIO, DT_NASCIMENTO, DT_ADMISSAO, VL_SALARIO) 
VALUES (121, 5, 'RICARDO ALVES', TO_DATE('13/01/1984', 'DD/MM/YYYY'), TO_DATE('10/05/2010', 'DD/MM/YYYY'), 5400);
INSERT INTO T_SIP_FUNCIONARIO (NR_MATRICULA, CD_DEPTO, NM_FUNCIONARIO, DT_NASCIMENTO, DT_ADMISSAO, VL_SALARIO) 
VALUES (122, 5, 'VANESSA SILVA', TO_DATE('27/09/1987', 'DD/MM/YYYY'), TO_DATE('21/08/2013', 'DD/MM/YYYY'), 6100);
INSERT INTO T_SIP_FUNCIONARIO (NR_MATRICULA, CD_DEPTO, NM_FUNCIONARIO, DT_NASCIMENTO, DT_ADMISSAO, VL_SALARIO) 
VALUES (123, 5, 'DIEGO LIMA', TO_DATE('04/02/1990', 'DD/MM/YYYY'), TO_DATE('02/11/2015', 'DD/MM/YYYY'), 5500);
INSERT INTO T_SIP_FUNCIONARIO (NR_MATRICULA, CD_DEPTO, NM_FUNCIONARIO, DT_NASCIMENTO, DT_ADMISSAO, VL_SALARIO) 
VALUES (124, 5, 'JULIA CARVALHO', TO_DATE('16/06/1992', 'DD/MM/YYYY'), TO_DATE('14/01/2018', 'DD/MM/YYYY'), 6400);
INSERT INTO T_SIP_FUNCIONARIO (NR_MATRICULA, CD_DEPTO, NM_FUNCIONARIO, DT_NASCIMENTO, DT_ADMISSAO, VL_SALARIO) 
VALUES (125, 5, 'MATEUS ROCHA', TO_DATE('29/10/1988', 'DD/MM/YYYY'), TO_DATE('26/03/2011', 'DD/MM/YYYY'), 6000);


INSERT INTO T_SIP_FUNCIONARIO (NR_MATRICULA, CD_DEPTO, NM_FUNCIONARIO, DT_NASCIMENTO, DT_ADMISSAO, VL_SALARIO) 
VALUES (126, 6, 'GABRIELA FERREIRA', TO_DATE('08/04/1985', 'DD/MM/YYYY'), TO_DATE('18/06/2011', 'DD/MM/YYYY'), 5300);
INSERT INTO T_SIP_FUNCIONARIO (NR_MATRICULA, CD_DEPTO, NM_FUNCIONARIO, DT_NASCIMENTO, DT_ADMISSAO, VL_SALARIO) 
VALUES (127, 6, 'LEONARDO COSTA', TO_DATE('12/12/1989', 'DD/MM/YYYY'), TO_DATE('30/09/2014', 'DD/MM/YYYY'), 6200);
INSERT INTO T_SIP_FUNCIONARIO (NR_MATRICULA, CD_DEPTO, NM_FUNCIONARIO, DT_NASCIMENTO, DT_ADMISSAO, VL_SALARIO) 
VALUES (128, 6, 'RAQUEL MENDES', TO_DATE('05/03/1991', 'DD/MM/YYYY'), TO_DATE('11/11/2016', 'DD/MM/YYYY'), 5500);
INSERT INTO T_SIP_FUNCIONARIO (NR_MATRICULA, CD_DEPTO, NM_FUNCIONARIO, DT_NASCIMENTO, DT_ADMISSAO, VL_SALARIO) 
VALUES (129, 6, 'HENRIQUE SOUZA', TO_DATE('22/07/1988', 'DD/MM/YYYY'), TO_DATE('23/01/2018', 'DD/MM/YYYY'), 6300);
INSERT INTO T_SIP_FUNCIONARIO (NR_MATRICULA, CD_DEPTO, NM_FUNCIONARIO, DT_NASCIMENTO, DT_ADMISSAO, VL_SALARIO) 
VALUES (130, 6, 'LUIZ PEREIRA', TO_DATE('17/11/1986', 'DD/MM/YYYY'), TO_DATE('05/05/2012', 'DD/MM/YYYY'), 5900);


INSERT INTO T_SIP_FUNCIONARIO (NR_MATRICULA, CD_DEPTO, NM_FUNCIONARIO, DT_NASCIMENTO, DT_ADMISSAO, VL_SALARIO) 
VALUES (131, 7, 'ALINE SANTOS', TO_DATE('03/02/1984', 'DD/MM/YYYY'), TO_DATE('15/07/2010', 'DD/MM/YYYY'), 5400);
INSERT INTO T_SIP_FUNCIONARIO (NR_MATRICULA, CD_DEPTO, NM_FUNCIONARIO, DT_NASCIMENTO, DT_ADMISSAO, VL_SALARIO) 
VALUES (132, 7, 'ROBERTO LIMA', TO_DATE('19/09/1987', 'DD/MM/YYYY'), TO_DATE('27/10/2013', 'DD/MM/YYYY'), 6100);
INSERT INTO T_SIP_FUNCIONARIO (NR_MATRICULA, CD_DEPTO, NM_FUNCIONARIO, DT_NASCIMENTO, DT_ADMISSAO, VL_SALARIO) 
VALUES (133, 7, 'SANDRA OLIVEIRA', TO_DATE('11/06/1990', 'DD/MM/YYYY'), TO_DATE('08/12/2015', 'DD/MM/YYYY'), 5500);
INSERT INTO T_SIP_FUNCIONARIO (NR_MATRICULA, CD_DEPTO, NM_FUNCIONARIO, DT_NASCIMENTO, DT_ADMISSAO, VL_SALARIO) 
VALUES (134, 7, 'FÁBIO ALMEIDA', TO_DATE('24/01/1992', 'DD/MM/YYYY'), TO_DATE('20/02/2018', 'DD/MM/YYYY'), 6400);
INSERT INTO T_SIP_FUNCIONARIO (NR_MATRICULA, CD_DEPTO, NM_FUNCIONARIO, DT_NASCIMENTO, DT_ADMISSAO, VL_SALARIO) 
VALUES (135, 7, 'THAIS MARTINS', TO_DATE('30/08/1988', 'DD/MM/YYYY'), TO_DATE('02/04/2011', 'DD/MM/YYYY'), 6000);



--DEPENDENTES

-- Dependentes para o funcionário com NR_MATRICULA 101
INSERT INTO T_SIP_DEPENDENTE (NR_MATRICULA, CD_DEPENDENTE, NM_DEPENDENTE, DT_NASCIMENTO) 
VALUES (101, 1, 'LUCAS SILVA', TO_DATE('15/05/2010', 'DD/MM/YYYY'));
INSERT INTO T_SIP_DEPENDENTE (NR_MATRICULA, CD_DEPENDENTE, NM_DEPENDENTE, DT_NASCIMENTO) 
VALUES (101, 2, 'ANA SILVA', TO_DATE('20/08/2012', 'DD/MM/YYYY'));
INSERT INTO T_SIP_DEPENDENTE (NR_MATRICULA, CD_DEPENDENTE, NM_DEPENDENTE, DT_NASCIMENTO) 
VALUES (101, 3, 'CARLOS SILVA', TO_DATE('10/12/2014', 'DD/MM/YYYY'));

-- Dependentes para o funcionário com NR_MATRICULA 107
INSERT INTO T_SIP_DEPENDENTE (NR_MATRICULA, CD_DEPENDENTE, NM_DEPENDENTE, DT_NASCIMENTO) 
VALUES (107, 1, 'FERNANDA LIMA', TO_DATE('18/11/2012', 'DD/MM/YYYY'));
INSERT INTO T_SIP_DEPENDENTE (NR_MATRICULA, CD_DEPENDENTE, NM_DEPENDENTE, DT_NASCIMENTO) 
VALUES (107, 2, 'RAFAEL LIMA', TO_DATE('05/06/2014', 'DD/MM/YYYY'));
INSERT INTO T_SIP_DEPENDENTE (NR_MATRICULA, CD_DEPENDENTE, NM_DEPENDENTE, DT_NASCIMENTO) 
VALUES (107, 3, 'JULIANA LIMA', TO_DATE('22/09/2016', 'DD/MM/YYYY'));

-- Dependentes para o funcionário com NR_MATRICULA 115
INSERT INTO T_SIP_DEPENDENTE (NR_MATRICULA, CD_DEPENDENTE, NM_DEPENDENTE, DT_NASCIMENTO) 
VALUES (115, 1, 'MARCOS ARAUJO', TO_DATE('15/05/2012', 'DD/MM/YYYY'));
INSERT INTO T_SIP_DEPENDENTE (NR_MATRICULA, CD_DEPENDENTE, NM_DEPENDENTE, DT_NASCIMENTO) 
VALUES (115, 2, 'RODRIGO ARAUJO', TO_DATE('19/10/2014', 'DD/MM/YYYY'));
INSERT INTO T_SIP_DEPENDENTE (NR_MATRICULA, CD_DEPENDENTE, NM_DEPENDENTE, DT_NASCIMENTO) 
VALUES (115, 3, 'PATRICIA ARAUJO', TO_DATE('03/03/2016', 'DD/MM/YYYY'));


-- Telefones para o funcionário com matrícula 101
INSERT INTO T_SIP_TELEFONE (CD_TELEFONE, NR_MATRICULA, DS_TELEFONE) 
VALUES (1, 101, '(11) 91234-5678');
INSERT INTO T_SIP_TELEFONE (CD_TELEFONE, NR_MATRICULA, DS_TELEFONE) 
VALUES (2, 101, '(11) 92345-6789');

-- Telefones para o funcionário com matrícula 102
INSERT INTO T_SIP_TELEFONE (CD_TELEFONE, NR_MATRICULA, DS_TELEFONE) 
VALUES (3, 102, '(11) 93456-7890');
INSERT INTO T_SIP_TELEFONE (CD_TELEFONE, NR_MATRICULA, DS_TELEFONE) 
VALUES (4, 102, '(11) 94567-8901');

-- Telefones para o funcionário com matrícula 103
INSERT INTO T_SIP_TELEFONE (CD_TELEFONE, NR_MATRICULA, DS_TELEFONE) 
VALUES (5, 103, '(11) 95678-9012');
INSERT INTO T_SIP_TELEFONE (CD_TELEFONE, NR_MATRICULA, DS_TELEFONE) 
VALUES (6, 103, '(11) 96789-0123');

-- Telefones para o funcionário com matrícula 104
INSERT INTO T_SIP_TELEFONE (CD_TELEFONE, NR_MATRICULA, DS_TELEFONE) 
VALUES (7, 104, '(11) 97890-1234');
INSERT INTO T_SIP_TELEFONE (CD_TELEFONE, NR_MATRICULA, DS_TELEFONE) 
VALUES (8, 104, '(11) 98901-2345');

-- Telefones para o funcionário com matrícula 105
INSERT INTO T_SIP_TELEFONE (CD_TELEFONE, NR_MATRICULA, DS_TELEFONE) 
VALUES (9, 105, '(11) 99012-3456');
INSERT INTO T_SIP_TELEFONE (CD_TELEFONE, NR_MATRICULA, DS_TELEFONE) 
VALUES (10, 105, '(11) 90123-4567');

-- Telefones para o funcionário com matrícula 106
INSERT INTO T_SIP_TELEFONE (CD_TELEFONE, NR_MATRICULA, DS_TELEFONE) 
VALUES (11, 106, '(11) 91234-5678');
INSERT INTO T_SIP_TELEFONE (CD_TELEFONE, NR_MATRICULA, DS_TELEFONE) 
VALUES (12, 106, '(11) 92345-6789');

-- Telefones para o funcionário com matrícula 107
INSERT INTO T_SIP_TELEFONE (CD_TELEFONE, NR_MATRICULA, DS_TELEFONE) 
VALUES (13, 107, '(11) 93456-7890');
INSERT INTO T_SIP_TELEFONE (CD_TELEFONE, NR_MATRICULA, DS_TELEFONE) 
VALUES (14, 107, '(11) 94567-8901');

-- Telefones para o funcionário com matrícula 108
INSERT INTO T_SIP_TELEFONE (CD_TELEFONE, NR_MATRICULA, DS_TELEFONE) 
VALUES (15, 108, '(11) 95678-9012');
INSERT INTO T_SIP_TELEFONE (CD_TELEFONE, NR_MATRICULA, DS_TELEFONE) 
VALUES (16, 108, '(11) 96789-0123');

-- Telefones para o funcionário com matrícula 109
INSERT INTO T_SIP_TELEFONE (CD_TELEFONE, NR_MATRICULA, DS_TELEFONE) 
VALUES (17, 109, '(11) 97890-1234');
INSERT INTO T_SIP_TELEFONE (CD_TELEFONE, NR_MATRICULA, DS_TELEFONE) 
VALUES (18, 109, '(11) 98901-2345');

-- Telefones para o funcionário com matrícula 110
INSERT INTO T_SIP_TELEFONE (CD_TELEFONE, NR_MATRICULA, DS_TELEFONE) 
VALUES (19, 110, '(11) 99012-3456');
INSERT INTO T_SIP_TELEFONE (CD_TELEFONE, NR_MATRICULA, DS_TELEFONE) 
VALUES (20, 110, '(11) 90123-4567');

-- Telefones para o funcionário com matrícula 111
INSERT INTO T_SIP_TELEFONE (CD_TELEFONE, NR_MATRICULA, DS_TELEFONE) 
VALUES (21, 111, '(11) 91234-5678');
INSERT INTO T_SIP_TELEFONE (CD_TELEFONE, NR_MATRICULA, DS_TELEFONE) 
VALUES (70, 111, '(11) 92345-6789');

-- Telefones para o funcionário com matrícula 112
INSERT INTO T_SIP_TELEFONE (CD_TELEFONE, NR_MATRICULA, DS_TELEFONE) 
VALUES (22, 112, '(11) 93456-7890');
INSERT INTO T_SIP_TELEFONE (CD_TELEFONE, NR_MATRICULA, DS_TELEFONE) 
VALUES (23, 112, '(11) 94567-8901');

-- Telefones para o funcionário com matrícula 113
INSERT INTO T_SIP_TELEFONE (CD_TELEFONE, NR_MATRICULA, DS_TELEFONE) 
VALUES (24, 113, '(11) 95678-9012');
INSERT INTO T_SIP_TELEFONE (CD_TELEFONE, NR_MATRICULA, DS_TELEFONE) 
VALUES (25, 113, '(11) 96789-0123');

-- Telefones para o funcionário com matrícula 114
INSERT INTO T_SIP_TELEFONE (CD_TELEFONE, NR_MATRICULA, DS_TELEFONE) 
VALUES (26, 114, '(11) 97890-1234');
INSERT INTO T_SIP_TELEFONE (CD_TELEFONE, NR_MATRICULA, DS_TELEFONE) 
VALUES (27, 114, '(11) 98901-2345');

-- Telefones para o funcionário com matrícula 115
INSERT INTO T_SIP_TELEFONE (CD_TELEFONE, NR_MATRICULA, DS_TELEFONE) 
VALUES (28, 115, '(11) 99012-3456');
INSERT INTO T_SIP_TELEFONE (CD_TELEFONE, NR_MATRICULA, DS_TELEFONE) 
VALUES (29, 115, '(11) 90123-4567');

-- Telefones para o funcionário com matrícula 116
INSERT INTO T_SIP_TELEFONE (CD_TELEFONE, NR_MATRICULA, DS_TELEFONE) 
VALUES (30, 116, '(11) 91234-5678');
INSERT INTO T_SIP_TELEFONE (CD_TELEFONE, NR_MATRICULA, DS_TELEFONE) 
VALUES (31, 116, '(11) 92345-6789');

-- Telefones para o funcionário com matrícula 117
INSERT INTO T_SIP_TELEFONE (CD_TELEFONE, NR_MATRICULA, DS_TELEFONE) 
VALUES (32, 117, '(11) 93456-7890');
INSERT INTO T_SIP_TELEFONE (CD_TELEFONE, NR_MATRICULA, DS_TELEFONE) 
VALUES (33, 117, '(11) 94567-8901');

-- Telefones para o funcionário com matrícula 118
INSERT INTO T_SIP_TELEFONE (CD_TELEFONE, NR_MATRICULA, DS_TELEFONE) 
VALUES (34, 118, '(11) 95678-9012');
INSERT INTO T_SIP_TELEFONE (CD_TELEFONE, NR_MATRICULA, DS_TELEFONE) 
VALUES (35, 118, '(11) 96789-0123');

-- Telefones para o funcionário com matrícula 119
INSERT INTO T_SIP_TELEFONE (CD_TELEFONE, NR_MATRICULA, DS_TELEFONE) 
VALUES (36, 119, '(11) 97890-1234');
INSERT INTO T_SIP_TELEFONE (CD_TELEFONE, NR_MATRICULA, DS_TELEFONE) 
VALUES (37, 119, '(11) 98901-2345');

-- Telefones para o funcionário com matrícula 120
INSERT INTO T_SIP_TELEFONE (CD_TELEFONE, NR_MATRICULA, DS_TELEFONE) 
VALUES (38, 120, '(11) 99012-3456');
INSERT INTO T_SIP_TELEFONE (CD_TELEFONE, NR_MATRICULA, DS_TELEFONE) 
VALUES (39, 120, '(11) 90123-4567');

-- Telefones para o funcionário com matrícula 121
INSERT INTO T_SIP_TELEFONE (CD_TELEFONE, NR_MATRICULA, DS_TELEFONE) 
VALUES (40, 121, '(11) 91234-5678');
INSERT INTO T_SIP_TELEFONE (CD_TELEFONE, NR_MATRICULA, DS_TELEFONE) 
VALUES (41, 121, '(11) 92345-6789');

-- Telefones para o funcionário com matrícula 122
INSERT INTO T_SIP_TELEFONE (CD_TELEFONE, NR_MATRICULA, DS_TELEFONE) 
VALUES (42, 122, '(11) 93456-7890');
INSERT INTO T_SIP_TELEFONE (CD_TELEFONE, NR_MATRICULA, DS_TELEFONE) 
VALUES (43, 122, '(11) 94567-8901');

-- Telefones para o funcionário com matrícula 123
INSERT INTO T_SIP_TELEFONE (CD_TELEFONE, NR_MATRICULA, DS_TELEFONE) 
VALUES (44, 123, '(11) 95678-9012');
INSERT INTO T_SIP_TELEFONE (CD_TELEFONE, NR_MATRICULA, DS_TELEFONE) 
VALUES (45, 123, '(11) 96789-0123');

-- Telefones para o funcionário com matrícula 124
INSERT INTO T_SIP_TELEFONE (CD_TELEFONE, NR_MATRICULA, DS_TELEFONE) 
VALUES (46, 124, '(11) 97890-1234');
INSERT INTO T_SIP_TELEFONE (CD_TELEFONE, NR_MATRICULA, DS_TELEFONE) 
VALUES (47, 124, '(11) 98901-2345');

-- Telefones para o funcionário com matrícula 125
INSERT INTO T_SIP_TELEFONE (CD_TELEFONE, NR_MATRICULA, DS_TELEFONE) 
VALUES (48, 125, '(11) 99012-3456');
INSERT INTO T_SIP_TELEFONE (CD_TELEFONE, NR_MATRICULA, DS_TELEFONE) 
VALUES (49, 125, '(11) 90123-4567');

-- Telefones para o funcionário com matrícula 126
INSERT INTO T_SIP_TELEFONE (CD_TELEFONE, NR_MATRICULA, DS_TELEFONE) 
VALUES (50, 126, '(11) 91234-5678');
INSERT INTO T_SIP_TELEFONE (CD_TELEFONE, NR_MATRICULA, DS_TELEFONE) 
VALUES (51, 126, '(11) 92345-6789');

-- Telefones para o funcionário com matrícula 127
INSERT INTO T_SIP_TELEFONE (CD_TELEFONE, NR_MATRICULA, DS_TELEFONE) 
VALUES (52, 127, '(11) 93456-7890');
INSERT INTO T_SIP_TELEFONE (CD_TELEFONE, NR_MATRICULA, DS_TELEFONE) 
VALUES (53, 127, '(11) 94567-8901');

-- Telefones para o funcionário com matrícula 128
INSERT INTO T_SIP_TELEFONE (CD_TELEFONE, NR_MATRICULA, DS_TELEFONE) 
VALUES (54, 128, '(11) 95678-9012');
INSERT INTO T_SIP_TELEFONE (CD_TELEFONE, NR_MATRICULA, DS_TELEFONE) 
VALUES (55, 128, '(11) 96789-0123');

-- Telefones para o funcionário com matrícula 129
INSERT INTO T_SIP_TELEFONE (CD_TELEFONE, NR_MATRICULA, DS_TELEFONE) 
VALUES (56, 129, '(11) 97890-1234');
INSERT INTO T_SIP_TELEFONE (CD_TELEFONE, NR_MATRICULA, DS_TELEFONE) 
VALUES (57, 129, '(11) 98901-2345');

-- Telefones para o funcionário com matrícula 130
INSERT INTO T_SIP_TELEFONE (CD_TELEFONE, NR_MATRICULA, DS_TELEFONE) 
VALUES (58, 130, '(11) 99012-3456');
INSERT INTO T_SIP_TELEFONE (CD_TELEFONE, NR_MATRICULA, DS_TELEFONE) 
VALUES (59, 130, '(11) 90123-4567');

-- Telefones para o funcionário com matrícula 131
INSERT INTO T_SIP_TELEFONE (CD_TELEFONE, NR_MATRICULA, DS_TELEFONE) 
VALUES (60, 131, '(11) 91234-5678');
INSERT INTO T_SIP_TELEFONE (CD_TELEFONE, NR_MATRICULA, DS_TELEFONE) 
VALUES (61, 131, '(11) 92345-6789');

-- Telefones para o funcionário com matrícula 132
INSERT INTO T_SIP_TELEFONE (CD_TELEFONE, NR_MATRICULA, DS_TELEFONE) 
VALUES (62, 132, '(11) 93456-7890');
INSERT INTO T_SIP_TELEFONE (CD_TELEFONE, NR_MATRICULA, DS_TELEFONE) 
VALUES (63, 132, '(11) 94567-8901');

-- Telefones para o funcionário com matrícula 133
INSERT INTO T_SIP_TELEFONE (CD_TELEFONE, NR_MATRICULA, DS_TELEFONE) 
VALUES (64, 133, '(11) 95678-9012');
INSERT INTO T_SIP_TELEFONE (CD_TELEFONE, NR_MATRICULA, DS_TELEFONE) 
VALUES (65, 133, '(11) 96789-0123');

-- Telefones para o funcionário com matrícula 134
INSERT INTO T_SIP_TELEFONE (CD_TELEFONE, NR_MATRICULA, DS_TELEFONE) 
VALUES (66, 134, '(11) 97890-1234');
INSERT INTO T_SIP_TELEFONE (CD_TELEFONE, NR_MATRICULA, DS_TELEFONE) 
VALUES (67, 134, '(11) 98901-2345');

-- Telefones para o funcionário com matrícula 135
INSERT INTO T_SIP_TELEFONE (CD_TELEFONE, NR_MATRICULA, DS_TELEFONE) 
VALUES (68, 135, '(11) 99012-3456');
INSERT INTO T_SIP_TELEFONE (CD_TELEFONE, NR_MATRICULA, DS_TELEFONE) 
VALUES (69, 135, '(11) 90123-4567');


--projetos 

-- Projetos com data de término
INSERT INTO T_SIP_PROJETO (CD_PROJETO, NM_PROJETO, DT_INICIO, DT_TERMINO) 
VALUES (1, 'IMPLANTAÇÃO INFRAESTRUTURA CLOUD AZURE', TO_DATE('01/01/2023', 'DD/MM/YYYY'), TO_DATE('31/12/2023', 'DD/MM/YYYY'));

INSERT INTO T_SIP_PROJETO (CD_PROJETO, NM_PROJETO, DT_INICIO, DT_TERMINO) 
VALUES (2, 'APP MOBILE SAKSPILDAP', TO_DATE('15/02/2023', 'DD/MM/YYYY'), TO_DATE('15/08/2023', 'DD/MM/YYYY'));

-- Projetos sem data de término
INSERT INTO T_SIP_PROJETO (CD_PROJETO, NM_PROJETO, DT_INICIO, DT_TERMINO) 
VALUES (3, 'PORTAL SAKSPILDAP', TO_DATE('01/03/2023', 'DD/MM/YYYY'), NULL);

INSERT INTO T_SIP_PROJETO (CD_PROJETO, NM_PROJETO, DT_INICIO, DT_TERMINO) 
VALUES (4, 'BANCO DE DADOS SQLSERVER NO AZURE', TO_DATE('10/04/2023', 'DD/MM/YYYY'), NULL);

INSERT INTO T_SIP_PROJETO (CD_PROJETO, NM_PROJETO, DT_INICIO, DT_TERMINO) 
VALUES (5, 'ATUALIZAÇÃO DO SISTEMA DE CLIENTES', TO_DATE('20/05/2023', 'DD/MM/YYYY'), NULL);


--Projeto 1: IMPLANTAÇÃO INFRAESTRUTURA CLOUD AZURE
--Data de Início: 01/01/2023
--Data de Término: 31/12/2023

-- Funcionário 101
INSERT INTO T_SIP_IMPLANTACAO (CD_PROJETO, CD_IMPLANTACAO, NR_MATRICULA, DT_ENTRADA, DT_SAIDA) 
VALUES (1, 1, 101, TO_DATE('01/01/2023', 'DD/MM/YYYY'), TO_DATE('31/12/2023', 'DD/MM/YYYY'));

-- Funcionário 102
INSERT INTO T_SIP_IMPLANTACAO (CD_PROJETO, CD_IMPLANTACAO, NR_MATRICULA, DT_ENTRADA, DT_SAIDA) 
VALUES (1, 2, 102, TO_DATE('01/01/2023', 'DD/MM/YYYY'), TO_DATE('31/12/2023', 'DD/MM/YYYY'));

-- Funcionário 103
INSERT INTO T_SIP_IMPLANTACAO (CD_PROJETO, CD_IMPLANTACAO, NR_MATRICULA, DT_ENTRADA, DT_SAIDA) 
VALUES (1, 3, 103, TO_DATE('01/01/2023', 'DD/MM/YYYY'), TO_DATE('31/12/2023', 'DD/MM/YYYY'));


--Projeto 2: APP MOBILE SAKSPILDAP
--Data de Início: 15/02/2023
--Data de Término: 15/08/2023

-- Funcionário 104
INSERT INTO T_SIP_IMPLANTACAO (CD_PROJETO, CD_IMPLANTACAO, NR_MATRICULA, DT_ENTRADA, DT_SAIDA) 
VALUES (2, 1, 104, TO_DATE('15/02/2023', 'DD/MM/YYYY'), TO_DATE('15/08/2023', 'DD/MM/YYYY'));

-- Funcionário 105
INSERT INTO T_SIP_IMPLANTACAO (CD_PROJETO, CD_IMPLANTACAO, NR_MATRICULA, DT_ENTRADA, DT_SAIDA) 
VALUES (2, 2, 105, TO_DATE('15/02/2023', 'DD/MM/YYYY'), TO_DATE('15/08/2023', 'DD/MM/YYYY'));

-- Funcionário 106
INSERT INTO T_SIP_IMPLANTACAO (CD_PROJETO, CD_IMPLANTACAO, NR_MATRICULA, DT_ENTRADA, DT_SAIDA) 
VALUES (2, 3, 106, TO_DATE('15/02/2023', 'DD/MM/YYYY'), TO_DATE('15/08/2023', 'DD/MM/YYYY'));


--Projeto 3: PORTAL SAKSPILDAP
--Data de Início: 01/03/2023
--Data de Término: NULL (Projeto em andamento)

-- Funcionário 107
INSERT INTO T_SIP_IMPLANTACAO (CD_PROJETO, CD_IMPLANTACAO, NR_MATRICULA, DT_ENTRADA, DT_SAIDA) 
VALUES (3, 1, 107, TO_DATE('01/03/2023', 'DD/MM/YYYY'), NULL);

-- Funcionário 108
INSERT INTO T_SIP_IMPLANTACAO (CD_PROJETO, CD_IMPLANTACAO, NR_MATRICULA, DT_ENTRADA, DT_SAIDA) 
VALUES (3, 2, 108, TO_DATE('01/03/2023', 'DD/MM/YYYY'), NULL);

-- Funcionário 109
INSERT INTO T_SIP_IMPLANTACAO (CD_PROJETO, CD_IMPLANTACAO, NR_MATRICULA, DT_ENTRADA, DT_SAIDA) 
VALUES (3, 3, 109, TO_DATE('01/03/2023', 'DD/MM/YYYY'), NULL);

--ESTADOS
INSERT INTO T_SIP_ESTADO (CD_ESTADO, NM_ESTADO, SG_ESTADO) VALUES (1, 'Acre', 'AC');
INSERT INTO T_SIP_ESTADO (CD_ESTADO, NM_ESTADO, SG_ESTADO) VALUES (2, 'Alagoas', 'AL');
INSERT INTO T_SIP_ESTADO (CD_ESTADO, NM_ESTADO, SG_ESTADO) VALUES (3, 'Amapá', 'AP');
INSERT INTO T_SIP_ESTADO (CD_ESTADO, NM_ESTADO, SG_ESTADO) VALUES (4, 'Amazonas', 'AM');
INSERT INTO T_SIP_ESTADO (CD_ESTADO, NM_ESTADO, SG_ESTADO) VALUES (5, 'Bahia', 'BA');
INSERT INTO T_SIP_ESTADO (CD_ESTADO, NM_ESTADO, SG_ESTADO) VALUES (6, 'Ceará', 'CE');
INSERT INTO T_SIP_ESTADO (CD_ESTADO, NM_ESTADO, SG_ESTADO) VALUES (7, 'Distrito Federal', 'DF');
INSERT INTO T_SIP_ESTADO (CD_ESTADO, NM_ESTADO, SG_ESTADO) VALUES (8, 'Espírito Santo', 'ES');
INSERT INTO T_SIP_ESTADO (CD_ESTADO, NM_ESTADO, SG_ESTADO) VALUES (9, 'Goiás', 'GO');
INSERT INTO T_SIP_ESTADO (CD_ESTADO, NM_ESTADO, SG_ESTADO) VALUES (10, 'Maranhão', 'MA');
INSERT INTO T_SIP_ESTADO (CD_ESTADO, NM_ESTADO, SG_ESTADO) VALUES (11, 'Mato Grosso', 'MT');
INSERT INTO T_SIP_ESTADO (CD_ESTADO, NM_ESTADO, SG_ESTADO) VALUES (12, 'Mato Grosso do Sul', 'MS');
INSERT INTO T_SIP_ESTADO (CD_ESTADO, NM_ESTADO, SG_ESTADO) VALUES (13, 'Minas Gerais', 'MG');
INSERT INTO T_SIP_ESTADO (CD_ESTADO, NM_ESTADO, SG_ESTADO) VALUES (14, 'Pará', 'PA');
INSERT INTO T_SIP_ESTADO (CD_ESTADO, NM_ESTADO, SG_ESTADO) VALUES (15, 'Paraíba', 'PB');
INSERT INTO T_SIP_ESTADO (CD_ESTADO, NM_ESTADO, SG_ESTADO) VALUES (16, 'Paraná', 'PR');
INSERT INTO T_SIP_ESTADO (CD_ESTADO, NM_ESTADO, SG_ESTADO) VALUES (17, 'Pernambuco', 'PE');
INSERT INTO T_SIP_ESTADO (CD_ESTADO, NM_ESTADO, SG_ESTADO) VALUES (18, 'Piauí', 'PI');
INSERT INTO T_SIP_ESTADO (CD_ESTADO, NM_ESTADO, SG_ESTADO) VALUES (19, 'Rio de Janeiro', 'RJ');
INSERT INTO T_SIP_ESTADO (CD_ESTADO, NM_ESTADO, SG_ESTADO) VALUES (20, 'Rio Grande do Norte', 'RN');
INSERT INTO T_SIP_ESTADO (CD_ESTADO, NM_ESTADO, SG_ESTADO) VALUES (21, 'Rio Grande do Sul', 'RS');
INSERT INTO T_SIP_ESTADO (CD_ESTADO, NM_ESTADO, SG_ESTADO) VALUES (22, 'Rondônia', 'RO');
INSERT INTO T_SIP_ESTADO (CD_ESTADO, NM_ESTADO, SG_ESTADO) VALUES (23, 'Roraima', 'RR');
INSERT INTO T_SIP_ESTADO (CD_ESTADO, NM_ESTADO, SG_ESTADO) VALUES (24, 'Santa Catarina', 'SC');
INSERT INTO T_SIP_ESTADO (CD_ESTADO, NM_ESTADO, SG_ESTADO) VALUES (25, 'São Paulo', 'SP');
INSERT INTO T_SIP_ESTADO (CD_ESTADO, NM_ESTADO, SG_ESTADO) VALUES (26, 'Sergipe', 'SE');
INSERT INTO T_SIP_ESTADO (CD_ESTADO, NM_ESTADO, SG_ESTADO) VALUES (27, 'Tocantins', 'TO');


-- Cidades do Acre
INSERT INTO T_SIP_CIDADE (CD_CIDADE, CD_ESTADO, NM_CIDADE) VALUES (1, 1, 'Rio Branco');
INSERT INTO T_SIP_CIDADE (CD_CIDADE, CD_ESTADO, NM_CIDADE) VALUES (2, 1, 'Cruzeiro do Sul');
INSERT INTO T_SIP_CIDADE (CD_CIDADE, CD_ESTADO, NM_CIDADE) VALUES (3, 1, 'Sena Madureira');
INSERT INTO T_SIP_CIDADE (CD_CIDADE, CD_ESTADO, NM_CIDADE) VALUES (4, 1, 'Tarauacá');
INSERT INTO T_SIP_CIDADE (CD_CIDADE, CD_ESTADO, NM_CIDADE) VALUES (5, 1, 'Feijó');
INSERT INTO T_SIP_CIDADE (CD_CIDADE, CD_ESTADO, NM_CIDADE) VALUES (6, 1, 'Brasiléia');
INSERT INTO T_SIP_CIDADE (CD_CIDADE, CD_ESTADO, NM_CIDADE) VALUES (7, 1, 'Xapuri');
INSERT INTO T_SIP_CIDADE (CD_CIDADE, CD_ESTADO, NM_CIDADE) VALUES (8, 1, 'Plácido de Castro');
INSERT INTO T_SIP_CIDADE (CD_CIDADE, CD_ESTADO, NM_CIDADE) VALUES (9, 1, 'Senador Guiomard');
INSERT INTO T_SIP_CIDADE (CD_CIDADE, CD_ESTADO, NM_CIDADE) VALUES (10, 1, 'Acrelândia');

-- Cidades de Alagoas
INSERT INTO T_SIP_CIDADE (CD_CIDADE, CD_ESTADO, NM_CIDADE) VALUES (11, 2, 'Maceió');
INSERT INTO T_SIP_CIDADE (CD_CIDADE, CD_ESTADO, NM_CIDADE) VALUES (12, 2, 'Arapiraca');
INSERT INTO T_SIP_CIDADE (CD_CIDADE, CD_ESTADO, NM_CIDADE) VALUES (13, 2, 'Palmeira dos Índios');
INSERT INTO T_SIP_CIDADE (CD_CIDADE, CD_ESTADO, NM_CIDADE) VALUES (14, 2, 'Rio Largo');
INSERT INTO T_SIP_CIDADE (CD_CIDADE, CD_ESTADO, NM_CIDADE) VALUES (15, 2, 'Penedo');
INSERT INTO T_SIP_CIDADE (CD_CIDADE, CD_ESTADO, NM_CIDADE) VALUES (16, 2, 'União dos Palmares');
INSERT INTO T_SIP_CIDADE (CD_CIDADE, CD_ESTADO, NM_CIDADE) VALUES (17, 2, 'São Miguel dos Campos');
INSERT INTO T_SIP_CIDADE (CD_CIDADE, CD_ESTADO, NM_CIDADE) VALUES (18, 2, 'Campo Alegre');
INSERT INTO T_SIP_CIDADE (CD_CIDADE, CD_ESTADO, NM_CIDADE) VALUES (19, 2, 'Delmiro Gouveia');
INSERT INTO T_SIP_CIDADE (CD_CIDADE, CD_ESTADO, NM_CIDADE) VALUES (20, 2, 'Coruripe');

-- Cidades do Amapá
INSERT INTO T_SIP_CIDADE (CD_CIDADE, CD_ESTADO, NM_CIDADE) VALUES (21, 3, 'Macapá');
INSERT INTO T_SIP_CIDADE (CD_CIDADE, CD_ESTADO, NM_CIDADE) VALUES (22, 3, 'Santana');
INSERT INTO T_SIP_CIDADE (CD_CIDADE, CD_ESTADO, NM_CIDADE) VALUES (23, 3, 'Laranjal do Jari');
INSERT INTO T_SIP_CIDADE (CD_CIDADE, CD_ESTADO, NM_CIDADE) VALUES (24, 3, 'Oiapoque');
INSERT INTO T_SIP_CIDADE (CD_CIDADE, CD_ESTADO, NM_CIDADE) VALUES (25, 3, 'Porto Grande');
INSERT INTO T_SIP_CIDADE (CD_CIDADE, CD_ESTADO, NM_CIDADE) VALUES (26, 3, 'Mazagão');
INSERT INTO T_SIP_CIDADE (CD_CIDADE, CD_ESTADO, NM_CIDADE) VALUES (27, 3, 'Vitória do Jari');
INSERT INTO T_SIP_CIDADE (CD_CIDADE, CD_ESTADO, NM_CIDADE) VALUES (28, 3, 'Pedra Branca do Amapari');
INSERT INTO T_SIP_CIDADE (CD_CIDADE, CD_ESTADO, NM_CIDADE) VALUES (29, 3, 'Calçoene');
INSERT INTO T_SIP_CIDADE (CD_CIDADE, CD_ESTADO, NM_CIDADE) VALUES (30, 3, 'Amapá');

-- Cidades do Amazonas
INSERT INTO T_SIP_CIDADE (CD_CIDADE, CD_ESTADO, NM_CIDADE) VALUES (31, 4, 'Manaus');
INSERT INTO T_SIP_CIDADE (CD_CIDADE, CD_ESTADO, NM_CIDADE) VALUES (32, 4, 'Parintins');
INSERT INTO T_SIP_CIDADE (CD_CIDADE, CD_ESTADO, NM_CIDADE) VALUES (33, 4, 'Itacoatiara');
INSERT INTO T_SIP_CIDADE (CD_CIDADE, CD_ESTADO, NM_CIDADE) VALUES (34, 4, 'Manacapuru');
INSERT INTO T_SIP_CIDADE (CD_CIDADE, CD_ESTADO, NM_CIDADE) VALUES (35, 4, 'Coari');
INSERT INTO T_SIP_CIDADE (CD_CIDADE, CD_ESTADO, NM_CIDADE) VALUES (36, 4, 'Tefé');
INSERT INTO T_SIP_CIDADE (CD_CIDADE, CD_ESTADO, NM_CIDADE) VALUES (37, 4, 'Tabatinga');
INSERT INTO T_SIP_CIDADE (CD_CIDADE, CD_ESTADO, NM_CIDADE) VALUES (38, 4, 'Maués');
INSERT INTO T_SIP_CIDADE (CD_CIDADE, CD_ESTADO, NM_CIDADE) VALUES (39, 4, 'Humaitá');
INSERT INTO T_SIP_CIDADE (CD_CIDADE, CD_ESTADO, NM_CIDADE) VALUES (40, 4, 'São Gabriel da Cachoeira');

-- Cidades da Bahia
INSERT INTO T_SIP_CIDADE (CD_CIDADE, CD_ESTADO, NM_CIDADE) VALUES (41, 5, 'Salvador');
INSERT INTO T_SIP_CIDADE (CD_CIDADE, CD_ESTADO, NM_CIDADE) VALUES (42, 5, 'Feira de Santana');
INSERT INTO T_SIP_CIDADE (CD_CIDADE, CD_ESTADO, NM_CIDADE) VALUES (43, 5, 'Vitória da Conquista');
INSERT INTO T_SIP_CIDADE (CD_CIDADE, CD_ESTADO, NM_CIDADE) VALUES (44, 5, 'Camaçari');
INSERT INTO T_SIP_CIDADE (CD_CIDADE, CD_ESTADO, NM_CIDADE) VALUES (45, 5, 'Itabuna');
INSERT INTO T_SIP_CIDADE (CD_CIDADE, CD_ESTADO, NM_CIDADE) VALUES (46, 5, 'Juazeiro');
INSERT INTO T_SIP_CIDADE (CD_CIDADE, CD_ESTADO, NM_CIDADE) VALUES (47, 5, 'Lauro de Freitas');
INSERT INTO T_SIP_CIDADE (CD_CIDADE, CD_ESTADO, NM_CIDADE) VALUES (48, 5, 'Ilhéus');
INSERT INTO T_SIP_CIDADE (CD_CIDADE, CD_ESTADO, NM_CIDADE) VALUES (49, 5, 'Jequié');
INSERT INTO T_SIP_CIDADE (CD_CIDADE, CD_ESTADO, NM_CIDADE) VALUES (50, 5, 'Teixeira de Freitas');

-- Cidades do Ceará
INSERT INTO T_SIP_CIDADE (CD_CIDADE, CD_ESTADO, NM_CIDADE) VALUES (51, 6, 'Fortaleza');
INSERT INTO T_SIP_CIDADE (CD_CIDADE, CD_ESTADO, NM_CIDADE) VALUES (52, 6, 'Caucaia');
INSERT INTO T_SIP_CIDADE (CD_CIDADE, CD_ESTADO, NM_CIDADE) VALUES (53, 6, 'Juazeiro do Norte');
INSERT INTO T_SIP_CIDADE (CD_CIDADE, CD_ESTADO, NM_CIDADE) VALUES (54, 6, 'Maracanaú');
INSERT INTO T_SIP_CIDADE (CD_CIDADE, CD_ESTADO, NM_CIDADE) VALUES (55, 6, 'Sobral');
INSERT INTO T_SIP_CIDADE (CD_CIDADE, CD_ESTADO, NM_CIDADE) VALUES (56, 6, 'Crato');
INSERT INTO T_SIP_CIDADE (CD_CIDADE, CD_ESTADO, NM_CIDADE) VALUES (57, 6, 'Itapipoca');
INSERT INTO T_SIP_CIDADE (CD_CIDADE, CD_ESTADO, NM_CIDADE) VALUES (58, 6, 'Maranguape');
INSERT INTO T_SIP_CIDADE (CD_CIDADE, CD_ESTADO, NM_CIDADE) VALUES (59, 6, 'Iguatu');
INSERT INTO T_SIP_CIDADE (CD_CIDADE, CD_ESTADO, NM_CIDADE) VALUES (60, 6, 'Quixadá');

-- Cidades do Distrito Federal
INSERT INTO T_SIP_CIDADE (CD_CIDADE, CD_ESTADO, NM_CIDADE) VALUES (61, 7, 'Brasília');
INSERT INTO T_SIP_CIDADE (CD_CIDADE, CD_ESTADO, NM_CIDADE) VALUES (62, 7, 'Ceilândia');
INSERT INTO T_SIP_CIDADE (CD_CIDADE, CD_ESTADO, NM_CIDADE) VALUES (63, 7, 'Taguatinga');
INSERT INTO T_SIP_CIDADE (CD_CIDADE, CD_ESTADO, NM_CIDADE) VALUES (64, 7, 'Samambaia');
INSERT INTO T_SIP_CIDADE (CD_CIDADE, CD_ESTADO, NM_CIDADE) VALUES (65, 7, 'Planaltina');
INSERT INTO T_SIP_CIDADE (CD_CIDADE, CD_ESTADO, NM_CIDADE) VALUES (66, 7, 'Águas Claras');
INSERT INTO T_SIP_CIDADE (CD_CIDADE, CD_ESTADO, NM_CIDADE) VALUES (67, 7, 'Gama');
INSERT INTO T_SIP_CIDADE (CD_CIDADE, CD_ESTADO, NM_CIDADE) VALUES (68, 7, 'Santa Maria');
INSERT INTO T_SIP_CIDADE (CD_CIDADE, CD_ESTADO, NM_CIDADE) VALUES (69, 7, 'Recanto das Emas');
INSERT INTO T_SIP_CIDADE (CD_CIDADE, CD_ESTADO, NM_CIDADE) VALUES (70, 7, 'Sobradinho');

-- Cidades do Espírito Santo
INSERT INTO T_SIP_CIDADE (CD_CIDADE, CD_ESTADO, NM_CIDADE) VALUES (71, 8, 'Vitória');
INSERT INTO T_SIP_CIDADE (CD_CIDADE, CD_ESTADO, NM_CIDADE) VALUES (72, 8, 'Vila Velha');
INSERT INTO T_SIP_CIDADE (CD_CIDADE, CD_ESTADO, NM_CIDADE) VALUES (73, 8, 'Serra');
INSERT INTO T_SIP_CIDADE (CD_CIDADE, CD_ESTADO, NM_CIDADE) VALUES (74, 8, 'Cariacica');
INSERT INTO T_SIP_CIDADE (CD_CIDADE, CD_ESTADO, NM_CIDADE) VALUES (75, 8, 'Linhares');
INSERT INTO T_SIP_CIDADE (CD_CIDADE, CD_ESTADO, NM_CIDADE) VALUES (76, 8, 'São Mateus');
INSERT INTO T_SIP_CIDADE (CD_CIDADE, CD_ESTADO, NM_CIDADE) VALUES (77, 8, 'Aracruz');
INSERT INTO T_SIP_CIDADE (CD_CIDADE, CD_ESTADO, NM_CIDADE) VALUES (78, 8, 'Guarapari');
INSERT INTO T_SIP_CIDADE (CD_CIDADE, CD_ESTADO, NM_CIDADE) VALUES (79, 8, 'Colatina');
INSERT INTO T_SIP_CIDADE (CD_CIDADE, CD_ESTADO, NM_CIDADE) VALUES (80, 8, 'Cachoeiro de Itapemirim');

-- Cidades de Goiás
INSERT INTO T_SIP_CIDADE (CD_CIDADE, CD_ESTADO, NM_CIDADE) VALUES (81, 9, 'Goiânia');
INSERT INTO T_SIP_CIDADE (CD_CIDADE, CD_ESTADO, NM_CIDADE) VALUES (82, 9, 'Aparecida de Goiânia');
INSERT INTO T_SIP_CIDADE (CD_CIDADE, CD_ESTADO, NM_CIDADE) VALUES (83, 9, 'Anápolis');
INSERT INTO T_SIP_CIDADE (CD_CIDADE, CD_ESTADO, NM_CIDADE) VALUES (84, 9, 'Rio Verde');
INSERT INTO T_SIP_CIDADE (CD_CIDADE, CD_ESTADO, NM_CIDADE) VALUES (85, 9, 'Luziânia');
INSERT INTO T_SIP_CIDADE (CD_CIDADE, CD_ESTADO, NM_CIDADE) VALUES (86, 9, 'Águas Lindas de Goiás');
INSERT INTO T_SIP_CIDADE (CD_CIDADE, CD_ESTADO, NM_CIDADE) VALUES (87, 9, 'Valparaíso de Goiás');
INSERT INTO T_SIP_CIDADE (CD_CIDADE, CD_ESTADO, NM_CIDADE) VALUES (88, 9, 'Trindade');
INSERT INTO T_SIP_CIDADE (CD_CIDADE, CD_ESTADO, NM_CIDADE) VALUES (89, 9, 'Formosa');
INSERT INTO T_SIP_CIDADE (CD_CIDADE, CD_ESTADO, NM_CIDADE) VALUES (90, 9, 'Novo Gama');

-- Cidades do Maranhão
INSERT INTO T_SIP_CIDADE (CD_CIDADE, CD_ESTADO, NM_CIDADE) VALUES (91, 10, 'São Luís');
INSERT INTO T_SIP_CIDADE (CD_CIDADE, CD_ESTADO, NM_CIDADE) VALUES (92, 10, 'Imperatriz');
INSERT INTO T_SIP_CIDADE (CD_CIDADE, CD_ESTADO, NM_CIDADE) VALUES (93, 10, 'Timon');
INSERT INTO T_SIP_CIDADE (CD_CIDADE, CD_ESTADO, NM_CIDADE) VALUES (94, 10, 'Caxias');
INSERT INTO T_SIP_CIDADE (CD_CIDADE, CD_ESTADO, NM_CIDADE) VALUES (95, 10, 'Codó');
INSERT INTO T_SIP_CIDADE (CD_CIDADE, CD_ESTADO, NM_CIDADE) VALUES (96, 10, 'Paço do Lumiar');
INSERT INTO T_SIP_CIDADE (CD_CIDADE, CD_ESTADO, NM_CIDADE) VALUES (97, 10, 'Açailândia');
INSERT INTO T_SIP_CIDADE (CD_CIDADE, CD_ESTADO, NM_CIDADE) VALUES (98, 10, 'Bacabal');
INSERT INTO T_SIP_CIDADE (CD_CIDADE, CD_ESTADO, NM_CIDADE) VALUES (99, 10, 'Balsas');
INSERT INTO T_SIP_CIDADE (CD_CIDADE, CD_ESTADO, NM_CIDADE) VALUES (100, 10, 'Santa Inês');

-- Cidades do Mato Grosso
INSERT INTO T_SIP_CIDADE (CD_CIDADE, CD_ESTADO, NM_CIDADE) VALUES (101, 11, 'Cuiabá');
INSERT INTO T_SIP_CIDADE (CD_CIDADE, CD_ESTADO, NM_CIDADE) VALUES (102, 11, 'Várzea Grande');
INSERT INTO T_SIP_CIDADE (CD_CIDADE, CD_ESTADO, NM_CIDADE) VALUES (103, 11, 'Rondonópolis');
INSERT INTO T_SIP_CIDADE (CD_CIDADE, CD_ESTADO, NM_CIDADE) VALUES (104, 11, 'Sinop');
INSERT INTO T_SIP_CIDADE (CD_CIDADE, CD_ESTADO, NM_CIDADE) VALUES (105, 11, 'Tangará da Serra');
INSERT INTO T_SIP_CIDADE (CD_CIDADE, CD_ESTADO, NM_CIDADE) VALUES (106, 11, 'Cáceres');
INSERT INTO T_SIP_CIDADE (CD_CIDADE, CD_ESTADO, NM_CIDADE) VALUES (107, 11, 'Sorriso');
INSERT INTO T_SIP_CIDADE (CD_CIDADE, CD_ESTADO, NM_CIDADE) VALUES (108, 11, 'Lucas do Rio Verde');
INSERT INTO T_SIP_CIDADE (CD_CIDADE, CD_ESTADO, NM_CIDADE) VALUES (109, 11, 'Barra do Garças');
INSERT INTO T_SIP_CIDADE (CD_CIDADE, CD_ESTADO, NM_CIDADE) VALUES (110, 11, 'Primavera do Leste');

-- Cidades do Mato Grosso do Sul
INSERT INTO T_SIP_CIDADE (CD_CIDADE, CD_ESTADO, NM_CIDADE) VALUES (111, 12, 'Campo Grande');
INSERT INTO T_SIP_CIDADE (CD_CIDADE, CD_ESTADO, NM_CIDADE) VALUES (112, 12, 'Dourados');
INSERT INTO T_SIP_CIDADE (CD_CIDADE, CD_ESTADO, NM_CIDADE) VALUES (113, 12, 'Três Lagoas');
INSERT INTO T_SIP_CIDADE (CD_CIDADE, CD_ESTADO, NM_CIDADE) VALUES (114, 12, 'Corumbá');
INSERT INTO T_SIP_CIDADE (CD_CIDADE, CD_ESTADO, NM_CIDADE) VALUES (115, 12, 'Ponta Porã');
INSERT INTO T_SIP_CIDADE (CD_CIDADE, CD_ESTADO, NM_CIDADE) VALUES (116, 12, 'Naviraí');
INSERT INTO T_SIP_CIDADE (CD_CIDADE, CD_ESTADO, NM_CIDADE) VALUES (117, 12, 'Nova Andradina');
INSERT INTO T_SIP_CIDADE (CD_CIDADE, CD_ESTADO, NM_CIDADE) VALUES (118, 12, 'Sidrolândia');
INSERT INTO T_SIP_CIDADE (CD_CIDADE, CD_ESTADO, NM_CIDADE) VALUES (119, 12, 'Maracaju');
INSERT INTO T_SIP_CIDADE (CD_CIDADE, CD_ESTADO, NM_CIDADE) VALUES (120, 12, 'Aquidauana');

-- Cidades de Minas Gerais
INSERT INTO T_SIP_CIDADE (CD_CIDADE, CD_ESTADO, NM_CIDADE) VALUES (121, 13, 'Belo Horizonte');
INSERT INTO T_SIP_CIDADE (CD_CIDADE, CD_ESTADO, NM_CIDADE) VALUES (122, 13, 'Uberlândia');
INSERT INTO T_SIP_CIDADE (CD_CIDADE, CD_ESTADO, NM_CIDADE) VALUES (123, 13, 'Contagem');
INSERT INTO T_SIP_CIDADE (CD_CIDADE, CD_ESTADO, NM_CIDADE) VALUES (124, 13, 'Juiz de Fora');
INSERT INTO T_SIP_CIDADE (CD_CIDADE, CD_ESTADO, NM_CIDADE) VALUES (125, 13, 'Betim');
INSERT INTO T_SIP_CIDADE (CD_CIDADE, CD_ESTADO, NM_CIDADE) VALUES (126, 13, 'Montes Claros');
INSERT INTO T_SIP_CIDADE (CD_CIDADE, CD_ESTADO, NM_CIDADE) VALUES (127, 13, 'Ribeirão das Neves');
INSERT INTO T_SIP_CIDADE (CD_CIDADE, CD_ESTADO, NM_CIDADE) VALUES (128, 13, 'Uberaba');
INSERT INTO T_SIP_CIDADE (CD_CIDADE, CD_ESTADO, NM_CIDADE) VALUES (129, 13, 'Governador Valadares');
INSERT INTO T_SIP_CIDADE (CD_CIDADE, CD_ESTADO, NM_CIDADE) VALUES (130, 13, 'Ipatinga');

-- Cidades do Pará
INSERT INTO T_SIP_CIDADE (CD_CIDADE, CD_ESTADO, NM_CIDADE) VALUES (131, 14, 'Belém');
INSERT INTO T_SIP_CIDADE (CD_CIDADE, CD_ESTADO, NM_CIDADE) VALUES (132, 14, 'Ananindeua');
INSERT INTO T_SIP_CIDADE (CD_CIDADE, CD_ESTADO, NM_CIDADE) VALUES (133, 14, 'Santarém');
INSERT INTO T_SIP_CIDADE (CD_CIDADE, CD_ESTADO, NM_CIDADE) VALUES (134, 14, 'Marabá');
INSERT INTO T_SIP_CIDADE (CD_CIDADE, CD_ESTADO, NM_CIDADE) VALUES (135, 14, 'Castanhal');
INSERT INTO T_SIP_CIDADE (CD_CIDADE, CD_ESTADO, NM_CIDADE) VALUES (136, 14, 'Parauapebas');
INSERT INTO T_SIP_CIDADE (CD_CIDADE, CD_ESTADO, NM_CIDADE) VALUES (137, 14, 'Abaetetuba');
INSERT INTO T_SIP_CIDADE (CD_CIDADE, CD_ESTADO, NM_CIDADE) VALUES (138, 14, 'Cametá');
INSERT INTO T_SIP_CIDADE (CD_CIDADE, CD_ESTADO, NM_CIDADE) VALUES (139, 14, 'Bragança');
INSERT INTO T_SIP_CIDADE (CD_CIDADE, CD_ESTADO, NM_CIDADE) VALUES (140, 14, 'Altamira');

-- Cidades da Paraíba
INSERT INTO T_SIP_CIDADE (CD_CIDADE, CD_ESTADO, NM_CIDADE) VALUES (141, 15, 'João Pessoa');
INSERT INTO T_SIP_CIDADE (CD_CIDADE, CD_ESTADO, NM_CIDADE) VALUES (142, 15, 'Campina Grande');
INSERT INTO T_SIP_CIDADE (CD_CIDADE, CD_ESTADO, NM_CIDADE) VALUES (143, 15, 'Santa Rita');
INSERT INTO T_SIP_CIDADE (CD_CIDADE, CD_ESTADO, NM_CIDADE) VALUES (144, 15, 'Patos');
INSERT INTO T_SIP_CIDADE (CD_CIDADE, CD_ESTADO, NM_CIDADE) VALUES (145, 15, 'Bayeux');
INSERT INTO T_SIP_CIDADE (CD_CIDADE, CD_ESTADO, NM_CIDADE) VALUES (146, 15, 'Sousa');
INSERT INTO T_SIP_CIDADE (CD_CIDADE, CD_ESTADO, NM_CIDADE) VALUES (147, 15, 'Cajazeiras');
INSERT INTO T_SIP_CIDADE (CD_CIDADE, CD_ESTADO, NM_CIDADE) VALUES (148, 15, 'Guarabira');
INSERT INTO T_SIP_CIDADE (CD_CIDADE, CD_ESTADO, NM_CIDADE) VALUES (149, 15, 'Sapé');
INSERT INTO T_SIP_CIDADE (CD_CIDADE, CD_ESTADO, NM_CIDADE) VALUES (150, 15, 'Mamanguape');

-- Cidades do Paraná
INSERT INTO T_SIP_CIDADE (CD_CIDADE, CD_ESTADO, NM_CIDADE) VALUES (151, 16, 'Curitiba');
INSERT INTO T_SIP_CIDADE (CD_CIDADE, CD_ESTADO, NM_CIDADE) VALUES (152, 16, 'Londrina');
INSERT INTO T_SIP_CIDADE (CD_CIDADE, CD_ESTADO, NM_CIDADE) VALUES (153, 16, 'Maringá');
INSERT INTO T_SIP_CIDADE (CD_CIDADE, CD_ESTADO, NM_CIDADE) VALUES (154, 16, 'Ponta Grossa');
INSERT INTO T_SIP_CIDADE (CD_CIDADE, CD_ESTADO, NM_CIDADE) VALUES (155, 16, 'Cascavel');
INSERT INTO T_SIP_CIDADE (CD_CIDADE, CD_ESTADO, NM_CIDADE) VALUES (156, 16, 'São José dos Pinhais');
INSERT INTO T_SIP_CIDADE (CD_CIDADE, CD_ESTADO, NM_CIDADE) VALUES (157, 16, 'Foz do Iguaçu');
INSERT INTO T_SIP_CIDADE (CD_CIDADE, CD_ESTADO, NM_CIDADE) VALUES (158, 16, 'Colombo');
INSERT INTO T_SIP_CIDADE (CD_CIDADE, CD_ESTADO, NM_CIDADE) VALUES (159, 16, 'Guarapuava');
INSERT INTO T_SIP_CIDADE (CD_CIDADE, CD_ESTADO, NM_CIDADE) VALUES (160, 16, 'Paranaguá');

-- Cidades de Pernambuco
INSERT INTO T_SIP_CIDADE (CD_CIDADE, CD_ESTADO, NM_CIDADE) VALUES (161, 17, 'Recife');
INSERT INTO T_SIP_CIDADE (CD_CIDADE, CD_ESTADO, NM_CIDADE) VALUES (162, 17, 'Jaboatão dos Guararapes');
INSERT INTO T_SIP_CIDADE (CD_CIDADE, CD_ESTADO, NM_CIDADE) VALUES (163, 17, 'Olinda');
INSERT INTO T_SIP_CIDADE (CD_CIDADE, CD_ESTADO, NM_CIDADE) VALUES (164, 17, 'Caruaru');
INSERT INTO T_SIP_CIDADE (CD_CIDADE, CD_ESTADO, NM_CIDADE) VALUES (165, 17, 'Petrolina');
INSERT INTO T_SIP_CIDADE (CD_CIDADE, CD_ESTADO, NM_CIDADE) VALUES (166, 17, 'Paulista');
INSERT INTO T_SIP_CIDADE (CD_CIDADE, CD_ESTADO, NM_CIDADE) VALUES (167, 17, 'Cabo de Santo Agostinho');
INSERT INTO T_SIP_CIDADE (CD_CIDADE, CD_ESTADO, NM_CIDADE) VALUES (168, 17, 'Camaragibe');
INSERT INTO T_SIP_CIDADE (CD_CIDADE, CD_ESTADO, NM_CIDADE) VALUES (169, 17, 'Garanhuns');
INSERT INTO T_SIP_CIDADE (CD_CIDADE, CD_ESTADO, NM_CIDADE) VALUES (170, 17, 'Vitória de Santo Antão');

-- Cidades do Piauí
INSERT INTO T_SIP_CIDADE (CD_CIDADE, CD_ESTADO, NM_CIDADE) VALUES (171, 18, 'Teresina');
INSERT INTO T_SIP_CIDADE (CD_CIDADE, CD_ESTADO, NM_CIDADE) VALUES (172, 18, 'Parnaíba');
INSERT INTO T_SIP_CIDADE (CD_CIDADE, CD_ESTADO, NM_CIDADE) VALUES (173, 18, 'Picos');
INSERT INTO T_SIP_CIDADE (CD_CIDADE, CD_ESTADO, NM_CIDADE) VALUES (174, 18, 'Piripiri');
INSERT INTO T_SIP_CIDADE (CD_CIDADE, CD_ESTADO, NM_CIDADE) VALUES (175, 18, 'Floriano');
INSERT INTO T_SIP_CIDADE (CD_CIDADE, CD_ESTADO, NM_CIDADE) VALUES (176, 18, 'Campo Maior');
INSERT INTO T_SIP_CIDADE (CD_CIDADE, CD_ESTADO, NM_CIDADE) VALUES (177, 18, 'Barras');
INSERT INTO T_SIP_CIDADE (CD_CIDADE, CD_ESTADO, NM_CIDADE) VALUES (178, 18, 'União');
INSERT INTO T_SIP_CIDADE (CD_CIDADE, CD_ESTADO, NM_CIDADE) VALUES (179, 18, 'Altos');
INSERT INTO T_SIP_CIDADE (CD_CIDADE, CD_ESTADO, NM_CIDADE) VALUES (180, 18, 'Esperantina');

-- Cidades do Rio de Janeiro
INSERT INTO T_SIP_CIDADE (CD_CIDADE, CD_ESTADO, NM_CIDADE) VALUES (181, 19, 'Rio de Janeiro');
INSERT INTO T_SIP_CIDADE (CD_CIDADE, CD_ESTADO, NM_CIDADE) VALUES (182, 19, 'São Gonçalo');
INSERT INTO T_SIP_CIDADE (CD_CIDADE, CD_ESTADO, NM_CIDADE) VALUES (183, 19, 'Duque de Caxias');
INSERT INTO T_SIP_CIDADE (CD_CIDADE, CD_ESTADO, NM_CIDADE) VALUES (184, 19, 'Nova Iguaçu');
INSERT INTO T_SIP_CIDADE (CD_CIDADE, CD_ESTADO, NM_CIDADE) VALUES (185, 19, 'Niterói');
INSERT INTO T_SIP_CIDADE (CD_CIDADE, CD_ESTADO, NM_CIDADE) VALUES (186, 19, 'Belford Roxo');
INSERT INTO T_SIP_CIDADE (CD_CIDADE, CD_ESTADO, NM_CIDADE) VALUES (187, 19, 'Campos dos Goytacazes');
INSERT INTO T_SIP_CIDADE (CD_CIDADE, CD_ESTADO, NM_CIDADE) VALUES (188, 19, 'São João de Meriti');
INSERT INTO T_SIP_CIDADE (CD_CIDADE, CD_ESTADO, NM_CIDADE) VALUES (189, 19, 'Petrópolis');
INSERT INTO T_SIP_CIDADE (CD_CIDADE, CD_ESTADO, NM_CIDADE) VALUES (190, 19, 'Volta Redonda');

-- Cidades do Rio Grande do Norte
INSERT INTO T_SIP_CIDADE (CD_CIDADE, CD_ESTADO, NM_CIDADE) VALUES (191, 20, 'Natal');
INSERT INTO T_SIP_CIDADE (CD_CIDADE, CD_ESTADO, NM_CIDADE) VALUES (192, 20, 'Mossoró');
INSERT INTO T_SIP_CIDADE (CD_CIDADE, CD_ESTADO, NM_CIDADE) VALUES (193, 20, 'Parnamirim');
INSERT INTO T_SIP_CIDADE (CD_CIDADE, CD_ESTADO, NM_CIDADE) VALUES (194, 20, 'São Gonçalo do Amarante');
INSERT INTO T_SIP_CIDADE (CD_CIDADE, CD_ESTADO, NM_CIDADE) VALUES (195, 20, 'Macaíba');
INSERT INTO T_SIP_CIDADE (CD_CIDADE, CD_ESTADO, NM_CIDADE) VALUES (196, 20, 'Ceará-Mirim');
INSERT INTO T_SIP_CIDADE (CD_CIDADE, CD_ESTADO, NM_CIDADE) VALUES (197, 20, 'Caicó');
INSERT INTO T_SIP_CIDADE (CD_CIDADE, CD_ESTADO, NM_CIDADE) VALUES (198, 20, 'Assu');
INSERT INTO T_SIP_CIDADE (CD_CIDADE, CD_ESTADO, NM_CIDADE) VALUES (199, 20, 'Currais Novos');
INSERT INTO T_SIP_CIDADE (CD_CIDADE, CD_ESTADO, NM_CIDADE) VALUES (200, 20, 'São José de Mipibu');

-- Cidades do Rio Grande do Sul
INSERT INTO T_SIP_CIDADE (CD_CIDADE, CD_ESTADO, NM_CIDADE) VALUES (201, 21, 'Porto Alegre');
INSERT INTO T_SIP_CIDADE (CD_CIDADE, CD_ESTADO, NM_CIDADE) VALUES (202, 21, 'Caxias do Sul');
INSERT INTO T_SIP_CIDADE (CD_CIDADE, CD_ESTADO, NM_CIDADE) VALUES (203, 21, 'Pelotas');
INSERT INTO T_SIP_CIDADE (CD_CIDADE, CD_ESTADO, NM_CIDADE) VALUES (204, 21, 'Canoas');
INSERT INTO T_SIP_CIDADE (CD_CIDADE, CD_ESTADO, NM_CIDADE) VALUES (205, 21, 'Santa Maria');
INSERT INTO T_SIP_CIDADE (CD_CIDADE, CD_ESTADO, NM_CIDADE) VALUES (206, 21, 'Gravataí');
INSERT INTO T_SIP_CIDADE (CD_CIDADE, CD_ESTADO, NM_CIDADE) VALUES (207, 21, 'Viamão');
INSERT INTO T_SIP_CIDADE (CD_CIDADE, CD_ESTADO, NM_CIDADE) VALUES (208, 21, 'Novo Hamburgo');
INSERT INTO T_SIP_CIDADE (CD_CIDADE, CD_ESTADO, NM_CIDADE) VALUES (209, 21, 'São Leopoldo');
INSERT INTO T_SIP_CIDADE (CD_CIDADE, CD_ESTADO, NM_CIDADE) VALUES (210, 21, 'Rio Grande');

-- Cidades de Rondônia
INSERT INTO T_SIP_CIDADE (CD_CIDADE, CD_ESTADO, NM_CIDADE) VALUES (211, 22, 'Porto Velho');
INSERT INTO T_SIP_CIDADE (CD_CIDADE, CD_ESTADO, NM_CIDADE) VALUES (212, 22, 'Ji-Paraná');
INSERT INTO T_SIP_CIDADE (CD_CIDADE, CD_ESTADO, NM_CIDADE) VALUES (213, 22, 'Ariquemes');
INSERT INTO T_SIP_CIDADE (CD_CIDADE, CD_ESTADO, NM_CIDADE) VALUES (214, 22, 'Vilhena');
INSERT INTO T_SIP_CIDADE (CD_CIDADE, CD_ESTADO, NM_CIDADE) VALUES (215, 22, 'Cacoal');
INSERT INTO T_SIP_CIDADE (CD_CIDADE, CD_ESTADO, NM_CIDADE) VALUES (216, 22, 'Rolim de Moura');
INSERT INTO T_SIP_CIDADE (CD_CIDADE, CD_ESTADO, NM_CIDADE) VALUES (217, 22, 'Jaru');
INSERT INTO T_SIP_CIDADE (CD_CIDADE, CD_ESTADO, NM_CIDADE) VALUES (218, 22, 'Guajará-Mirim');
INSERT INTO T_SIP_CIDADE (CD_CIDADE, CD_ESTADO, NM_CIDADE) VALUES (219, 22, 'Machadinho d\Oeste');
INSERT INTO T_SIP_CIDADE (CD_CIDADE, CD_ESTADO, NM_CIDADE) VALUES (220, 22, 'Buritis');

-- Cidades de Roraima
INSERT INTO T_SIP_CIDADE (CD_CIDADE, CD_ESTADO, NM_CIDADE) VALUES (221, 23, 'Boa Vista');
INSERT INTO T_SIP_CIDADE (CD_CIDADE, CD_ESTADO, NM_CIDADE) VALUES (222, 23, 'Rorainópolis');
INSERT INTO T_SIP_CIDADE (CD_CIDADE, CD_ESTADO, NM_CIDADE) VALUES (223, 23, 'Caracaraí');
INSERT INTO T_SIP_CIDADE (CD_CIDADE, CD_ESTADO, NM_CIDADE) VALUES (224, 23, 'Mucajaí');
INSERT INTO T_SIP_CIDADE (CD_CIDADE, CD_ESTADO, NM_CIDADE) VALUES (225, 23, 'Alto Alegre');
INSERT INTO T_SIP_CIDADE (CD_CIDADE, CD_ESTADO, NM_CIDADE) VALUES (226, 23, 'Cantá');
INSERT INTO T_SIP_CIDADE (CD_CIDADE, CD_ESTADO, NM_CIDADE) VALUES (227, 23, 'Pacaraima');
INSERT INTO T_SIP_CIDADE (CD_CIDADE, CD_ESTADO, NM_CIDADE) VALUES (228, 23, 'Bonfim');
INSERT INTO T_SIP_CIDADE (CD_CIDADE, CD_ESTADO, NM_CIDADE) VALUES (229, 23, 'Normandia');
INSERT INTO T_SIP_CIDADE (CD_CIDADE, CD_ESTADO, NM_CIDADE) VALUES (230, 23, 'São João da Baliza');

-- Cidades de Santa Catarina
INSERT INTO T_SIP_CIDADE (CD_CIDADE, CD_ESTADO, NM_CIDADE) VALUES (231, 24, 'Florianópolis');
INSERT INTO T_SIP_CIDADE (CD_CIDADE, CD_ESTADO, NM_CIDADE) VALUES (232, 24, 'Joinville');
INSERT INTO T_SIP_CIDADE (CD_CIDADE, CD_ESTADO, NM_CIDADE) VALUES (233, 24, 'Blumenau');
INSERT INTO T_SIP_CIDADE (CD_CIDADE, CD_ESTADO, NM_CIDADE) VALUES (234, 24, 'São José');
INSERT INTO T_SIP_CIDADE (CD_CIDADE, CD_ESTADO, NM_CIDADE) VALUES (235, 24, 'Chapecó');
INSERT INTO T_SIP_CIDADE (CD_CIDADE, CD_ESTADO, NM_CIDADE) VALUES (236, 24, 'Itajaí');
INSERT INTO T_SIP_CIDADE (CD_CIDADE, CD_ESTADO, NM_CIDADE) VALUES (237, 24, 'Criciúma');
INSERT INTO T_SIP_CIDADE (CD_CIDADE, CD_ESTADO, NM_CIDADE) VALUES (238, 24, 'Jaraguá do Sul');
INSERT INTO T_SIP_CIDADE (CD_CIDADE, CD_ESTADO, NM_CIDADE) VALUES (239, 24, 'Lages');
INSERT INTO T_SIP_CIDADE (CD_CIDADE, CD_ESTADO, NM_CIDADE) VALUES (240, 24, 'Palhoça');

-- Cidades de São Paulo
INSERT INTO T_SIP_CIDADE (CD_CIDADE, CD_ESTADO, NM_CIDADE) VALUES (241, 25, 'São Paulo');
INSERT INTO T_SIP_CIDADE (CD_CIDADE, CD_ESTADO, NM_CIDADE) VALUES (242, 25, 'Guarulhos');
INSERT INTO T_SIP_CIDADE (CD_CIDADE, CD_ESTADO, NM_CIDADE) VALUES (243, 25, 'Campinas');
INSERT INTO T_SIP_CIDADE (CD_CIDADE, CD_ESTADO, NM_CIDADE) VALUES (244, 25, 'São Bernardo do Campo');
INSERT INTO T_SIP_CIDADE (CD_CIDADE, CD_ESTADO, NM_CIDADE) VALUES (245, 25, 'Santo André');
INSERT INTO T_SIP_CIDADE (CD_CIDADE, CD_ESTADO, NM_CIDADE) VALUES (246, 25, 'Osasco');
INSERT INTO T_SIP_CIDADE (CD_CIDADE, CD_ESTADO, NM_CIDADE) VALUES (247, 25, 'São José dos Campos');
INSERT INTO T_SIP_CIDADE (CD_CIDADE, CD_ESTADO, NM_CIDADE) VALUES (248, 25, 'Ribeirão Preto');
INSERT INTO T_SIP_CIDADE (CD_CIDADE, CD_ESTADO, NM_CIDADE) VALUES (249, 25, 'Sorocaba');
INSERT INTO T_SIP_CIDADE (CD_CIDADE, CD_ESTADO, NM_CIDADE) VALUES (250, 25, 'Mauá');

-- Cidades de Sergipe
INSERT INTO T_SIP_CIDADE (CD_CIDADE, CD_ESTADO, NM_CIDADE) VALUES (251, 26, 'Aracaju');
INSERT INTO T_SIP_CIDADE (CD_CIDADE, CD_ESTADO, NM_CIDADE) VALUES (252, 26, 'Nossa Senhora do Socorro');
INSERT INTO T_SIP_CIDADE (CD_CIDADE, CD_ESTADO, NM_CIDADE) VALUES (253, 26, 'Lagarto');
INSERT INTO T_SIP_CIDADE (CD_CIDADE, CD_ESTADO, NM_CIDADE) VALUES (254, 26, 'Itabaiana');
INSERT INTO T_SIP_CIDADE (CD_CIDADE, CD_ESTADO, NM_CIDADE) VALUES (255, 26, 'Estância');
INSERT INTO T_SIP_CIDADE (CD_CIDADE, CD_ESTADO, NM_CIDADE) VALUES (256, 26, 'Tobias Barreto');
INSERT INTO T_SIP_CIDADE (CD_CIDADE, CD_ESTADO, NM_CIDADE) VALUES (257, 26, 'Simão Dias');
INSERT INTO T_SIP_CIDADE (CD_CIDADE, CD_ESTADO, NM_CIDADE) VALUES (258, 26, 'Nossa Senhora da Glória');
INSERT INTO T_SIP_CIDADE (CD_CIDADE, CD_ESTADO, NM_CIDADE) VALUES (259, 26, 'Propriá');
INSERT INTO T_SIP_CIDADE (CD_CIDADE, CD_ESTADO, NM_CIDADE) VALUES (260, 26, 'Itabaianinha');

-- Cidades de Tocantins
INSERT INTO T_SIP_CIDADE (CD_CIDADE, CD_ESTADO, NM_CIDADE) VALUES (261, 27, 'Palmas');
INSERT INTO T_SIP_CIDADE (CD_CIDADE, CD_ESTADO, NM_CIDADE) VALUES (262, 27, 'Araguaína');
INSERT INTO T_SIP_CIDADE (CD_CIDADE, CD_ESTADO, NM_CIDADE) VALUES (263, 27, 'Gurupi');
INSERT INTO T_SIP_CIDADE (CD_CIDADE, CD_ESTADO, NM_CIDADE) VALUES (264, 27, 'Porto Nacional');
INSERT INTO T_SIP_CIDADE (CD_CIDADE, CD_ESTADO, NM_CIDADE) VALUES (265, 27, 'Paraíso do Tocantins');
INSERT INTO T_SIP_CIDADE (CD_CIDADE, CD_ESTADO, NM_CIDADE) VALUES (266, 27, 'Colinas do Tocantins');
INSERT INTO T_SIP_CIDADE (CD_CIDADE, CD_ESTADO, NM_CIDADE) VALUES (267, 27, 'Tocantinópolis');
INSERT INTO T_SIP_CIDADE (CD_CIDADE, CD_ESTADO, NM_CIDADE) VALUES (268, 27, 'Guaraí');
INSERT INTO T_SIP_CIDADE (CD_CIDADE, CD_ESTADO, NM_CIDADE) VALUES (269, 27, 'Miracema do Tocantins');
INSERT INTO T_SIP_CIDADE (CD_CIDADE, CD_ESTADO, NM_CIDADE) VALUES (270, 27, 'Dianópolis');


--BAIRROS

-- Bairros de Rio Branco
INSERT INTO T_SIP_BAIRRO (CD_BAIRRO, CD_CIDADE, NM_BAIRRO) VALUES (1, 1, 'Centro');
INSERT INTO T_SIP_BAIRRO (CD_BAIRRO, CD_CIDADE, NM_BAIRRO) VALUES (2, 1, 'Bosque');
INSERT INTO T_SIP_BAIRRO (CD_BAIRRO, CD_CIDADE, NM_BAIRRO) VALUES (3, 1, 'Estação Experimental');

-- Bairros de Cruzeiro do Sul
INSERT INTO T_SIP_BAIRRO (CD_BAIRRO, CD_CIDADE, NM_BAIRRO) VALUES (4, 2, 'Centro');
INSERT INTO T_SIP_BAIRRO (CD_BAIRRO, CD_CIDADE, NM_BAIRRO) VALUES (5, 2, 'Aeroporto Velho');
INSERT INTO T_SIP_BAIRRO (CD_BAIRRO, CD_CIDADE, NM_BAIRRO) VALUES (6, 2, 'Miritizal');

-- Bairros de Sena Madureira
INSERT INTO T_SIP_BAIRRO (CD_BAIRRO, CD_CIDADE, NM_BAIRRO) VALUES (7, 3, 'Centro');
INSERT INTO T_SIP_BAIRRO (CD_BAIRRO, CD_CIDADE, NM_BAIRRO) VALUES (8, 3, 'Segundo Distrito');
INSERT INTO T_SIP_BAIRRO (CD_BAIRRO, CD_CIDADE, NM_BAIRRO) VALUES (9, 3, 'Florentino');

-- Bairros de Tarauacá
INSERT INTO T_SIP_BAIRRO (CD_BAIRRO, CD_CIDADE, NM_BAIRRO) VALUES (10, 4, 'Centro');
INSERT INTO T_SIP_BAIRRO (CD_BAIRRO, CD_CIDADE, NM_BAIRRO) VALUES (11, 4, 'Triângulo');
INSERT INTO T_SIP_BAIRRO (CD_BAIRRO, CD_CIDADE, NM_BAIRRO) VALUES (12, 4, 'Cohab');

-- Bairros de Feijó
INSERT INTO T_SIP_BAIRRO (CD_BAIRRO, CD_CIDADE, NM_BAIRRO) VALUES (13, 5, 'Centro');
INSERT INTO T_SIP_BAIRRO (CD_BAIRRO, CD_CIDADE, NM_BAIRRO) VALUES (14, 5, 'Esperança');
INSERT INTO T_SIP_BAIRRO (CD_BAIRRO, CD_CIDADE, NM_BAIRRO) VALUES (15, 5, 'Zenaide Paiva');

-- Bairros de Brasiléia
INSERT INTO T_SIP_BAIRRO (CD_BAIRRO, CD_CIDADE, NM_BAIRRO) VALUES (16, 6, 'Centro');
INSERT INTO T_SIP_BAIRRO (CD_BAIRRO, CD_CIDADE, NM_BAIRRO) VALUES (17, 6, 'Eldorado');
INSERT INTO T_SIP_BAIRRO (CD_BAIRRO, CD_CIDADE, NM_BAIRRO) VALUES (18, 6, 'Leonardo Barbosa');

-- Bairros de Xapuri
INSERT INTO T_SIP_BAIRRO (CD_BAIRRO, CD_CIDADE, NM_BAIRRO) VALUES (19, 7, 'Centro');
INSERT INTO T_SIP_BAIRRO (CD_BAIRRO, CD_CIDADE, NM_BAIRRO) VALUES (20, 7, 'Bela Vista');
INSERT INTO T_SIP_BAIRRO (CD_BAIRRO, CD_CIDADE, NM_BAIRRO) VALUES (21, 7, 'Laranjal');

-- Bairros de Plácido de Castro
INSERT INTO T_SIP_BAIRRO (CD_BAIRRO, CD_CIDADE, NM_BAIRRO) VALUES (22, 8, 'Centro');
INSERT INTO T_SIP_BAIRRO (CD_BAIRRO, CD_CIDADE, NM_BAIRRO) VALUES (23, 8, 'Cidade Nova');
INSERT INTO T_SIP_BAIRRO (CD_BAIRRO, CD_CIDADE, NM_BAIRRO) VALUES (24, 8, 'Olaria');

-- Bairros de Senador Guiomard
INSERT INTO T_SIP_BAIRRO (CD_BAIRRO, CD_CIDADE, NM_BAIRRO) VALUES (25, 9, 'Centro');
INSERT INTO T_SIP_BAIRRO (CD_BAIRRO, CD_CIDADE, NM_BAIRRO) VALUES (26, 9, 'Triângulo');
INSERT INTO T_SIP_BAIRRO (CD_BAIRRO, CD_CIDADE, NM_BAIRRO) VALUES (27, 9, 'Primavera');

-- Bairros de Acrelândia
INSERT INTO T_SIP_BAIRRO (CD_BAIRRO, CD_CIDADE, NM_BAIRRO) VALUES (28, 10, 'Centro');
INSERT INTO T_SIP_BAIRRO (CD_BAIRRO, CD_CIDADE, NM_BAIRRO) VALUES (29, 10, 'Porto Acre');
INSERT INTO T_SIP_BAIRRO (CD_BAIRRO, CD_CIDADE, NM_BAIRRO) VALUES (30, 10, 'Novo Horizonte');

-- Bairros de Maceió
INSERT INTO T_SIP_BAIRRO (CD_BAIRRO, CD_CIDADE, NM_BAIRRO) VALUES (31, 11, 'Centro');
INSERT INTO T_SIP_BAIRRO (CD_BAIRRO, CD_CIDADE, NM_BAIRRO) VALUES (32, 11, 'Ponta Verde');
INSERT INTO T_SIP_BAIRRO (CD_BAIRRO, CD_CIDADE, NM_BAIRRO) VALUES (33, 11, 'Jatiúca');

-- Bairros de Arapiraca
INSERT INTO T_SIP_BAIRRO (CD_BAIRRO, CD_CIDADE, NM_BAIRRO) VALUES (34, 12, 'Centro');
INSERT INTO T_SIP_BAIRRO (CD_BAIRRO, CD_CIDADE, NM_BAIRRO) VALUES (35, 12, 'Cavaco');
INSERT INTO T_SIP_BAIRRO (CD_BAIRRO, CD_CIDADE, NM_BAIRRO) VALUES (36, 12, 'Brasília');

-- Bairros de Palmeira dos Índios
INSERT INTO T_SIP_BAIRRO (CD_BAIRRO, CD_CIDADE, NM_BAIRRO) VALUES (37, 13, 'Centro');
INSERT INTO T_SIP_BAIRRO (CD_BAIRRO, CD_CIDADE, NM_BAIRRO) VALUES (38, 13, 'São Cristóvão');
INSERT INTO T_SIP_BAIRRO (CD_BAIRRO, CD_CIDADE, NM_BAIRRO) VALUES (39, 13, 'Vila Maria');

-- Bairros de Rio Largo
INSERT INTO T_SIP_BAIRRO (CD_BAIRRO, CD_CIDADE, NM_BAIRRO) VALUES (40, 14, 'Centro');
INSERT INTO T_SIP_BAIRRO (CD_BAIRRO, CD_CIDADE, NM_BAIRRO) VALUES (41, 14, 'Tabuleiro do Pinto');
INSERT INTO T_SIP_BAIRRO (CD_BAIRRO, CD_CIDADE, NM_BAIRRO) VALUES (42, 14, 'Mutirão');

-- Bairros de Penedo
INSERT INTO T_SIP_BAIRRO (CD_BAIRRO, CD_CIDADE, NM_BAIRRO) VALUES (43, 15, 'Centro');
INSERT INTO T_SIP_BAIRRO (CD_BAIRRO, CD_CIDADE, NM_BAIRRO) VALUES (44, 15, 'Santa Luzia');
INSERT INTO T_SIP_BAIRRO (CD_BAIRRO, CD_CIDADE, NM_BAIRRO) VALUES (45, 15, 'Dom Constantino');

-- Bairros de União dos Palmares
INSERT INTO T_SIP_BAIRRO (CD_BAIRRO, CD_CIDADE, NM_BAIRRO) VALUES (46, 16, 'Centro');
INSERT INTO T_SIP_BAIRRO (CD_BAIRRO, CD_CIDADE, NM_BAIRRO) VALUES (47, 16, 'Roberto Correia de Araújo');
INSERT INTO T_SIP_BAIRRO (CD_BAIRRO, CD_CIDADE, NM_BAIRRO) VALUES (48, 16, 'Nova Esperança');

-- Bairros de São Miguel dos Campos
INSERT INTO T_SIP_BAIRRO (CD_BAIRRO, CD_CIDADE, NM_BAIRRO) VALUES (49, 17, 'Centro');
INSERT INTO T_SIP_BAIRRO (CD_BAIRRO, CD_CIDADE, NM_BAIRRO) VALUES (50, 17, 'Hélio Jatobá');
INSERT INTO T_SIP_BAIRRO (CD_BAIRRO, CD_CIDADE, NM_BAIRRO) VALUES (51, 17, 'Cohab');

-- Bairros de Campo Alegre
INSERT INTO T_SIP_BAIRRO (CD_BAIRRO, CD_CIDADE, NM_BAIRRO) VALUES (52, 18, 'Centro');
INSERT INTO T_SIP_BAIRRO (CD_BAIRRO, CD_CIDADE, NM_BAIRRO) VALUES (53, 18, 'Boa Vista');
INSERT INTO T_SIP_BAIRRO (CD_BAIRRO, CD_CIDADE, NM_BAIRRO) VALUES (54, 18, 'Osman Loureiro');

-- Bairros de Delmiro Gouveia
INSERT INTO T_SIP_BAIRRO (CD_BAIRRO, CD_CIDADE, NM_BAIRRO) VALUES (55, 19, 'Centro');
INSERT INTO T_SIP_BAIRRO (CD_BAIRRO, CD_CIDADE, NM_BAIRRO) VALUES (56, 19, 'Eldorado');
INSERT INTO T_SIP_BAIRRO (CD_BAIRRO, CD_CIDADE, NM_BAIRRO) VALUES (57, 19, 'Novo');

-- Bairros de Coruripe
INSERT INTO T_SIP_BAIRRO (CD_BAIRRO, CD_CIDADE, NM_BAIRRO) VALUES (58, 20, 'Centro');
INSERT INTO T_SIP_BAIRRO (CD_BAIRRO, CD_CIDADE, NM_BAIRRO) VALUES (59, 20, 'Pontal');
INSERT INTO T_SIP_BAIRRO (CD_BAIRRO, CD_CIDADE, NM_BAIRRO) VALUES (60, 20, 'Barreiras');

-- Macapá
INSERT INTO T_SIP_BAIRRO (CD_BAIRRO, CD_CIDADE, NM_BAIRRO) VALUES (61, 21, 'Centro');
INSERT INTO T_SIP_BAIRRO (CD_BAIRRO, CD_CIDADE, NM_BAIRRO) VALUES (62, 21, 'Pontal');
INSERT INTO T_SIP_BAIRRO (CD_BAIRRO, CD_CIDADE, NM_BAIRRO) VALUES (63, 21, 'Barreiras');

-- Santana
INSERT INTO T_SIP_BAIRRO (CD_BAIRRO, CD_CIDADE, NM_BAIRRO) VALUES (64, 22, 'Centro');
INSERT INTO T_SIP_BAIRRO (CD_BAIRRO, CD_CIDADE, NM_BAIRRO) VALUES (65, 22, 'Pontal');
INSERT INTO T_SIP_BAIRRO (CD_BAIRRO, CD_CIDADE, NM_BAIRRO) VALUES (66, 22, 'Barreiras');

-- Laranjal do Jari
INSERT INTO T_SIP_BAIRRO (CD_BAIRRO, CD_CIDADE, NM_BAIRRO) VALUES (67, 23, 'Centro');
INSERT INTO T_SIP_BAIRRO (CD_BAIRRO, CD_CIDADE, NM_BAIRRO) VALUES (68, 23, 'Pontal');
INSERT INTO T_SIP_BAIRRO (CD_BAIRRO, CD_CIDADE, NM_BAIRRO) VALUES (69, 23, 'Barreiras');

-- Oiapoque
INSERT INTO T_SIP_BAIRRO (CD_BAIRRO, CD_CIDADE, NM_BAIRRO) VALUES (70, 24, 'Centro');
INSERT INTO T_SIP_BAIRRO (CD_BAIRRO, CD_CIDADE, NM_BAIRRO) VALUES (71, 24, 'Pontal');
INSERT INTO T_SIP_BAIRRO (CD_BAIRRO, CD_CIDADE, NM_BAIRRO) VALUES (72, 24, 'Barreiras');

-- Porto Grande
INSERT INTO T_SIP_BAIRRO (CD_BAIRRO, CD_CIDADE, NM_BAIRRO) VALUES (73, 25, 'Centro');
INSERT INTO T_SIP_BAIRRO (CD_BAIRRO, CD_CIDADE, NM_BAIRRO) VALUES (74, 25, 'Pontal');
INSERT INTO T_SIP_BAIRRO (CD_BAIRRO, CD_CIDADE, NM_BAIRRO) VALUES (75, 25, 'Barreiras');

-- Mazagão
INSERT INTO T_SIP_BAIRRO (CD_BAIRRO, CD_CIDADE, NM_BAIRRO) VALUES (76, 26, 'Centro');
INSERT INTO T_SIP_BAIRRO (CD_BAIRRO, CD_CIDADE, NM_BAIRRO) VALUES (77, 26, 'Pontal');
INSERT INTO T_SIP_BAIRRO (CD_BAIRRO, CD_CIDADE, NM_BAIRRO) VALUES (78, 26, 'Barreiras');

-- Vitória do Jari
INSERT INTO T_SIP_BAIRRO (CD_BAIRRO, CD_CIDADE, NM_BAIRRO) VALUES (79, 27, 'Centro');
INSERT INTO T_SIP_BAIRRO (CD_BAIRRO, CD_CIDADE, NM_BAIRRO) VALUES (80, 27, 'Pontal');
INSERT INTO T_SIP_BAIRRO (CD_BAIRRO, CD_CIDADE, NM_BAIRRO) VALUES (81, 27, 'Barreiras');

-- Pedra Branca do Amapari
INSERT INTO T_SIP_BAIRRO (CD_BAIRRO, CD_CIDADE, NM_BAIRRO) VALUES (82, 28, 'Centro');
INSERT INTO T_SIP_BAIRRO (CD_BAIRRO, CD_CIDADE, NM_BAIRRO) VALUES (83, 28, 'Pontal');
INSERT INTO T_SIP_BAIRRO (CD_BAIRRO, CD_CIDADE, NM_BAIRRO) VALUES (84, 28, 'Barreiras');

-- Calçoene
INSERT INTO T_SIP_BAIRRO (CD_BAIRRO, CD_CIDADE, NM_BAIRRO) VALUES (85, 29, 'Centro');
INSERT INTO T_SIP_BAIRRO (CD_BAIRRO, CD_CIDADE, NM_BAIRRO) VALUES (86, 29, 'Pontal');
INSERT INTO T_SIP_BAIRRO (CD_BAIRRO, CD_CIDADE, NM_BAIRRO) VALUES (87, 29, 'Barreiras');

-- Amapá
INSERT INTO T_SIP_BAIRRO (CD_BAIRRO, CD_CIDADE, NM_BAIRRO) VALUES (88, 30, 'Centro');
INSERT INTO T_SIP_BAIRRO (CD_BAIRRO, CD_CIDADE, NM_BAIRRO) VALUES (89, 30, 'Pontal');
INSERT INTO T_SIP_BAIRRO (CD_BAIRRO, CD_CIDADE, NM_BAIRRO) VALUES (90, 30, 'Barreiras');

-- Manaus
INSERT INTO T_SIP_BAIRRO (CD_BAIRRO, CD_CIDADE, NM_BAIRRO) VALUES (91, 31, 'Centro');
INSERT INTO T_SIP_BAIRRO (CD_BAIRRO, CD_CIDADE, NM_BAIRRO) VALUES (92, 31, 'Pontal');
INSERT INTO T_SIP_BAIRRO (CD_BAIRRO, CD_CIDADE, NM_BAIRRO) VALUES (93, 31, 'Barreiras');

-- Parintins
INSERT INTO T_SIP_BAIRRO (CD_BAIRRO, CD_CIDADE, NM_BAIRRO) VALUES (94, 32, 'Centro');
INSERT INTO T_SIP_BAIRRO (CD_BAIRRO, CD_CIDADE, NM_BAIRRO) VALUES (95, 32, 'Pontal');
INSERT INTO T_SIP_BAIRRO (CD_BAIRRO, CD_CIDADE, NM_BAIRRO) VALUES (96, 32, 'Barreiras');

-- Itacoatiara
INSERT INTO T_SIP_BAIRRO (CD_BAIRRO, CD_CIDADE, NM_BAIRRO) VALUES (97, 33, 'Centro');
INSERT INTO T_SIP_BAIRRO (CD_BAIRRO, CD_CIDADE, NM_BAIRRO) VALUES (98, 33, 'Pontal');
INSERT INTO T_SIP_BAIRRO (CD_BAIRRO, CD_CIDADE, NM_BAIRRO) VALUES (99, 33, 'Barreiras');

-- Manacapuru
INSERT INTO T_SIP_BAIRRO (CD_BAIRRO, CD_CIDADE, NM_BAIRRO) VALUES (100, 34, 'Centro');
INSERT INTO T_SIP_BAIRRO (CD_BAIRRO, CD_CIDADE, NM_BAIRRO) VALUES (101, 34, 'Pontal');
INSERT INTO T_SIP_BAIRRO (CD_BAIRRO, CD_CIDADE, NM_BAIRRO) VALUES (102, 34, 'Barreiras');

-- Coari
INSERT INTO T_SIP_BAIRRO (CD_BAIRRO, CD_CIDADE, NM_BAIRRO) VALUES (103, 35, 'Centro');
INSERT INTO T_SIP_BAIRRO (CD_BAIRRO, CD_CIDADE, NM_BAIRRO) VALUES (104, 35, 'Pontal');
INSERT INTO T_SIP_BAIRRO (CD_BAIRRO, CD_CIDADE, NM_BAIRRO) VALUES (105, 35, 'Barreiras');

-- Tefé
INSERT INTO T_SIP_BAIRRO (CD_BAIRRO, CD_CIDADE, NM_BAIRRO) VALUES (106, 36, 'Centro');
INSERT INTO T_SIP_BAIRRO (CD_BAIRRO, CD_CIDADE, NM_BAIRRO) VALUES (107, 36, 'Pontal');
INSERT INTO T_SIP_BAIRRO (CD_BAIRRO, CD_CIDADE, NM_BAIRRO) VALUES (108, 36, 'Barreiras');

-- Tabatinga
INSERT INTO T_SIP_BAIRRO (CD_BAIRRO, CD_CIDADE, NM_BAIRRO) VALUES (109, 37, 'Centro');
INSERT INTO T_SIP_BAIRRO (CD_BAIRRO, CD_CIDADE, NM_BAIRRO) VALUES (110, 37, 'Pontal');
INSERT INTO T_SIP_BAIRRO (CD_BAIRRO, CD_CIDADE, NM_BAIRRO) VALUES (111, 37, 'Barreiras');

-- Maués
INSERT INTO T_SIP_BAIRRO (CD_BAIRRO, CD_CIDADE, NM_BAIRRO) VALUES (112, 38, 'Centro');
INSERT INTO T_SIP_BAIRRO (CD_BAIRRO, CD_CIDADE, NM_BAIRRO) VALUES (113, 38, 'Pontal');
INSERT INTO T_SIP_BAIRRO (CD_BAIRRO, CD_CIDADE, NM_BAIRRO) VALUES (114, 38, 'Barreiras');

-- Humaitá
INSERT INTO T_SIP_BAIRRO (CD_BAIRRO, CD_CIDADE, NM_BAIRRO) VALUES (115, 39, 'Centro');
INSERT INTO T_SIP_BAIRRO (CD_BAIRRO, CD_CIDADE, NM_BAIRRO) VALUES (116, 39, 'Pontal');
INSERT INTO T_SIP_BAIRRO (CD_BAIRRO, CD_CIDADE, NM_BAIRRO) VALUES (117, 39, 'Barreiras');

-- São Gabriel da Cachoeira
INSERT INTO T_SIP_BAIRRO (CD_BAIRRO, CD_CIDADE, NM_BAIRRO) VALUES (118, 40, 'Centro');
INSERT INTO T_SIP_BAIRRO (CD_BAIRRO, CD_CIDADE, NM_BAIRRO) VALUES (119, 40, 'Pontal');
INSERT INTO T_SIP_BAIRRO (CD_BAIRRO, CD_CIDADE, NM_BAIRRO) VALUES (120, 40, 'Barreiras');

-- Salvador
INSERT INTO T_SIP_BAIRRO (CD_BAIRRO, CD_CIDADE, NM_BAIRRO) VALUES (121, 41, 'Centro');
INSERT INTO T_SIP_BAIRRO (CD_BAIRRO, CD_CIDADE, NM_BAIRRO) VALUES (122, 41, 'Pontal');
INSERT INTO T_SIP_BAIRRO (CD_BAIRRO, CD_CIDADE, NM_BAIRRO) VALUES (123, 41, 'Barreiras');

-- Feira de Santana
INSERT INTO T_SIP_BAIRRO (CD_BAIRRO, CD_CIDADE, NM_BAIRRO) VALUES (124, 42, 'Centro');
INSERT INTO T_SIP_BAIRRO (CD_BAIRRO, CD_CIDADE, NM_BAIRRO) VALUES (125, 42, 'Pontal');
INSERT INTO T_SIP_BAIRRO (CD_BAIRRO, CD_CIDADE, NM_BAIRRO) VALUES (126, 42, 'Barreiras');

-- Vitória da Conquista
INSERT INTO T_SIP_BAIRRO (CD_BAIRRO, CD_CIDADE, NM_BAIRRO) VALUES (127, 43, 'Centro');
INSERT INTO T_SIP_BAIRRO (CD_BAIRRO, CD_CIDADE, NM_BAIRRO) VALUES (128, 43, 'Pontal');
INSERT INTO T_SIP_BAIRRO (CD_BAIRRO, CD_CIDADE, NM_BAIRRO) VALUES (129, 43, 'Barreiras');

-- Camaçari
INSERT INTO T_SIP_BAIRRO (CD_BAIRRO, CD_CIDADE, NM_BAIRRO) VALUES (130, 44, 'Centro');
INSERT INTO T_SIP_BAIRRO (CD_BAIRRO, CD_CIDADE, NM_BAIRRO) VALUES (131, 44, 'Pontal');
INSERT INTO T_SIP_BAIRRO (CD_BAIRRO, CD_CIDADE, NM_BAIRRO) VALUES (132, 44, 'Barreiras');

-- Itabuna
INSERT INTO T_SIP_BAIRRO (CD_BAIRRO, CD_CIDADE, NM_BAIRRO) VALUES (133, 45, 'Centro');
INSERT INTO T_SIP_BAIRRO (CD_BAIRRO, CD_CIDADE, NM_BAIRRO) VALUES (134, 45, 'Pontal');
INSERT INTO T_SIP_BAIRRO (CD_BAIRRO, CD_CIDADE, NM_BAIRRO) VALUES (135, 45, 'Barreiras');

-- Juazeiro
INSERT INTO T_SIP_BAIRRO (CD_BAIRRO, CD_CIDADE, NM_BAIRRO) VALUES (136, 46, 'Centro');
INSERT INTO T_SIP_BAIRRO (CD_BAIRRO, CD_CIDADE, NM_BAIRRO) VALUES (137, 46, 'Pontal');
INSERT INTO T_SIP_BAIRRO (CD_BAIRRO, CD_CIDADE, NM_BAIRRO) VALUES (138, 46, 'Barreiras');

-- Lauro de Freitas
INSERT INTO T_SIP_BAIRRO (CD_BAIRRO, CD_CIDADE, NM_BAIRRO) VALUES (139, 47, 'Centro');
INSERT INTO T_SIP_BAIRRO (CD_BAIRRO, CD_CIDADE, NM_BAIRRO) VALUES (140, 47, 'Pontal');
INSERT INTO T_SIP_BAIRRO (CD_BAIRRO, CD_CIDADE, NM_BAIRRO) VALUES (141, 47, 'Barreiras');

-- Ilhéus
INSERT INTO T_SIP_BAIRRO (CD_BAIRRO, CD_CIDADE, NM_BAIRRO) VALUES (142, 48, 'Centro');
INSERT INTO T_SIP_BAIRRO (CD_BAIRRO, CD_CIDADE, NM_BAIRRO) VALUES (143, 48, 'Pontal');
INSERT INTO T_SIP_BAIRRO (CD_BAIRRO, CD_CIDADE, NM_BAIRRO) VALUES (144, 48, 'Barreiras');

-- Jequié
INSERT INTO T_SIP_BAIRRO (CD_BAIRRO, CD_CIDADE, NM_BAIRRO) VALUES (145, 49, 'Centro');
INSERT INTO T_SIP_BAIRRO (CD_BAIRRO, CD_CIDADE, NM_BAIRRO) VALUES (146, 49, 'Pontal');
INSERT INTO T_SIP_BAIRRO (CD_BAIRRO, CD_CIDADE, NM_BAIRRO) VALUES (147, 49, 'Barreiras');

-- Teixeira de Freitas
INSERT INTO T_SIP_BAIRRO (CD_BAIRRO, CD_CIDADE, NM_BAIRRO) VALUES (148, 50, 'Centro');
INSERT INTO T_SIP_BAIRRO (CD_BAIRRO, CD_CIDADE, NM_BAIRRO) VALUES (149, 50, 'Pontal');
INSERT INTO T_SIP_BAIRRO (CD_BAIRRO, CD_CIDADE, NM_BAIRRO) VALUES (150, 50, 'Barreiras');

-- Fortaleza
INSERT INTO T_SIP_BAIRRO (CD_BAIRRO, CD_CIDADE, NM_BAIRRO) VALUES (151, 51, 'Centro');
INSERT INTO T_SIP_BAIRRO (CD_BAIRRO, CD_CIDADE, NM_BAIRRO) VALUES (152, 51, 'Pontal');
INSERT INTO T_SIP_BAIRRO (CD_BAIRRO, CD_CIDADE, NM_BAIRRO) VALUES (153, 51, 'Barreiras');

-- Caucaia
INSERT INTO T_SIP_BAIRRO (CD_BAIRRO, CD_CIDADE, NM_BAIRRO) VALUES (154, 52, 'Centro');
INSERT INTO T_SIP_BAIRRO (CD_BAIRRO, CD_CIDADE, NM_BAIRRO) VALUES (155, 52, 'Pontal');
INSERT INTO T_SIP_BAIRRO (CD_BAIRRO, CD_CIDADE, NM_BAIRRO) VALUES (156, 52, 'Barreiras');

-- Juazeiro do Norte
INSERT INTO T_SIP_BAIRRO (CD_BAIRRO, CD_CIDADE, NM_BAIRRO) VALUES (157, 53, 'Centro');
INSERT INTO T_SIP_BAIRRO (CD_BAIRRO, CD_CIDADE, NM_BAIRRO) VALUES (158, 53, 'Pontal');
INSERT INTO T_SIP_BAIRRO (CD_BAIRRO, CD_CIDADE, NM_BAIRRO) VALUES (159, 53, 'Barreiras');

-- Maracanaú
INSERT INTO T_SIP_BAIRRO (CD_BAIRRO, CD_CIDADE, NM_BAIRRO) VALUES (160, 54, 'Centro');
INSERT INTO T_SIP_BAIRRO (CD_BAIRRO, CD_CIDADE, NM_BAIRRO) VALUES (161, 54, 'Pontal');
INSERT INTO T_SIP_BAIRRO (CD_BAIRRO, CD_CIDADE, NM_BAIRRO) VALUES (162, 54, 'Barreiras');

-- Sobral
INSERT INTO T_SIP_BAIRRO (CD_BAIRRO, CD_CIDADE, NM_BAIRRO) VALUES (163, 55, 'Centro');
INSERT INTO T_SIP_BAIRRO (CD_BAIRRO, CD_CIDADE, NM_BAIRRO) VALUES (164, 55, 'Pontal');
INSERT INTO T_SIP_BAIRRO (CD_BAIRRO, CD_CIDADE, NM_BAIRRO) VALUES (165, 55, 'Barreiras');

-- Crato
INSERT INTO T_SIP_BAIRRO (CD_BAIRRO, CD_CIDADE, NM_BAIRRO) VALUES (166, 56, 'Centro');
INSERT INTO T_SIP_BAIRRO (CD_BAIRRO, CD_CIDADE, NM_BAIRRO) VALUES (167, 56, 'Pontal');
INSERT INTO T_SIP_BAIRRO (CD_BAIRRO, CD_CIDADE, NM_BAIRRO) VALUES (168, 56, 'Barreiras');

-- Itapipoca
INSERT INTO T_SIP_BAIRRO (CD_BAIRRO, CD_CIDADE, NM_BAIRRO) VALUES (169, 57, 'Centro');
INSERT INTO T_SIP_BAIRRO (CD_BAIRRO, CD_CIDADE, NM_BAIRRO) VALUES (170, 57, 'Pontal');
INSERT INTO T_SIP_BAIRRO (CD_BAIRRO, CD_CIDADE, NM_BAIRRO) VALUES (171, 57, 'Barreiras');

-- Maranguape
INSERT INTO T_SIP_BAIRRO (CD_BAIRRO, CD_CIDADE, NM_BAIRRO) VALUES (172, 58, 'Centro');
INSERT INTO T_SIP_BAIRRO (CD_BAIRRO, CD_CIDADE, NM_BAIRRO) VALUES (173, 58, 'Pontal');
INSERT INTO T_SIP_BAIRRO (CD_BAIRRO, CD_CIDADE, NM_BAIRRO) VALUES (174, 58, 'Barreiras');

-- Iguatu
INSERT INTO T_SIP_BAIRRO (CD_BAIRRO, CD_CIDADE, NM_BAIRRO) VALUES (175, 59, 'Centro');
INSERT INTO T_SIP_BAIRRO (CD_BAIRRO, CD_CIDADE, NM_BAIRRO) VALUES (176, 59, 'Pontal');
INSERT INTO T_SIP_BAIRRO (CD_BAIRRO, CD_CIDADE, NM_BAIRRO) VALUES (177, 59, 'Barreiras');

-- Quixadá
INSERT INTO T_SIP_BAIRRO (CD_BAIRRO, CD_CIDADE, NM_BAIRRO) VALUES (178, 60, 'Centro');
INSERT INTO T_SIP_BAIRRO (CD_BAIRRO, CD_CIDADE, NM_BAIRRO) VALUES (179, 60, 'Pontal');
INSERT INTO T_SIP_BAIRRO (CD_BAIRRO, CD_CIDADE, NM_BAIRRO) VALUES (180, 60, 'Barreiras');

INSERT INTO T_SIP_BAIRRO (CD_BAIRRO, CD_CIDADE, NM_BAIRRO) VALUES (181, 61, 'Centro');
INSERT INTO T_SIP_BAIRRO (CD_BAIRRO, CD_CIDADE, NM_BAIRRO) VALUES (182, 61, 'Pontal');
INSERT INTO T_SIP_BAIRRO (CD_BAIRRO, CD_CIDADE, NM_BAIRRO) VALUES (183, 61, 'Barreiras');

-- Ceilândia
INSERT INTO T_SIP_BAIRRO (CD_BAIRRO, CD_CIDADE, NM_BAIRRO) VALUES (184, 62, 'Centro');
INSERT INTO T_SIP_BAIRRO (CD_BAIRRO, CD_CIDADE, NM_BAIRRO) VALUES (185, 62, 'Pontal');
INSERT INTO T_SIP_BAIRRO (CD_BAIRRO, CD_CIDADE, NM_BAIRRO) VALUES (186, 62, 'Barreiras');

-- Taguatinga
INSERT INTO T_SIP_BAIRRO (CD_BAIRRO, CD_CIDADE, NM_BAIRRO) VALUES (187, 63, 'Centro');
INSERT INTO T_SIP_BAIRRO (CD_BAIRRO, CD_CIDADE, NM_BAIRRO) VALUES (188, 63, 'Pontal');
INSERT INTO T_SIP_BAIRRO (CD_BAIRRO, CD_CIDADE, NM_BAIRRO) VALUES (189, 63, 'Barreiras');

-- Samambaia
INSERT INTO T_SIP_BAIRRO (CD_BAIRRO, CD_CIDADE, NM_BAIRRO) VALUES (190, 64, 'Centro');
INSERT INTO T_SIP_BAIRRO (CD_BAIRRO, CD_CIDADE, NM_BAIRRO) VALUES (191, 64, 'Pontal');
INSERT INTO T_SIP_BAIRRO (CD_BAIRRO, CD_CIDADE, NM_BAIRRO) VALUES (192, 64, 'Barreiras');

-- Planaltina
INSERT INTO T_SIP_BAIRRO (CD_BAIRRO, CD_CIDADE, NM_BAIRRO) VALUES (193, 65, 'Centro');
INSERT INTO T_SIP_BAIRRO (CD_BAIRRO, CD_CIDADE, NM_BAIRRO) VALUES (194, 65, 'Pontal');
INSERT INTO T_SIP_BAIRRO (CD_BAIRRO, CD_CIDADE, NM_BAIRRO) VALUES (195, 65, 'Barreiras');

-- Águas Claras
INSERT INTO T_SIP_BAIRRO (CD_BAIRRO, CD_CIDADE, NM_BAIRRO) VALUES (196, 66, 'Centro');
INSERT INTO T_SIP_BAIRRO (CD_BAIRRO, CD_CIDADE, NM_BAIRRO) VALUES (197, 66, 'Pontal');
INSERT INTO T_SIP_BAIRRO (CD_BAIRRO, CD_CIDADE, NM_BAIRRO) VALUES (198, 66, 'Barreiras');

-- Gama
INSERT INTO T_SIP_BAIRRO (CD_BAIRRO, CD_CIDADE, NM_BAIRRO) VALUES (199, 67, 'Centro');
INSERT INTO T_SIP_BAIRRO (CD_BAIRRO, CD_CIDADE, NM_BAIRRO) VALUES (200, 67, 'Pontal');
INSERT INTO T_SIP_BAIRRO (CD_BAIRRO, CD_CIDADE, NM_BAIRRO) VALUES (201, 67, 'Barreiras');

-- Santa Maria
INSERT INTO T_SIP_BAIRRO (CD_BAIRRO, CD_CIDADE, NM_BAIRRO) VALUES (202, 68, 'Centro');
INSERT INTO T_SIP_BAIRRO (CD_BAIRRO, CD_CIDADE, NM_BAIRRO) VALUES (203, 68, 'Pontal');
INSERT INTO T_SIP_BAIRRO (CD_BAIRRO, CD_CIDADE, NM_BAIRRO) VALUES (204, 68, 'Barreiras');

-- Recanto das Emas
INSERT INTO T_SIP_BAIRRO (CD_BAIRRO, CD_CIDADE, NM_BAIRRO) VALUES (205, 69, 'Centro');
INSERT INTO T_SIP_BAIRRO (CD_BAIRRO, CD_CIDADE, NM_BAIRRO) VALUES (206, 69, 'Pontal');
INSERT INTO T_SIP_BAIRRO (CD_BAIRRO, CD_CIDADE, NM_BAIRRO) VALUES (207, 69, 'Barreiras');

-- Sobradinho
INSERT INTO T_SIP_BAIRRO (CD_BAIRRO, CD_CIDADE, NM_BAIRRO) VALUES (208, 70, 'Centro');
INSERT INTO T_SIP_BAIRRO (CD_BAIRRO, CD_CIDADE, NM_BAIRRO) VALUES (209, 70, 'Pontal');
INSERT INTO T_SIP_BAIRRO (CD_BAIRRO, CD_CIDADE, NM_BAIRRO) VALUES (210, 70, 'Barreiras');

-- Vitória
INSERT INTO T_SIP_BAIRRO (CD_BAIRRO, CD_CIDADE, NM_BAIRRO) VALUES (211, 71, 'Jardim Camburi');
INSERT INTO T_SIP_BAIRRO (CD_BAIRRO, CD_CIDADE, NM_BAIRRO) VALUES (212, 71, 'Praia do Canto');
INSERT INTO T_SIP_BAIRRO (CD_BAIRRO, CD_CIDADE, NM_BAIRRO) VALUES (213, 71, 'Bento Ferreira');

-- Vila Velha
INSERT INTO T_SIP_BAIRRO (CD_BAIRRO, CD_CIDADE, NM_BAIRRO) VALUES (214, 72, 'Itapuã');
INSERT INTO T_SIP_BAIRRO (CD_BAIRRO, CD_CIDADE, NM_BAIRRO) VALUES (215, 72, 'Praia da Costa');
INSERT INTO T_SIP_BAIRRO (CD_BAIRRO, CD_CIDADE, NM_BAIRRO) VALUES (216, 72, 'Glória');

-- Serra
INSERT INTO T_SIP_BAIRRO (CD_BAIRRO, CD_CIDADE, NM_BAIRRO) VALUES (217, 73, 'Laranjeiras');
INSERT INTO T_SIP_BAIRRO (CD_BAIRRO, CD_CIDADE, NM_BAIRRO) VALUES (218, 73, 'Jardim Limoeiro');
INSERT INTO T_SIP_BAIRRO (CD_BAIRRO, CD_CIDADE, NM_BAIRRO) VALUES (219, 73, 'Valparaíso');

-- Cariacica
INSERT INTO T_SIP_BAIRRO (CD_BAIRRO, CD_CIDADE, NM_BAIRRO) VALUES (220, 74, 'Campo Grande');
INSERT INTO T_SIP_BAIRRO (CD_BAIRRO, CD_CIDADE, NM_BAIRRO) VALUES (221, 74, 'Jardim América');
INSERT INTO T_SIP_BAIRRO (CD_BAIRRO, CD_CIDADE, NM_BAIRRO) VALUES (222, 74, 'Bela Aurora');

-- Linhares
INSERT INTO T_SIP_BAIRRO (CD_BAIRRO, CD_CIDADE, NM_BAIRRO) VALUES (223, 75, 'Centro');
INSERT INTO T_SIP_BAIRRO (CD_BAIRRO, CD_CIDADE, NM_BAIRRO) VALUES (224, 75, 'Interlagos');
INSERT INTO T_SIP_BAIRRO (CD_BAIRRO, CD_CIDADE, NM_BAIRRO) VALUES (225, 75, 'Três Barras');

-- São Mateus
INSERT INTO T_SIP_BAIRRO (CD_BAIRRO, CD_CIDADE, NM_BAIRRO) VALUES (226, 76, 'Guriri');
INSERT INTO T_SIP_BAIRRO (CD_BAIRRO, CD_CIDADE, NM_BAIRRO) VALUES (227, 76, 'Nova Lima');
INSERT INTO T_SIP_BAIRRO (CD_BAIRRO, CD_CIDADE, NM_BAIRRO) VALUES (228, 76, 'Sernamby');

-- Aracruz
INSERT INTO T_SIP_BAIRRO (CD_BAIRRO, CD_CIDADE, NM_BAIRRO) VALUES (229, 77, 'Centro');
INSERT INTO T_SIP_BAIRRO (CD_BAIRRO, CD_CIDADE, NM_BAIRRO) VALUES (230, 77, 'Barra do Riacho');
INSERT INTO T_SIP_BAIRRO (CD_BAIRRO, CD_CIDADE, NM_BAIRRO) VALUES (231, 77, 'Cauê');

-- Guarapari
INSERT INTO T_SIP_BAIRRO (CD_BAIRRO, CD_CIDADE, NM_BAIRRO) VALUES (232, 78, 'Muquiçaba');
INSERT INTO T_SIP_BAIRRO (CD_BAIRRO, CD_CIDADE, NM_BAIRRO) VALUES (233, 78, 'Praia do Morro');
INSERT INTO T_SIP_BAIRRO (CD_BAIRRO, CD_CIDADE, NM_BAIRRO) VALUES (234, 78, 'Itaoca');

-- Colatina
INSERT INTO T_SIP_BAIRRO (CD_BAIRRO, CD_CIDADE, NM_BAIRRO) VALUES (235, 79, 'Centro');
INSERT INTO T_SIP_BAIRRO (CD_BAIRRO, CD_CIDADE, NM_BAIRRO) VALUES (236, 79, 'Maria das Graças');
INSERT INTO T_SIP_BAIRRO (CD_BAIRRO, CD_CIDADE, NM_BAIRRO) VALUES (237, 79, 'São Silvano');

-- Cachoeiro de Itapemirim
INSERT INTO T_SIP_BAIRRO (CD_BAIRRO, CD_CIDADE, NM_BAIRRO) VALUES (238, 80, 'Centro');
INSERT INTO T_SIP_BAIRRO (CD_BAIRRO, CD_CIDADE, NM_BAIRRO) VALUES (239, 80, 'Aquidaban');
INSERT INTO T_SIP_BAIRRO (CD_BAIRRO, CD_CIDADE, NM_BAIRRO) VALUES (240, 80, 'Gilberto Machado');

-- Goiânia
INSERT INTO T_SIP_BAIRRO (CD_BAIRRO, CD_CIDADE, NM_BAIRRO) VALUES (241, 81, 'Setor Bueno');
INSERT INTO T_SIP_BAIRRO (CD_BAIRRO, CD_CIDADE, NM_BAIRRO) VALUES (242, 81, 'Jardim América');
INSERT INTO T_SIP_BAIRRO (CD_BAIRRO, CD_CIDADE, NM_BAIRRO) VALUES (243, 81, 'Setor Oeste');

-- Aparecida de Goiânia
INSERT INTO T_SIP_BAIRRO (CD_BAIRRO, CD_CIDADE, NM_BAIRRO) VALUES (244, 82, 'Vila Brasília');
INSERT INTO T_SIP_BAIRRO (CD_BAIRRO, CD_CIDADE, NM_BAIRRO) VALUES (245, 82, 'Parque Amazônia');
INSERT INTO T_SIP_BAIRRO (CD_BAIRRO, CD_CIDADE, NM_BAIRRO) VALUES (246, 82, 'Setor Garavelo');

-- Anápolis
INSERT INTO T_SIP_BAIRRO (CD_BAIRRO, CD_CIDADE, NM_BAIRRO) VALUES (247, 83, 'Jundiaí');
INSERT INTO T_SIP_BAIRRO (CD_BAIRRO, CD_CIDADE, NM_BAIRRO) VALUES (248, 83, 'Vila Jaiara');
INSERT INTO T_SIP_BAIRRO (CD_BAIRRO, CD_CIDADE, NM_BAIRRO) VALUES (249, 83, 'Centro');

-- Rio Verde
INSERT INTO T_SIP_BAIRRO (CD_BAIRRO, CD_CIDADE, NM_BAIRRO) VALUES (250, 84, 'Jardim Goiás');
INSERT INTO T_SIP_BAIRRO (CD_BAIRRO, CD_CIDADE, NM_BAIRRO) VALUES (251, 84, 'Setor Central');
INSERT INTO T_SIP_BAIRRO (CD_BAIRRO, CD_CIDADE, NM_BAIRRO) VALUES (252, 84, 'Vila Amália');

-- Luziânia
INSERT INTO T_SIP_BAIRRO (CD_BAIRRO, CD_CIDADE, NM_BAIRRO) VALUES (253, 85, 'Centro');
INSERT INTO T_SIP_BAIRRO (CD_BAIRRO, CD_CIDADE, NM_BAIRRO) VALUES (254, 85, 'Parque Estrela Dalva');
INSERT INTO T_SIP_BAIRRO (CD_BAIRRO, CD_CIDADE, NM_BAIRRO) VALUES (255, 85, 'Jardim Ingá');

-- Águas Lindas de Goiás
INSERT INTO T_SIP_BAIRRO (CD_BAIRRO, CD_CIDADE, NM_BAIRRO) VALUES (256, 86, 'Mansões Village');
INSERT INTO T_SIP_BAIRRO (CD_BAIRRO, CD_CIDADE, NM_BAIRRO) VALUES (257, 86, 'Jardim Brasília');
INSERT INTO T_SIP_BAIRRO (CD_BAIRRO, CD_CIDADE, NM_BAIRRO) VALUES (258, 86, 'Setor 1');

-- Valparaíso de Goiás
INSERT INTO T_SIP_BAIRRO (CD_BAIRRO, CD_CIDADE, NM_BAIRRO) VALUES (259, 87, 'Jardim Céu Azul');
INSERT INTO T_SIP_BAIRRO (CD_BAIRRO, CD_CIDADE, NM_BAIRRO) VALUES (260, 87, 'Parque Esplanada');
INSERT INTO T_SIP_BAIRRO (CD_BAIRRO, CD_CIDADE, NM_BAIRRO) VALUES (261, 87, 'Valparaíso I');

-- Trindade
INSERT INTO T_SIP_BAIRRO (CD_BAIRRO, CD_CIDADE, NM_BAIRRO) VALUES (262, 88, 'Centro');
INSERT INTO T_SIP_BAIRRO (CD_BAIRRO, CD_CIDADE, NM_BAIRRO) VALUES (263, 88, 'Setor Sul');
INSERT INTO T_SIP_BAIRRO (CD_BAIRRO, CD_CIDADE, NM_BAIRRO) VALUES (264, 88, 'Vila Pai Eterno');

-- Formosa
INSERT INTO T_SIP_BAIRRO (CD_BAIRRO, CD_CIDADE, NM_BAIRRO) VALUES (265, 89, 'Centro');
INSERT INTO T_SIP_BAIRRO (CD_BAIRRO, CD_CIDADE, NM_BAIRRO) VALUES (266, 89, 'Formosinha');
INSERT INTO T_SIP_BAIRRO (CD_BAIRRO, CD_CIDADE, NM_BAIRRO) VALUES (267, 89, 'Parque Lago');

-- Novo Gama
INSERT INTO T_SIP_BAIRRO (CD_BAIRRO, CD_CIDADE, NM_BAIRRO) VALUES (268, 90, 'Pedregal');
INSERT INTO T_SIP_BAIRRO (CD_BAIRRO, CD_CIDADE, NM_BAIRRO) VALUES (269, 90, 'Lago Azul');
INSERT INTO T_SIP_BAIRRO (CD_BAIRRO, CD_CIDADE, NM_BAIRRO) VALUES (270, 90, 'Centro');

-- São Luís
INSERT INTO T_SIP_BAIRRO (CD_BAIRRO, CD_CIDADE, NM_BAIRRO) VALUES (271, 91, 'Centro');
INSERT INTO T_SIP_BAIRRO (CD_BAIRRO, CD_CIDADE, NM_BAIRRO) VALUES (272, 91, 'Cohama');
INSERT INTO T_SIP_BAIRRO (CD_BAIRRO, CD_CIDADE, NM_BAIRRO) VALUES (273, 91, 'Turu');

-- Imperatriz
INSERT INTO T_SIP_BAIRRO (CD_BAIRRO, CD_CIDADE, NM_BAIRRO) VALUES (274, 92, 'Centro');
INSERT INTO T_SIP_BAIRRO (CD_BAIRRO, CD_CIDADE, NM_BAIRRO) VALUES (275, 92, 'Nova Imperatriz');
INSERT INTO T_SIP_BAIRRO (CD_BAIRRO, CD_CIDADE, NM_BAIRRO) VALUES (276, 92, 'Bacuri');

-- Timon
INSERT INTO T_SIP_BAIRRO (CD_BAIRRO, CD_CIDADE, NM_BAIRRO) VALUES (277, 93, 'Centro');
INSERT INTO T_SIP_BAIRRO (CD_BAIRRO, CD_CIDADE, NM_BAIRRO) VALUES (278, 93, 'Parque Piauí');
INSERT INTO T_SIP_BAIRRO (CD_BAIRRO, CD_CIDADE, NM_BAIRRO) VALUES (279, 93, 'Formosa');

-- Caxias
INSERT INTO T_SIP_BAIRRO (CD_BAIRRO, CD_CIDADE, NM_BAIRRO) VALUES (280, 94, 'Centro');
INSERT INTO T_SIP_BAIRRO (CD_BAIRRO, CD_CIDADE, NM_BAIRRO) VALUES (281, 94, 'Ponte');
INSERT INTO T_SIP_BAIRRO (CD_BAIRRO, CD_CIDADE, NM_BAIRRO) VALUES (282, 94, 'Volta Redonda');

-- Codó
INSERT INTO T_SIP_BAIRRO (CD_BAIRRO, CD_CIDADE, NM_BAIRRO) VALUES (283, 95, 'Centro');
INSERT INTO T_SIP_BAIRRO (CD_BAIRRO, CD_CIDADE, NM_BAIRRO) VALUES (284, 95, 'São Sebastião');
INSERT INTO T_SIP_BAIRRO (CD_BAIRRO, CD_CIDADE, NM_BAIRRO) VALUES (285, 95, 'Trizidela');

-- Paço do Lumiar
INSERT INTO T_SIP_BAIRRO (CD_BAIRRO, CD_CIDADE, NM_BAIRRO) VALUES (286, 96, 'Maiobão');
INSERT INTO T_SIP_BAIRRO (CD_BAIRRO, CD_CIDADE, NM_BAIRRO) VALUES (287, 96, 'Paranã');
INSERT INTO T_SIP_BAIRRO (CD_BAIRRO, CD_CIDADE, NM_BAIRRO) VALUES (288, 96, 'Vila Cafeteira');

-- Açailândia
INSERT INTO T_SIP_BAIRRO (CD_BAIRRO, CD_CIDADE, NM_BAIRRO) VALUES (289, 97, 'Centro');
INSERT INTO T_SIP_BAIRRO (CD_BAIRRO, CD_CIDADE, NM_BAIRRO) VALUES (290, 97, 'Jardim Glória');
INSERT INTO T_SIP_BAIRRO (CD_BAIRRO, CD_CIDADE, NM_BAIRRO) VALUES (291, 97, 'Vila Ildemar');

-- Bacabal
INSERT INTO T_SIP_BAIRRO (CD_BAIRRO, CD_CIDADE, NM_BAIRRO) VALUES (292, 98, 'Centro');
INSERT INTO T_SIP_BAIRRO (CD_BAIRRO, CD_CIDADE, NM_BAIRRO) VALUES (293, 98, 'Trizidela');
INSERT INTO T_SIP_BAIRRO (CD_BAIRRO, CD_CIDADE, NM_BAIRRO) VALUES (294, 98, 'Vila São João');

-- Balsas
INSERT INTO T_SIP_BAIRRO (CD_BAIRRO, CD_CIDADE, NM_BAIRRO) VALUES (295, 99, 'Centro');
INSERT INTO T_SIP_BAIRRO (CD_BAIRRO, CD_CIDADE, NM_BAIRRO) VALUES (296, 99, 'Potosi');
INSERT INTO T_SIP_BAIRRO (CD_BAIRRO, CD_CIDADE, NM_BAIRRO) VALUES (297, 99, 'Jardim Primavera');

-- Santa Inês
INSERT INTO T_SIP_BAIRRO (CD_BAIRRO, CD_CIDADE, NM_BAIRRO) VALUES (298, 100, 'Centro');
INSERT INTO T_SIP_BAIRRO (CD_BAIRRO, CD_CIDADE, NM_BAIRRO) VALUES (299, 100, 'Cohab');
INSERT INTO T_SIP_BAIRRO (CD_BAIRRO, CD_CIDADE, NM_BAIRRO) VALUES (300, 100, 'Vila Militar');

-- Cuiabá
INSERT INTO T_SIP_BAIRRO (CD_BAIRRO, CD_CIDADE, NM_BAIRRO) VALUES (301, 101, 'Centro');
INSERT INTO T_SIP_BAIRRO (CD_BAIRRO, CD_CIDADE, NM_BAIRRO) VALUES (302, 101, 'Bosque da Saúde');
INSERT INTO T_SIP_BAIRRO (CD_BAIRRO, CD_CIDADE, NM_BAIRRO) VALUES (303, 101, 'Jardim das Américas');

-- Várzea Grande
INSERT INTO T_SIP_BAIRRO (CD_BAIRRO, CD_CIDADE, NM_BAIRRO) VALUES (304, 102, 'Centro');
INSERT INTO T_SIP_BAIRRO (CD_BAIRRO, CD_CIDADE, NM_BAIRRO) VALUES (305, 102, 'Cristo Rei');
INSERT INTO T_SIP_BAIRRO (CD_BAIRRO, CD_CIDADE, NM_BAIRRO) VALUES (306, 102, 'Jardim Glória');

-- Rondonópolis
INSERT INTO T_SIP_BAIRRO (CD_BAIRRO, CD_CIDADE, NM_BAIRRO) VALUES (307, 103, 'Centro');
INSERT INTO T_SIP_BAIRRO (CD_BAIRRO, CD_CIDADE, NM_BAIRRO) VALUES (308, 103, 'Vila Aurora');
INSERT INTO T_SIP_BAIRRO (CD_BAIRRO, CD_CIDADE, NM_BAIRRO) VALUES (309, 103, 'Jardim Atlântico');

-- Sinop
INSERT INTO T_SIP_BAIRRO (CD_BAIRRO, CD_CIDADE, NM_BAIRRO) VALUES (310, 104, 'Centro');
INSERT INTO T_SIP_BAIRRO (CD_BAIRRO, CD_CIDADE, NM_BAIRRO) VALUES (311, 104, 'Jardim Botânico');
INSERT INTO T_SIP_BAIRRO (CD_BAIRRO, CD_CIDADE, NM_BAIRRO) VALUES (312, 104, 'Boa Esperança');

-- Tangará da Serra
INSERT INTO T_SIP_BAIRRO (CD_BAIRRO, CD_CIDADE, NM_BAIRRO) VALUES (313, 105, 'Centro');
INSERT INTO T_SIP_BAIRRO (CD_BAIRRO, CD_CIDADE, NM_BAIRRO) VALUES (314, 105, 'Jardim Shangri-lá');
INSERT INTO T_SIP_BAIRRO (CD_BAIRRO, CD_CIDADE, NM_BAIRRO) VALUES (315, 105, 'Vila Alta');

-- Cáceres
INSERT INTO T_SIP_BAIRRO (CD_BAIRRO, CD_CIDADE, NM_BAIRRO) VALUES (316, 106, 'Centro');
INSERT INTO T_SIP_BAIRRO (CD_BAIRRO, CD_CIDADE, NM_BAIRRO) VALUES (317, 106, 'Jardim Guanabara');
INSERT INTO T_SIP_BAIRRO (CD_BAIRRO, CD_CIDADE, NM_BAIRRO) VALUES (318, 106, 'Vila Real');

-- Sorriso
INSERT INTO T_SIP_BAIRRO (CD_BAIRRO, CD_CIDADE, NM_BAIRRO) VALUES (319, 107, 'Centro');
INSERT INTO T_SIP_BAIRRO (CD_BAIRRO, CD_CIDADE, NM_BAIRRO) VALUES (320, 107, 'Jardim Primavera');
INSERT INTO T_SIP_BAIRRO (CD_BAIRRO, CD_CIDADE, NM_BAIRRO) VALUES (321, 107, 'Vila Bela');

-- Lucas do Rio Verde
INSERT INTO T_SIP_BAIRRO (CD_BAIRRO, CD_CIDADE, NM_BAIRRO) VALUES (322, 108, 'Centro');
INSERT INTO T_SIP_BAIRRO (CD_BAIRRO, CD_CIDADE, NM_BAIRRO) VALUES (323, 108, 'Jardim das Palmeiras');
INSERT INTO T_SIP_BAIRRO (CD_BAIRRO, CD_CIDADE, NM_BAIRRO) VALUES (324, 108, 'Parque das Emas');

-- Barra do Garças
INSERT INTO T_SIP_BAIRRO (CD_BAIRRO, CD_CIDADE, NM_BAIRRO) VALUES (325, 109, 'Centro');
INSERT INTO T_SIP_BAIRRO (CD_BAIRRO, CD_CIDADE, NM_BAIRRO) VALUES (326, 109, 'Nova Barra');
INSERT INTO T_SIP_BAIRRO (CD_BAIRRO, CD_CIDADE, NM_BAIRRO) VALUES (327, 109, 'Jardim Pitaluga');

-- Primavera do Leste
INSERT INTO T_SIP_BAIRRO (CD_BAIRRO, CD_CIDADE, NM_BAIRRO) VALUES (328, 110, 'Centro');
INSERT INTO T_SIP_BAIRRO (CD_BAIRRO, CD_CIDADE, NM_BAIRRO) VALUES (329, 110, 'Jardim Riva');
INSERT INTO T_SIP_BAIRRO (CD_BAIRRO, CD_CIDADE, NM_BAIRRO) VALUES (330, 110, 'Parque Eldorado');

-- Campo Grande
INSERT INTO T_SIP_BAIRRO (CD_BAIRRO, CD_CIDADE, NM_BAIRRO) VALUES (331, 111, 'Centro');
INSERT INTO T_SIP_BAIRRO (CD_BAIRRO, CD_CIDADE, NM_BAIRRO) VALUES (332, 111, 'Jardim dos Estados');
INSERT INTO T_SIP_BAIRRO (CD_BAIRRO, CD_CIDADE, NM_BAIRRO) VALUES (333, 111, 'Vila Glória');

-- Dourados
INSERT INTO T_SIP_BAIRRO (CD_BAIRRO, CD_CIDADE, NM_BAIRRO) VALUES (334, 112, 'Centro');
INSERT INTO T_SIP_BAIRRO (CD_BAIRRO, CD_CIDADE, NM_BAIRRO) VALUES (335, 112, 'Jardim América');
INSERT INTO T_SIP_BAIRRO (CD_BAIRRO, CD_CIDADE, NM_BAIRRO) VALUES (336, 112, 'Vila Tonani');

-- Três Lagoas
INSERT INTO T_SIP_BAIRRO (CD_BAIRRO, CD_CIDADE, NM_BAIRRO) VALUES (337, 113, 'Centro');
INSERT INTO T_SIP_BAIRRO (CD_BAIRRO, CD_CIDADE, NM_BAIRRO) VALUES (338, 113, 'Jardim Alvorada');
INSERT INTO T_SIP_BAIRRO (CD_BAIRRO, CD_CIDADE, NM_BAIRRO) VALUES (339, 113, 'Vila Haro');

-- Corumbá
INSERT INTO T_SIP_BAIRRO (CD_BAIRRO, CD_CIDADE, NM_BAIRRO) VALUES (340, 114, 'Centro');
INSERT INTO T_SIP_BAIRRO (CD_BAIRRO, CD_CIDADE, NM_BAIRRO) VALUES (341, 114, 'Popular Nova');
INSERT INTO T_SIP_BAIRRO (CD_BAIRRO, CD_CIDADE, NM_BAIRRO) VALUES (342, 114, 'Dom Bosco');

-- Ponta Porã
INSERT INTO T_SIP_BAIRRO (CD_BAIRRO, CD_CIDADE, NM_BAIRRO) VALUES (343, 115, 'Centro');
INSERT INTO T_SIP_BAIRRO (CD_BAIRRO, CD_CIDADE, NM_BAIRRO) VALUES (344, 115, 'Jardim Ivone');
INSERT INTO T_SIP_BAIRRO (CD_BAIRRO, CD_CIDADE, NM_BAIRRO) VALUES (345, 115, 'Vila Áurea');

-- Naviraí
INSERT INTO T_SIP_BAIRRO (CD_BAIRRO, CD_CIDADE, NM_BAIRRO) VALUES (346, 116, 'Centro');
INSERT INTO T_SIP_BAIRRO (CD_BAIRRO, CD_CIDADE, NM_BAIRRO) VALUES (347, 116, 'Jardim Paraíso');
INSERT INTO T_SIP_BAIRRO (CD_BAIRRO, CD_CIDADE, NM_BAIRRO) VALUES (348, 116, 'Vila Nova');

-- Nova Andradina
INSERT INTO T_SIP_BAIRRO (CD_BAIRRO, CD_CIDADE, NM_BAIRRO) VALUES (349, 117, 'Centro');
INSERT INTO T_SIP_BAIRRO (CD_BAIRRO, CD_CIDADE, NM_BAIRRO) VALUES (350, 117, 'Jardim Universitário');
INSERT INTO T_SIP_BAIRRO (CD_BAIRRO, CD_CIDADE, NM_BAIRRO) VALUES (351, 117, 'Vila Operária');

-- Sidrolândia
INSERT INTO T_SIP_BAIRRO (CD_BAIRRO, CD_CIDADE, NM_BAIRRO) VALUES (352, 118, 'Centro');
INSERT INTO T_SIP_BAIRRO (CD_BAIRRO, CD_CIDADE, NM_BAIRRO) VALUES (353, 118, 'Jardim Paraíso');
INSERT INTO T_SIP_BAIRRO (CD_BAIRRO, CD_CIDADE, NM_BAIRRO) VALUES (354, 118, 'Vila Tereré');

-- Maracaju
INSERT INTO T_SIP_BAIRRO (CD_BAIRRO, CD_CIDADE, NM_BAIRRO) VALUES (355, 119, 'Centro');
INSERT INTO T_SIP_BAIRRO (CD_BAIRRO, CD_CIDADE, NM_BAIRRO) VALUES (356, 119, 'Jardim Guanabara');
INSERT INTO T_SIP_BAIRRO (CD_BAIRRO, CD_CIDADE, NM_BAIRRO) VALUES (357, 119, 'Vila Juquita');

-- Aquidauana
INSERT INTO T_SIP_BAIRRO (CD_BAIRRO, CD_CIDADE, NM_BAIRRO) VALUES (358, 120, 'Centro');
INSERT INTO T_SIP_BAIRRO (CD_BAIRRO, CD_CIDADE, NM_BAIRRO) VALUES (359, 120, 'Cidade Nova');
INSERT INTO T_SIP_BAIRRO (CD_BAIRRO, CD_CIDADE, NM_BAIRRO) VALUES (360, 120, 'Vila Trindade');

-- Belo Horizonte
INSERT INTO T_SIP_BAIRRO (CD_BAIRRO, CD_CIDADE, NM_BAIRRO) VALUES (361, 121, 'Savassi');
INSERT INTO T_SIP_BAIRRO (CD_BAIRRO, CD_CIDADE, NM_BAIRRO) VALUES (362, 121, 'Pampulha');
INSERT INTO T_SIP_BAIRRO (CD_BAIRRO, CD_CIDADE, NM_BAIRRO) VALUES (363, 121, 'Barro Preto');

-- Uberlândia
INSERT INTO T_SIP_BAIRRO (CD_BAIRRO, CD_CIDADE, NM_BAIRRO) VALUES (364, 122, 'Centro');
INSERT INTO T_SIP_BAIRRO (CD_BAIRRO, CD_CIDADE, NM_BAIRRO) VALUES (365, 122, 'Santa Mônica');
INSERT INTO T_SIP_BAIRRO (CD_BAIRRO, CD_CIDADE, NM_BAIRRO) VALUES (366, 122, 'Jardim Karaíba');

-- Contagem
INSERT INTO T_SIP_BAIRRO (CD_BAIRRO, CD_CIDADE, NM_BAIRRO) VALUES (367, 123, 'Centro');
INSERT INTO T_SIP_BAIRRO (CD_BAIRRO, CD_CIDADE, NM_BAIRRO) VALUES (368, 123, 'Eldorado');
INSERT INTO T_SIP_BAIRRO (CD_BAIRRO, CD_CIDADE, NM_BAIRRO) VALUES (369, 123, 'Industrial');

-- Juiz de Fora
INSERT INTO T_SIP_BAIRRO (CD_BAIRRO, CD_CIDADE, NM_BAIRRO) VALUES (370, 124, 'Centro');
INSERT INTO T_SIP_BAIRRO (CD_BAIRRO, CD_CIDADE, NM_BAIRRO) VALUES (371, 124, 'São Mateus');
INSERT INTO T_SIP_BAIRRO (CD_BAIRRO, CD_CIDADE, NM_BAIRRO) VALUES (372, 124, 'Granbery');

-- Betim
INSERT INTO T_SIP_BAIRRO (CD_BAIRRO, CD_CIDADE, NM_BAIRRO) VALUES (373, 125, 'Centro');
INSERT INTO T_SIP_BAIRRO (CD_BAIRRO, CD_CIDADE, NM_BAIRRO) VALUES (374, 125, 'Jardim Alterosa');
INSERT INTO T_SIP_BAIRRO (CD_BAIRRO, CD_CIDADE, NM_BAIRRO) VALUES (375, 125, 'Angola');

-- Montes Claros
INSERT INTO T_SIP_BAIRRO (CD_BAIRRO, CD_CIDADE, NM_BAIRRO) VALUES (376, 126, 'Centro');
INSERT INTO T_SIP_BAIRRO (CD_BAIRRO, CD_CIDADE, NM_BAIRRO) VALUES (377, 126, 'Major Prates');
INSERT INTO T_SIP_BAIRRO (CD_BAIRRO, CD_CIDADE, NM_BAIRRO) VALUES (378, 126, 'Vila Guilhermina');

-- Ribeirão das Neves
INSERT INTO T_SIP_BAIRRO (CD_BAIRRO, CD_CIDADE, NM_BAIRRO) VALUES (379, 127, 'Centro');
INSERT INTO T_SIP_BAIRRO (CD_BAIRRO, CD_CIDADE, NM_BAIRRO) VALUES (380, 127, 'Veneza');
INSERT INTO T_SIP_BAIRRO (CD_BAIRRO, CD_CIDADE, NM_BAIRRO) VALUES (381, 127, 'Jardim Verona');

-- Uberaba
INSERT INTO T_SIP_BAIRRO (CD_BAIRRO, CD_CIDADE, NM_BAIRRO) VALUES (382, 128, 'Centro');
INSERT INTO T_SIP_BAIRRO (CD_BAIRRO, CD_CIDADE, NM_BAIRRO) VALUES (383, 128, 'Boa Vista');
INSERT INTO T_SIP_BAIRRO (CD_BAIRRO, CD_CIDADE, NM_BAIRRO) VALUES (384, 128, 'Abadia');

-- Governador Valadares
INSERT INTO T_SIP_BAIRRO (CD_BAIRRO, CD_CIDADE, NM_BAIRRO) VALUES (385, 129, 'Centro');
INSERT INTO T_SIP_BAIRRO (CD_BAIRRO, CD_CIDADE, NM_BAIRRO) VALUES (386, 129, 'Jardim Pérola');
INSERT INTO T_SIP_BAIRRO (CD_BAIRRO, CD_CIDADE, NM_BAIRRO) VALUES (387, 129, 'Grã-Duquesa');

-- Ipatinga
INSERT INTO T_SIP_BAIRRO (CD_BAIRRO, CD_CIDADE, NM_BAIRRO) VALUES (388, 130, 'Centro');
INSERT INTO T_SIP_BAIRRO (CD_BAIRRO, CD_CIDADE, NM_BAIRRO) VALUES (389, 130, 'Horto');
INSERT INTO T_SIP_BAIRRO (CD_BAIRRO, CD_CIDADE, NM_BAIRRO) VALUES (390, 130, 'Cariru');

-- Belém
INSERT INTO T_SIP_BAIRRO (CD_BAIRRO, CD_CIDADE, NM_BAIRRO) VALUES (391, 131, 'Umarizal');
INSERT INTO T_SIP_BAIRRO (CD_BAIRRO, CD_CIDADE, NM_BAIRRO) VALUES (392, 131, 'Marco');
INSERT INTO T_SIP_BAIRRO (CD_BAIRRO, CD_CIDADE, NM_BAIRRO) VALUES (393, 131, 'Jurunas');

-- Ananindeua
INSERT INTO T_SIP_BAIRRO (CD_BAIRRO, CD_CIDADE, NM_BAIRRO) VALUES (394, 132, 'Centro');
INSERT INTO T_SIP_BAIRRO (CD_BAIRRO, CD_CIDADE, NM_BAIRRO) VALUES (395, 132, 'Cidade Nova');
INSERT INTO T_SIP_BAIRRO (CD_BAIRRO, CD_CIDADE, NM_BAIRRO) VALUES (396, 132, 'Coqueiro');

-- Santarém
INSERT INTO T_SIP_BAIRRO (CD_BAIRRO, CD_CIDADE, NM_BAIRRO) VALUES (397, 133, 'Centro');
INSERT INTO T_SIP_BAIRRO (CD_BAIRRO, CD_CIDADE, NM_BAIRRO) VALUES (398, 133, 'Aeroporto Velho');
INSERT INTO T_SIP_BAIRRO (CD_BAIRRO, CD_CIDADE, NM_BAIRRO) VALUES (399, 133, 'Santarenzinho');

-- Marabá
INSERT INTO T_SIP_BAIRRO (CD_BAIRRO, CD_CIDADE, NM_BAIRRO) VALUES (400, 134, 'Centro');
INSERT INTO T_SIP_BAIRRO (CD_BAIRRO, CD_CIDADE, NM_BAIRRO) VALUES (401, 134, 'Nova Marabá');
INSERT INTO T_SIP_BAIRRO (CD_BAIRRO, CD_CIDADE, NM_BAIRRO) VALUES (402, 134, 'Cidade Nova');

-- Castanhal
INSERT INTO T_SIP_BAIRRO (CD_BAIRRO, CD_CIDADE, NM_BAIRRO) VALUES (403, 135, 'Centro');
INSERT INTO T_SIP_BAIRRO (CD_BAIRRO, CD_CIDADE, NM_BAIRRO) VALUES (404, 135, 'Jaderlândia');
INSERT INTO T_SIP_BAIRRO (CD_BAIRRO, CD_CIDADE, NM_BAIRRO) VALUES (405, 135, 'Fonte Boa');

-- Parauapebas
INSERT INTO T_SIP_BAIRRO (CD_BAIRRO, CD_CIDADE, NM_BAIRRO) VALUES (406, 136, 'Centro');
INSERT INTO T_SIP_BAIRRO (CD_BAIRRO, CD_CIDADE, NM_BAIRRO) VALUES (407, 136, 'Cidade Nova');
INSERT INTO T_SIP_BAIRRO (CD_BAIRRO, CD_CIDADE, NM_BAIRRO) VALUES (408, 136, 'Rio Verde');

-- Abaetetuba
INSERT INTO T_SIP_BAIRRO (CD_BAIRRO, CD_CIDADE, NM_BAIRRO) VALUES (409, 137, 'Centro');
INSERT INTO T_SIP_BAIRRO (CD_BAIRRO, CD_CIDADE, NM_BAIRRO) VALUES (410, 137, 'Algodoal');
INSERT INTO T_SIP_BAIRRO (CD_BAIRRO, CD_CIDADE, NM_BAIRRO) VALUES (411, 137, 'Francilândia');

-- Cametá
INSERT INTO T_SIP_BAIRRO (CD_BAIRRO, CD_CIDADE, NM_BAIRRO) VALUES (412, 138, 'Centro');
INSERT INTO T_SIP_BAIRRO (CD_BAIRRO, CD_CIDADE, NM_BAIRRO) VALUES (413, 138, 'Getúlio Vargas');
INSERT INTO T_SIP_BAIRRO (CD_BAIRRO, CD_CIDADE, NM_BAIRRO) VALUES (414, 138, 'São Benedito');

-- Bragança
INSERT INTO T_SIP_BAIRRO (CD_BAIRRO, CD_CIDADE, NM_BAIRRO) VALUES (415, 139, 'Centro');
INSERT INTO T_SIP_BAIRRO (CD_BAIRRO, CD_CIDADE, NM_BAIRRO) VALUES (416, 139, 'Taíra');
INSERT INTO T_SIP_BAIRRO (CD_BAIRRO, CD_CIDADE, NM_BAIRRO) VALUES (417, 139, 'Vila Sinhá');

-- Altamira
INSERT INTO T_SIP_BAIRRO (CD_BAIRRO, CD_CIDADE, NM_BAIRRO) VALUES (418, 140, 'Centro');
INSERT INTO T_SIP_BAIRRO (CD_BAIRRO, CD_CIDADE, NM_BAIRRO) VALUES (419, 140, 'Sudam I');
INSERT INTO T_SIP_BAIRRO (CD_BAIRRO, CD_CIDADE, NM_BAIRRO) VALUES (420, 140, 'Sudam II');

-- João Pessoa
INSERT INTO T_SIP_BAIRRO (CD_BAIRRO, CD_CIDADE, NM_BAIRRO) VALUES (421, 141, 'Tambaú');
INSERT INTO T_SIP_BAIRRO (CD_BAIRRO, CD_CIDADE, NM_BAIRRO) VALUES (422, 141, 'Manaíra');
INSERT INTO T_SIP_BAIRRO (CD_BAIRRO, CD_CIDADE, NM_BAIRRO) VALUES (423, 141, 'Bessa');

-- Campina Grande
INSERT INTO T_SIP_BAIRRO (CD_BAIRRO, CD_CIDADE, NM_BAIRRO) VALUES (424, 142, 'Centro');
INSERT INTO T_SIP_BAIRRO (CD_BAIRRO, CD_CIDADE, NM_BAIRRO) VALUES (425, 142, 'Catolé');
INSERT INTO T_SIP_BAIRRO (CD_BAIRRO, CD_CIDADE, NM_BAIRRO) VALUES (426, 142, 'Bodocongó');

-- Santa Rita
INSERT INTO T_SIP_BAIRRO (CD_BAIRRO, CD_CIDADE, NM_BAIRRO) VALUES (427, 143, 'Centro');
INSERT INTO T_SIP_BAIRRO (CD_BAIRRO, CD_CIDADE, NM_BAIRRO) VALUES (428, 143, 'Tibiri');
INSERT INTO T_SIP_BAIRRO (CD_BAIRRO, CD_CIDADE, NM_BAIRRO) VALUES (429, 143, 'Várzea Nova');

-- Patos
INSERT INTO T_SIP_BAIRRO (CD_BAIRRO, CD_CIDADE, NM_BAIRRO) VALUES (430, 144, 'Centro');
INSERT INTO T_SIP_BAIRRO (CD_BAIRRO, CD_CIDADE, NM_BAIRRO) VALUES (431, 144, 'Jatobá');
INSERT INTO T_SIP_BAIRRO (CD_BAIRRO, CD_CIDADE, NM_BAIRRO) VALUES (432, 144, 'Belo Horizonte');

-- Bayeux
INSERT INTO T_SIP_BAIRRO (CD_BAIRRO, CD_CIDADE, NM_BAIRRO) VALUES (433, 145, 'Centro');
INSERT INTO T_SIP_BAIRRO (CD_BAIRRO, CD_CIDADE, NM_BAIRRO) VALUES (434, 145, 'Imaculada');
INSERT INTO T_SIP_BAIRRO (CD_BAIRRO, CD_CIDADE, NM_BAIRRO) VALUES (435, 145, 'Mário Andreazza');

-- Sousa
INSERT INTO T_SIP_BAIRRO (CD_BAIRRO, CD_CIDADE, NM_BAIRRO) VALUES (436, 146, 'Centro');
INSERT INTO T_SIP_BAIRRO (CD_BAIRRO, CD_CIDADE, NM_BAIRRO) VALUES (437, 146, 'Estação');
INSERT INTO T_SIP_BAIRRO (CD_BAIRRO, CD_CIDADE, NM_BAIRRO) VALUES (438, 146, 'Jardim Sorrilândia');

-- Cajazeiras
INSERT INTO T_SIP_BAIRRO (CD_BAIRRO, CD_CIDADE, NM_BAIRRO) VALUES (439, 147, 'Centro');
INSERT INTO T_SIP_BAIRRO (CD_BAIRRO, CD_CIDADE, NM_BAIRRO) VALUES (440, 147, 'Cristo Rei');
INSERT INTO T_SIP_BAIRRO (CD_BAIRRO, CD_CIDADE, NM_BAIRRO) VALUES (441, 147, 'Capoeiras');

-- Guarabira
INSERT INTO T_SIP_BAIRRO (CD_BAIRRO, CD_CIDADE, NM_BAIRRO) VALUES (442, 148, 'Centro');
INSERT INTO T_SIP_BAIRRO (CD_BAIRRO, CD_CIDADE, NM_BAIRRO) VALUES (443, 148, 'Cordeiro');
INSERT INTO T_SIP_BAIRRO (CD_BAIRRO, CD_CIDADE, NM_BAIRRO) VALUES (444, 148, 'Primavera');

-- Sapé
INSERT INTO T_SIP_BAIRRO (CD_BAIRRO, CD_CIDADE, NM_BAIRRO) VALUES (445, 149, 'Centro');
INSERT INTO T_SIP_BAIRRO (CD_BAIRRO, CD_CIDADE, NM_BAIRRO) VALUES (446, 149, 'Renascença');
INSERT INTO T_SIP_BAIRRO (CD_BAIRRO, CD_CIDADE, NM_BAIRRO) VALUES (447, 149, 'São Francisco');

-- Mamanguape
INSERT INTO T_SIP_BAIRRO (CD_BAIRRO, CD_CIDADE, NM_BAIRRO) VALUES (448, 150, 'Centro');
INSERT INTO T_SIP_BAIRRO (CD_BAIRRO, CD_CIDADE, NM_BAIRRO) VALUES (449, 150, 'Cidade Alta');
INSERT INTO T_SIP_BAIRRO (CD_BAIRRO, CD_CIDADE, NM_BAIRRO) VALUES (450, 150, 'Areial');

-- Curitiba
INSERT INTO T_SIP_BAIRRO (CD_BAIRRO, CD_CIDADE, NM_BAIRRO) VALUES (451, 151, 'Batel');
INSERT INTO T_SIP_BAIRRO (CD_BAIRRO, CD_CIDADE, NM_BAIRRO) VALUES (452, 151, 'Água Verde');
INSERT INTO T_SIP_BAIRRO (CD_BAIRRO, CD_CIDADE, NM_BAIRRO) VALUES (453, 151, 'Centro Cívico');

-- Londrina
INSERT INTO T_SIP_BAIRRO (CD_BAIRRO, CD_CIDADE, NM_BAIRRO) VALUES (454, 152, 'Centro');
INSERT INTO T_SIP_BAIRRO (CD_BAIRRO, CD_CIDADE, NM_BAIRRO) VALUES (455, 152, 'Gleba Palhano');
INSERT INTO T_SIP_BAIRRO (CD_BAIRRO, CD_CIDADE, NM_BAIRRO) VALUES (456, 152, 'Jardim Shangri-lá');

-- Maringá
INSERT INTO T_SIP_BAIRRO (CD_BAIRRO, CD_CIDADE, NM_BAIRRO) VALUES (457, 153, 'Centro');
INSERT INTO T_SIP_BAIRRO (CD_BAIRRO, CD_CIDADE, NM_BAIRRO) VALUES (458, 153, 'Zona 7');
INSERT INTO T_SIP_BAIRRO (CD_BAIRRO, CD_CIDADE, NM_BAIRRO) VALUES (459, 153, 'Jardim Alvorada');

-- Ponta Grossa
INSERT INTO T_SIP_BAIRRO (CD_BAIRRO, CD_CIDADE, NM_BAIRRO) VALUES (460, 154, 'Centro');
INSERT INTO T_SIP_BAIRRO (CD_BAIRRO, CD_CIDADE, NM_BAIRRO) VALUES (461, 154, 'Oficinas');
INSERT INTO T_SIP_BAIRRO (CD_BAIRRO, CD_CIDADE, NM_BAIRRO) VALUES (462, 154, 'Uvaranas');

-- Cascavel
INSERT INTO T_SIP_BAIRRO (CD_BAIRRO, CD_CIDADE, NM_BAIRRO) VALUES (463, 155, 'Centro');
INSERT INTO T_SIP_BAIRRO (CD_BAIRRO, CD_CIDADE, NM_BAIRRO) VALUES (464, 155, 'Coqueiral');
INSERT INTO T_SIP_BAIRRO (CD_BAIRRO, CD_CIDADE, NM_BAIRRO) VALUES (465, 155, 'Neva');

-- São José dos Pinhais
INSERT INTO T_SIP_BAIRRO (CD_BAIRRO, CD_CIDADE, NM_BAIRRO) VALUES (466, 156, 'Centro');
INSERT INTO T_SIP_BAIRRO (CD_BAIRRO, CD_CIDADE, NM_BAIRRO) VALUES (467, 156, 'Afonso Pena');
INSERT INTO T_SIP_BAIRRO (CD_BAIRRO, CD_CIDADE, NM_BAIRRO) VALUES (468, 156, 'Boneca do Iguaçu');

-- Foz do Iguaçu
INSERT INTO T_SIP_BAIRRO (CD_BAIRRO, CD_CIDADE, NM_BAIRRO) VALUES (469, 157, 'Centro');
INSERT INTO T_SIP_BAIRRO (CD_BAIRRO, CD_CIDADE, NM_BAIRRO) VALUES (470, 157, 'Vila A');
INSERT INTO T_SIP_BAIRRO (CD_BAIRRO, CD_CIDADE, NM_BAIRRO) VALUES (471, 157, 'Jardim São Paulo');

-- Colombo
INSERT INTO T_SIP_BAIRRO (CD_BAIRRO, CD_CIDADE, NM_BAIRRO) VALUES (472, 158, 'Centro');
INSERT INTO T_SIP_BAIRRO (CD_BAIRRO, CD_CIDADE, NM_BAIRRO) VALUES (473, 158, 'Roça Grande');
INSERT INTO T_SIP_BAIRRO (CD_BAIRRO, CD_CIDADE, NM_BAIRRO) VALUES (474, 158, 'Guaraituba');

-- Guarapuava
INSERT INTO T_SIP_BAIRRO (CD_BAIRRO, CD_CIDADE, NM_BAIRRO) VALUES (475, 159, 'Centro');
INSERT INTO T_SIP_BAIRRO (CD_BAIRRO, CD_CIDADE, NM_BAIRRO) VALUES (476, 159, 'Batel');
INSERT INTO T_SIP_BAIRRO (CD_BAIRRO, CD_CIDADE, NM_BAIRRO) VALUES (477, 159, 'Vila Bela');

-- Paranaguá
INSERT INTO T_SIP_BAIRRO (CD_BAIRRO, CD_CIDADE, NM_BAIRRO) VALUES (478, 160, 'Centro');
INSERT INTO T_SIP_BAIRRO (CD_BAIRRO, CD_CIDADE, NM_BAIRRO) VALUES (479, 160, 'Rocio');
INSERT INTO T_SIP_BAIRRO (CD_BAIRRO, CD_CIDADE, NM_BAIRRO) VALUES (480, 160, 'Porto Seguro');

-- Recife
INSERT INTO T_SIP_BAIRRO (CD_BAIRRO, CD_CIDADE, NM_BAIRRO) VALUES (481, 161, 'Boa Viagem');
INSERT INTO T_SIP_BAIRRO (CD_BAIRRO, CD_CIDADE, NM_BAIRRO) VALUES (482, 161, 'Casa Forte');
INSERT INTO T_SIP_BAIRRO (CD_BAIRRO, CD_CIDADE, NM_BAIRRO) VALUES (483, 161, 'Espinheiro');

-- Jaboatão dos Guararapes
INSERT INTO T_SIP_BAIRRO (CD_BAIRRO, CD_CIDADE, NM_BAIRRO) VALUES (484, 162, 'Piedade');
INSERT INTO T_SIP_BAIRRO (CD_BAIRRO, CD_CIDADE, NM_BAIRRO) VALUES (485, 162, 'Candeias');
INSERT INTO T_SIP_BAIRRO (CD_BAIRRO, CD_CIDADE, NM_BAIRRO) VALUES (486, 162, 'Prazeres');

-- Olinda
INSERT INTO T_SIP_BAIRRO (CD_BAIRRO, CD_CIDADE, NM_BAIRRO) VALUES (487, 163, 'Casa Caiada');
INSERT INTO T_SIP_BAIRRO (CD_BAIRRO, CD_CIDADE, NM_BAIRRO) VALUES (488, 163, 'Rio Doce');
INSERT INTO T_SIP_BAIRRO (CD_BAIRRO, CD_CIDADE, NM_BAIRRO) VALUES (489, 163, 'Jardim Atlântico');

-- Caruaru
INSERT INTO T_SIP_BAIRRO (CD_BAIRRO, CD_CIDADE, NM_BAIRRO) VALUES (490, 164, 'Centro');
INSERT INTO T_SIP_BAIRRO (CD_BAIRRO, CD_CIDADE, NM_BAIRRO) VALUES (491, 164, 'Maurício de Nassau');
INSERT INTO T_SIP_BAIRRO (CD_BAIRRO, CD_CIDADE, NM_BAIRRO) VALUES (492, 164, 'Petrópolis');

-- Petrolina
INSERT INTO T_SIP_BAIRRO (CD_BAIRRO, CD_CIDADE, NM_BAIRRO) VALUES (493, 165, 'Centro');
INSERT INTO T_SIP_BAIRRO (CD_BAIRRO, CD_CIDADE, NM_BAIRRO) VALUES (494, 165, 'Areia Branca');
INSERT INTO T_SIP_BAIRRO (CD_BAIRRO, CD_CIDADE, NM_BAIRRO) VALUES (495, 165, 'Cohab Massangano');

-- Paulista
INSERT INTO T_SIP_BAIRRO (CD_BAIRRO, CD_CIDADE, NM_BAIRRO) VALUES (496, 166, 'Centro');
INSERT INTO T_SIP_BAIRRO (CD_BAIRRO, CD_CIDADE, NM_BAIRRO) VALUES (497, 166, 'Jardim Paulista');
INSERT INTO T_SIP_BAIRRO (CD_BAIRRO, CD_CIDADE, NM_BAIRRO) VALUES (498, 166, 'Paratibe');

-- Cabo de Santo Agostinho
INSERT INTO T_SIP_BAIRRO (CD_BAIRRO, CD_CIDADE, NM_BAIRRO) VALUES (499, 167, 'Centro');
INSERT INTO T_SIP_BAIRRO (CD_BAIRRO, CD_CIDADE, NM_BAIRRO) VALUES (500, 167, 'Ponte dos Carvalhos');
INSERT INTO T_SIP_BAIRRO (CD_BAIRRO, CD_CIDADE, NM_BAIRRO) VALUES (501, 167, 'Garapu');

-- Camaragibe
INSERT INTO T_SIP_BAIRRO (CD_BAIRRO, CD_CIDADE, NM_BAIRRO) VALUES (502, 168, 'Centro');
INSERT INTO T_SIP_BAIRRO (CD_BAIRRO, CD_CIDADE, NM_BAIRRO) VALUES (503, 168, 'Timbi');
INSERT INTO T_SIP_BAIRRO (CD_BAIRRO, CD_CIDADE, NM_BAIRRO) VALUES (504, 168, 'Tabatinga');

-- Garanhuns
INSERT INTO T_SIP_BAIRRO (CD_BAIRRO, CD_CIDADE, NM_BAIRRO) VALUES (505, 169, 'Centro');
INSERT INTO T_SIP_BAIRRO (CD_BAIRRO, CD_CIDADE, NM_BAIRRO) VALUES (506, 169, 'Heliópolis');
INSERT INTO T_SIP_BAIRRO (CD_BAIRRO, CD_CIDADE, NM_BAIRRO) VALUES (507, 169, 'Boa Vista');

-- Vitória de Santo Antão
INSERT INTO T_SIP_BAIRRO (CD_BAIRRO, CD_CIDADE, NM_BAIRRO) VALUES (508, 170, 'Centro');
INSERT INTO T_SIP_BAIRRO (CD_BAIRRO, CD_CIDADE, NM_BAIRRO) VALUES (509, 170, 'Redenção');
INSERT INTO T_SIP_BAIRRO (CD_BAIRRO, CD_CIDADE, NM_BAIRRO) VALUES (510, 170, 'Bela Vista');

-- Teresina
INSERT INTO T_SIP_BAIRRO (CD_BAIRRO, CD_CIDADE, NM_BAIRRO) VALUES (511, 171, 'Centro');
INSERT INTO T_SIP_BAIRRO (CD_BAIRRO, CD_CIDADE, NM_BAIRRO) VALUES (512, 171, 'Ilhotas');
INSERT INTO T_SIP_BAIRRO (CD_BAIRRO, CD_CIDADE, NM_BAIRRO) VALUES (513, 171, 'Piçarra');

-- Parnaíba
INSERT INTO T_SIP_BAIRRO (CD_BAIRRO, CD_CIDADE, NM_BAIRRO) VALUES (514, 172, 'Centro');
INSERT INTO T_SIP_BAIRRO (CD_BAIRRO, CD_CIDADE, NM_BAIRRO) VALUES (515, 172, 'Nova Parnaíba');
INSERT INTO T_SIP_BAIRRO (CD_BAIRRO, CD_CIDADE, NM_BAIRRO) VALUES (516, 172, 'São Francisco');

-- Picos
INSERT INTO T_SIP_BAIRRO (CD_BAIRRO, CD_CIDADE, NM_BAIRRO) VALUES (517, 173, 'Centro');
INSERT INTO T_SIP_BAIRRO (CD_BAIRRO, CD_CIDADE, NM_BAIRRO) VALUES (518, 173, 'Junco');
INSERT INTO T_SIP_BAIRRO (CD_BAIRRO, CD_CIDADE, NM_BAIRRO) VALUES (519, 173, 'Ipueiras');

-- Piripiri
INSERT INTO T_SIP_BAIRRO (CD_BAIRRO, CD_CIDADE, NM_BAIRRO) VALUES (520, 174, 'Centro');
INSERT INTO T_SIP_BAIRRO (CD_BAIRRO, CD_CIDADE, NM_BAIRRO) VALUES (521, 174, 'Germano');
INSERT INTO T_SIP_BAIRRO (CD_BAIRRO, CD_CIDADE, NM_BAIRRO) VALUES (522, 174, 'Floresta');

-- Floriano
INSERT INTO T_SIP_BAIRRO (CD_BAIRRO, CD_CIDADE, NM_BAIRRO) VALUES (523, 175, 'Centro');
INSERT INTO T_SIP_BAIRRO (CD_BAIRRO, CD_CIDADE, NM_BAIRRO) VALUES (524, 175, 'Taboca');
INSERT INTO T_SIP_BAIRRO (CD_BAIRRO, CD_CIDADE, NM_BAIRRO) VALUES (525, 175, 'Irapuá');

-- Campo Maior
INSERT INTO T_SIP_BAIRRO (CD_BAIRRO, CD_CIDADE, NM_BAIRRO) VALUES (526, 176, 'Centro');
INSERT INTO T_SIP_BAIRRO (CD_BAIRRO, CD_CIDADE, NM_BAIRRO) VALUES (527, 176, 'Cariri');
INSERT INTO T_SIP_BAIRRO (CD_BAIRRO, CD_CIDADE, NM_BAIRRO) VALUES (528, 176, 'Cidade Nova');

-- Barras
INSERT INTO T_SIP_BAIRRO (CD_BAIRRO, CD_CIDADE, NM_BAIRRO) VALUES (529, 177, 'Centro');
INSERT INTO T_SIP_BAIRRO (CD_BAIRRO, CD_CIDADE, NM_BAIRRO) VALUES (530, 177, 'Pedrinhas');
INSERT INTO T_SIP_BAIRRO (CD_BAIRRO, CD_CIDADE, NM_BAIRRO) VALUES (531, 177, 'Santana');

-- União
INSERT INTO T_SIP_BAIRRO (CD_BAIRRO, CD_CIDADE, NM_BAIRRO) VALUES (532, 178, 'Centro');
INSERT INTO T_SIP_BAIRRO (CD_BAIRRO, CD_CIDADE, NM_BAIRRO) VALUES (533, 178, 'São Pedro');
INSERT INTO T_SIP_BAIRRO (CD_BAIRRO, CD_CIDADE, NM_BAIRRO) VALUES (534, 178, 'São Judas Tadeu');

-- Altos
INSERT INTO T_SIP_BAIRRO (CD_BAIRRO, CD_CIDADE, NM_BAIRRO) VALUES (535, 179, 'Centro');
INSERT INTO T_SIP_BAIRRO (CD_BAIRRO, CD_CIDADE, NM_BAIRRO) VALUES (536, 179, 'Batalha');
INSERT INTO T_SIP_BAIRRO (CD_BAIRRO, CD_CIDADE, NM_BAIRRO) VALUES (537, 179, 'Boa Fé');

-- Esperantina
INSERT INTO T_SIP_BAIRRO (CD_BAIRRO, CD_CIDADE, NM_BAIRRO) VALUES (538, 180, 'Centro');
INSERT INTO T_SIP_BAIRRO (CD_BAIRRO, CD_CIDADE, NM_BAIRRO) VALUES (539, 180, 'Morro da Chapadinha');
INSERT INTO T_SIP_BAIRRO (CD_BAIRRO, CD_CIDADE, NM_BAIRRO) VALUES (540, 180, 'Pedreira');

-- Rio de Janeiro
INSERT INTO T_SIP_BAIRRO (CD_BAIRRO, CD_CIDADE, NM_BAIRRO) VALUES (541, 181, 'Copacabana');
INSERT INTO T_SIP_BAIRRO (CD_BAIRRO, CD_CIDADE, NM_BAIRRO) VALUES (542, 181, 'Ipanema');
INSERT INTO T_SIP_BAIRRO (CD_BAIRRO, CD_CIDADE, NM_BAIRRO) VALUES (543, 181, 'Leblon');

-- São Gonçalo
INSERT INTO T_SIP_BAIRRO (CD_BAIRRO, CD_CIDADE, NM_BAIRRO) VALUES (544, 182, 'Centro');
INSERT INTO T_SIP_BAIRRO (CD_BAIRRO, CD_CIDADE, NM_BAIRRO) VALUES (545, 182, 'Trindade');
INSERT INTO T_SIP_BAIRRO (CD_BAIRRO, CD_CIDADE, NM_BAIRRO) VALUES (546, 182, 'Neves');

-- Duque de Caxias
INSERT INTO T_SIP_BAIRRO (CD_BAIRRO, CD_CIDADE, NM_BAIRRO) VALUES (547, 183, 'Centro');
INSERT INTO T_SIP_BAIRRO (CD_BAIRRO, CD_CIDADE, NM_BAIRRO) VALUES (548, 183, 'Jardim Gramacho');
INSERT INTO T_SIP_BAIRRO (CD_BAIRRO, CD_CIDADE, NM_BAIRRO) VALUES (549, 183, 'Parque Lafaiete');

-- Nova Iguaçu
INSERT INTO T_SIP_BAIRRO (CD_BAIRRO, CD_CIDADE, NM_BAIRRO) VALUES (550, 184, 'Centro');
INSERT INTO T_SIP_BAIRRO (CD_BAIRRO, CD_CIDADE, NM_BAIRRO) VALUES (551, 184, 'Comendador Soares');
INSERT INTO T_SIP_BAIRRO (CD_BAIRRO, CD_CIDADE, NM_BAIRRO) VALUES (552, 184, 'Austin');

-- Niterói
INSERT INTO T_SIP_BAIRRO (CD_BAIRRO, CD_CIDADE, NM_BAIRRO) VALUES (553, 185, 'Icaraí');
INSERT INTO T_SIP_BAIRRO (CD_BAIRRO, CD_CIDADE, NM_BAIRRO) VALUES (554, 185, 'Centro');
INSERT INTO T_SIP_BAIRRO (CD_BAIRRO, CD_CIDADE, NM_BAIRRO) VALUES (555, 185, 'Santa Rosa');

-- Belford Roxo
INSERT INTO T_SIP_BAIRRO (CD_BAIRRO, CD_CIDADE, NM_BAIRRO) VALUES (556, 186, 'Centro');
INSERT INTO T_SIP_BAIRRO (CD_BAIRRO, CD_CIDADE, NM_BAIRRO) VALUES (557, 186, 'Heliópolis');
INSERT INTO T_SIP_BAIRRO (CD_BAIRRO, CD_CIDADE, NM_BAIRRO) VALUES (558, 186, 'Parque São Vicente');

-- Campos dos Goytacazes
INSERT INTO T_SIP_BAIRRO (CD_BAIRRO, CD_CIDADE, NM_BAIRRO) VALUES (559, 187, 'Centro');
INSERT INTO T_SIP_BAIRRO (CD_BAIRRO, CD_CIDADE, NM_BAIRRO) VALUES (560, 187, 'Parque Leopoldina');
INSERT INTO T_SIP_BAIRRO (CD_BAIRRO, CD_CIDADE, NM_BAIRRO) VALUES (561, 187, 'Pelinca');

-- São João de Meriti
INSERT INTO T_SIP_BAIRRO (CD_BAIRRO, CD_CIDADE, NM_BAIRRO) VALUES (562, 188, 'Centro');
INSERT INTO T_SIP_BAIRRO (CD_BAIRRO, CD_CIDADE, NM_BAIRRO) VALUES (563, 188, 'Vilar dos Teles');
INSERT INTO T_SIP_BAIRRO (CD_BAIRRO, CD_CIDADE, NM_BAIRRO) VALUES (564, 188, 'Coelho da Rocha');

-- Petrópolis
INSERT INTO T_SIP_BAIRRO (CD_BAIRRO, CD_CIDADE, NM_BAIRRO) VALUES (565, 189, 'Centro');
INSERT INTO T_SIP_BAIRRO (CD_BAIRRO, CD_CIDADE, NM_BAIRRO) VALUES (566, 189, 'Quitandinha');
INSERT INTO T_SIP_BAIRRO (CD_BAIRRO, CD_CIDADE, NM_BAIRRO) VALUES (567, 189, 'Itaipava');

-- Volta Redonda
INSERT INTO T_SIP_BAIRRO (CD_BAIRRO, CD_CIDADE, NM_BAIRRO) VALUES (568, 190, 'Centro');
INSERT INTO T_SIP_BAIRRO (CD_BAIRRO, CD_CIDADE, NM_BAIRRO) VALUES (569, 190, 'Vila Santa Cecília');
INSERT INTO T_SIP_BAIRRO (CD_BAIRRO, CD_CIDADE, NM_BAIRRO) VALUES (570, 190, 'Aterrado');

-- Natal
INSERT INTO T_SIP_BAIRRO (CD_BAIRRO, CD_CIDADE, NM_BAIRRO) VALUES (571, 191, 'Ponta Negra');
INSERT INTO T_SIP_BAIRRO (CD_BAIRRO, CD_CIDADE, NM_BAIRRO) VALUES (572, 191, 'Tirol');
INSERT INTO T_SIP_BAIRRO (CD_BAIRRO, CD_CIDADE, NM_BAIRRO) VALUES (573, 191, 'Petrópolis');

-- Mossoró
INSERT INTO T_SIP_BAIRRO (CD_BAIRRO, CD_CIDADE, NM_BAIRRO) VALUES (574, 192, 'Centro');
INSERT INTO T_SIP_BAIRRO (CD_BAIRRO, CD_CIDADE, NM_BAIRRO) VALUES (575, 192, 'Abolição');
INSERT INTO T_SIP_BAIRRO (CD_BAIRRO, CD_CIDADE, NM_BAIRRO) VALUES (576, 192, 'Nova Betânia');

-- Parnamirim
INSERT INTO T_SIP_BAIRRO (CD_BAIRRO, CD_CIDADE, NM_BAIRRO) VALUES (577, 193, 'Centro');
INSERT INTO T_SIP_BAIRRO (CD_BAIRRO, CD_CIDADE, NM_BAIRRO) VALUES (578, 193, 'Nova Parnamirim');
INSERT INTO T_SIP_BAIRRO (CD_BAIRRO, CD_CIDADE, NM_BAIRRO) VALUES (579, 193, 'Rosa dos Ventos');

-- São Gonçalo do Amarante
INSERT INTO T_SIP_BAIRRO (CD_BAIRRO, CD_CIDADE, NM_BAIRRO) VALUES (580, 194, 'Centro');
INSERT INTO T_SIP_BAIRRO (CD_BAIRRO, CD_CIDADE, NM_BAIRRO) VALUES (581, 194, 'Jardins');
INSERT INTO T_SIP_BAIRRO (CD_BAIRRO, CD_CIDADE, NM_BAIRRO) VALUES (582, 194, 'Amarante');

-- Macaíba
INSERT INTO T_SIP_BAIRRO (CD_BAIRRO, CD_CIDADE, NM_BAIRRO) VALUES (583, 195, 'Centro');
INSERT INTO T_SIP_BAIRRO (CD_BAIRRO, CD_CIDADE, NM_BAIRRO) VALUES (584, 195, 'Vilar');
INSERT INTO T_SIP_BAIRRO (CD_BAIRRO, CD_CIDADE, NM_BAIRRO) VALUES (585, 195, 'Mangabeira');

-- Ceará-Mirim
INSERT INTO T_SIP_BAIRRO (CD_BAIRRO, CD_CIDADE, NM_BAIRRO) VALUES (586, 196, 'Centro');
INSERT INTO T_SIP_BAIRRO (CD_BAIRRO, CD_CIDADE, NM_BAIRRO) VALUES (587, 196, 'Nova Descoberta');
INSERT INTO T_SIP_BAIRRO (CD_BAIRRO, CD_CIDADE, NM_BAIRRO) VALUES (588, 196, 'Planalto');

-- Caicó
INSERT INTO T_SIP_BAIRRO (CD_BAIRRO, CD_CIDADE, NM_BAIRRO) VALUES (589, 197, 'Centro');
INSERT INTO T_SIP_BAIRRO (CD_BAIRRO, CD_CIDADE, NM_BAIRRO) VALUES (590, 197, 'Paraíba');
INSERT INTO T_SIP_BAIRRO (CD_BAIRRO, CD_CIDADE, NM_BAIRRO) VALUES (591, 197, 'Boa Passagem');

-- Assu
INSERT INTO T_SIP_BAIRRO (CD_BAIRRO, CD_CIDADE, NM_BAIRRO) VALUES (592, 198, 'Centro');
INSERT INTO T_SIP_BAIRRO (CD_BAIRRO, CD_CIDADE, NM_BAIRRO) VALUES (593, 198, 'Frutilândia');
INSERT INTO T_SIP_BAIRRO (CD_BAIRRO, CD_CIDADE, NM_BAIRRO) VALUES (594, 198, 'Vertentes');

-- Currais Novos
INSERT INTO T_SIP_BAIRRO (CD_BAIRRO, CD_CIDADE, NM_BAIRRO) VALUES (595, 199, 'Centro');
INSERT INTO T_SIP_BAIRRO (CD_BAIRRO, CD_CIDADE, NM_BAIRRO) VALUES (596, 199, 'Parque Dourado');
INSERT INTO T_SIP_BAIRRO (CD_BAIRRO, CD_CIDADE, NM_BAIRRO) VALUES (597, 199, 'JK');

-- São José de Mipibu
INSERT INTO T_SIP_BAIRRO (CD_BAIRRO, CD_CIDADE, NM_BAIRRO) VALUES (598, 200, 'Centro');
INSERT INTO T_SIP_BAIRRO (CD_BAIRRO, CD_CIDADE, NM_BAIRRO) VALUES (599, 200, 'Pau Brasil');
INSERT INTO T_SIP_BAIRRO (CD_BAIRRO, CD_CIDADE, NM_BAIRRO) VALUES (600, 200, 'Tancredo Neves');

-- Porto Alegre
INSERT INTO T_SIP_BAIRRO (CD_BAIRRO, CD_CIDADE, NM_BAIRRO) VALUES (601, 201, 'Moinhos de Vento');
INSERT INTO T_SIP_BAIRRO (CD_BAIRRO, CD_CIDADE, NM_BAIRRO) VALUES (602, 201, 'Centro Histórico');
INSERT INTO T_SIP_BAIRRO (CD_BAIRRO, CD_CIDADE, NM_BAIRRO) VALUES (603, 201, 'Petrópolis');

-- Caxias do Sul
INSERT INTO T_SIP_BAIRRO (CD_BAIRRO, CD_CIDADE, NM_BAIRRO) VALUES (604, 202, 'Centro');
INSERT INTO T_SIP_BAIRRO (CD_BAIRRO, CD_CIDADE, NM_BAIRRO) VALUES (605, 202, 'Exposição');
INSERT INTO T_SIP_BAIRRO (CD_BAIRRO, CD_CIDADE, NM_BAIRRO) VALUES (606, 202, 'Pio X');

-- Pelotas
INSERT INTO T_SIP_BAIRRO (CD_BAIRRO, CD_CIDADE, NM_BAIRRO) VALUES (607, 203, 'Centro');
INSERT INTO T_SIP_BAIRRO (CD_BAIRRO, CD_CIDADE, NM_BAIRRO) VALUES (608, 203, 'Areal');
INSERT INTO T_SIP_BAIRRO (CD_BAIRRO, CD_CIDADE, NM_BAIRRO) VALUES (609, 203, 'Três Vendas');

-- Canoas
INSERT INTO T_SIP_BAIRRO (CD_BAIRRO, CD_CIDADE, NM_BAIRRO) VALUES (610, 204, 'Centro');
INSERT INTO T_SIP_BAIRRO (CD_BAIRRO, CD_CIDADE, NM_BAIRRO) VALUES (611, 204, 'Niterói');
INSERT INTO T_SIP_BAIRRO (CD_BAIRRO, CD_CIDADE, NM_BAIRRO) VALUES (612, 204, 'Mathias Velho');

-- Santa Maria
INSERT INTO T_SIP_BAIRRO (CD_BAIRRO, CD_CIDADE, NM_BAIRRO) VALUES (613, 205, 'Centro');
INSERT INTO T_SIP_BAIRRO (CD_BAIRRO, CD_CIDADE, NM_BAIRRO) VALUES (614, 205, 'Nossa Senhora de Fátima');
INSERT INTO T_SIP_BAIRRO (CD_BAIRRO, CD_CIDADE, NM_BAIRRO) VALUES (615, 205, 'Camobi');

-- Gravataí
INSERT INTO T_SIP_BAIRRO (CD_BAIRRO, CD_CIDADE, NM_BAIRRO) VALUES (616, 206, 'Centro');
INSERT INTO T_SIP_BAIRRO (CD_BAIRRO, CD_CIDADE, NM_BAIRRO) VALUES (617, 206, 'Barnabé');
INSERT INTO T_SIP_BAIRRO (CD_BAIRRO, CD_CIDADE, NM_BAIRRO) VALUES (618, 206, 'Morada do Vale I');

-- Viamão
INSERT INTO T_SIP_BAIRRO (CD_BAIRRO, CD_CIDADE, NM_BAIRRO) VALUES (619, 207, 'Centro');
INSERT INTO T_SIP_BAIRRO (CD_BAIRRO, CD_CIDADE, NM_BAIRRO) VALUES (620, 207, 'Santa Isabel');
INSERT INTO T_SIP_BAIRRO (CD_BAIRRO, CD_CIDADE, NM_BAIRRO) VALUES (621, 207, 'Vila Elsa');

-- Novo Hamburgo
INSERT INTO T_SIP_BAIRRO (CD_BAIRRO, CD_CIDADE, NM_BAIRRO) VALUES (622, 208, 'Centro');
INSERT INTO T_SIP_BAIRRO (CD_BAIRRO, CD_CIDADE, NM_BAIRRO) VALUES (623, 208, 'Hamburgo Velho');
INSERT INTO T_SIP_BAIRRO (CD_BAIRRO, CD_CIDADE, NM_BAIRRO) VALUES (624, 208, 'Canudos');

-- São Leopoldo
INSERT INTO T_SIP_BAIRRO (CD_BAIRRO, CD_CIDADE, NM_BAIRRO) VALUES (625, 209, 'Centro');
INSERT INTO T_SIP_BAIRRO (CD_BAIRRO, CD_CIDADE, NM_BAIRRO) VALUES (626, 209, 'Rio dos Sinos');
INSERT INTO T_SIP_BAIRRO (CD_BAIRRO, CD_CIDADE, NM_BAIRRO) VALUES (627, 209, 'Feitoria');

-- Rio Grande
INSERT INTO T_SIP_BAIRRO (CD_BAIRRO, CD_CIDADE, NM_BAIRRO) VALUES (628, 210, 'Centro');
INSERT INTO T_SIP_BAIRRO (CD_BAIRRO, CD_CIDADE, NM_BAIRRO) VALUES (629, 210, 'Cassino');
INSERT INTO T_SIP_BAIRRO (CD_BAIRRO, CD_CIDADE, NM_BAIRRO) VALUES (630, 210, 'Vila São João');

-- Porto Velho
INSERT INTO T_SIP_BAIRRO (CD_BAIRRO, CD_CIDADE, NM_BAIRRO) VALUES (631, 211, 'Centro');
INSERT INTO T_SIP_BAIRRO (CD_BAIRRO, CD_CIDADE, NM_BAIRRO) VALUES (632, 211, 'Embratel');
INSERT INTO T_SIP_BAIRRO (CD_BAIRRO, CD_CIDADE, NM_BAIRRO) VALUES (633, 211, 'Nova Porto Velho');

-- Ji-Paraná
INSERT INTO T_SIP_BAIRRO (CD_BAIRRO, CD_CIDADE, NM_BAIRRO) VALUES (634, 212, 'Centro');
INSERT INTO T_SIP_BAIRRO (CD_BAIRRO, CD_CIDADE, NM_BAIRRO) VALUES (635, 212, 'Nova Brasília');
INSERT INTO T_SIP_BAIRRO (CD_BAIRRO, CD_CIDADE, NM_BAIRRO) VALUES (636, 212, 'Urupá');

-- Ariquemes
INSERT INTO T_SIP_BAIRRO (CD_BAIRRO, CD_CIDADE, NM_BAIRRO) VALUES (637, 213, 'Centro');
INSERT INTO T_SIP_BAIRRO (CD_BAIRRO, CD_CIDADE, NM_BAIRRO) VALUES (638, 213, 'Setor 2');
INSERT INTO T_SIP_BAIRRO (CD_BAIRRO, CD_CIDADE, NM_BAIRRO) VALUES (639, 213, 'Setor 5');

-- Vilhena
INSERT INTO T_SIP_BAIRRO (CD_BAIRRO, CD_CIDADE, NM_BAIRRO) VALUES (640, 214, 'Centro');
INSERT INTO T_SIP_BAIRRO (CD_BAIRRO, CD_CIDADE, NM_BAIRRO) VALUES (641, 214, 'Jardim Eldorado');
INSERT INTO T_SIP_BAIRRO (CD_BAIRRO, CD_CIDADE, NM_BAIRRO) VALUES (642, 214, 'Nova Esperança');

-- Cacoal
INSERT INTO T_SIP_BAIRRO (CD_BAIRRO, CD_CIDADE, NM_BAIRRO) VALUES (643, 215, 'Centro');
INSERT INTO T_SIP_BAIRRO (CD_BAIRRO, CD_CIDADE, NM_BAIRRO) VALUES (644, 215, 'Jardim Clodoaldo');
INSERT INTO T_SIP_BAIRRO (CD_BAIRRO, CD_CIDADE, NM_BAIRRO) VALUES (645, 215, 'Teixeirão');

-- Rolim de Moura
INSERT INTO T_SIP_BAIRRO (CD_BAIRRO, CD_CIDADE, NM_BAIRRO) VALUES (646, 216, 'Centro');
INSERT INTO T_SIP_BAIRRO (CD_BAIRRO, CD_CIDADE, NM_BAIRRO) VALUES (647, 216, 'Cidade Alta');
INSERT INTO T_SIP_BAIRRO (CD_BAIRRO, CD_CIDADE, NM_BAIRRO) VALUES (648, 216, 'Planalto');

-- Jaru
INSERT INTO T_SIP_BAIRRO (CD_BAIRRO, CD_CIDADE, NM_BAIRRO) VALUES (649, 217, 'Centro');
INSERT INTO T_SIP_BAIRRO (CD_BAIRRO, CD_CIDADE, NM_BAIRRO) VALUES (650, 217, 'Setor 1');
INSERT INTO T_SIP_BAIRRO (CD_BAIRRO, CD_CIDADE, NM_BAIRRO) VALUES (651, 217, 'Setor 2');

-- Guajará-Mirim
INSERT INTO T_SIP_BAIRRO (CD_BAIRRO, CD_CIDADE, NM_BAIRRO) VALUES (652, 218, 'Centro');
INSERT INTO T_SIP_BAIRRO (CD_BAIRRO, CD_CIDADE, NM_BAIRRO) VALUES (653, 218, 'Tamandaré');
INSERT INTO T_SIP_BAIRRO (CD_BAIRRO, CD_CIDADE, NM_BAIRRO) VALUES (654, 218, 'Liberdade');

-- Machadinho d'Oeste
INSERT INTO T_SIP_BAIRRO (CD_BAIRRO, CD_CIDADE, NM_BAIRRO) VALUES (655, 219, 'Centro');
INSERT INTO T_SIP_BAIRRO (CD_BAIRRO, CD_CIDADE, NM_BAIRRO) VALUES (656, 219, 'Bom Futuro');
INSERT INTO T_SIP_BAIRRO (CD_BAIRRO, CD_CIDADE, NM_BAIRRO) VALUES (657, 219, 'União');

-- Buritis
INSERT INTO T_SIP_BAIRRO (CD_BAIRRO, CD_CIDADE, NM_BAIRRO) VALUES (658, 220, 'Centro');
INSERT INTO T_SIP_BAIRRO (CD_BAIRRO, CD_CIDADE, NM_BAIRRO) VALUES (659, 220, 'Setor 1');
INSERT INTO T_SIP_BAIRRO (CD_BAIRRO, CD_CIDADE, NM_BAIRRO) VALUES (660, 220, 'Setor 2');

-- Boa Vista
INSERT INTO T_SIP_BAIRRO (CD_BAIRRO, CD_CIDADE, NM_BAIRRO) VALUES (661, 221, 'Centro');
INSERT INTO T_SIP_BAIRRO (CD_BAIRRO, CD_CIDADE, NM_BAIRRO) VALUES (662, 221, 'Caimbé');
INSERT INTO T_SIP_BAIRRO (CD_BAIRRO, CD_CIDADE, NM_BAIRRO) VALUES (663, 221, 'Mecejana');

-- Rorainópolis
INSERT INTO T_SIP_BAIRRO (CD_BAIRRO, CD_CIDADE, NM_BAIRRO) VALUES (664, 222, 'Centro');
INSERT INTO T_SIP_BAIRRO (CD_BAIRRO, CD_CIDADE, NM_BAIRRO) VALUES (665, 222, 'Jardim Primavera');
INSERT INTO T_SIP_BAIRRO (CD_BAIRRO, CD_CIDADE, NM_BAIRRO) VALUES (666, 222, 'União');

-- Caracaraí
INSERT INTO T_SIP_BAIRRO (CD_BAIRRO, CD_CIDADE, NM_BAIRRO) VALUES (667, 223, 'Centro');
INSERT INTO T_SIP_BAIRRO (CD_BAIRRO, CD_CIDADE, NM_BAIRRO) VALUES (668, 223, 'Aeroporto');
INSERT INTO T_SIP_BAIRRO (CD_BAIRRO, CD_CIDADE, NM_BAIRRO) VALUES (669, 223, 'São José');

-- Mucajaí
INSERT INTO T_SIP_BAIRRO (CD_BAIRRO, CD_CIDADE, NM_BAIRRO) VALUES (670, 224, 'Centro');
INSERT INTO T_SIP_BAIRRO (CD_BAIRRO, CD_CIDADE, NM_BAIRRO) VALUES (671, 224, 'São Francisco');
INSERT INTO T_SIP_BAIRRO (CD_BAIRRO, CD_CIDADE, NM_BAIRRO) VALUES (672, 224, 'Nova Esperança');

-- Alto Alegre
INSERT INTO T_SIP_BAIRRO (CD_BAIRRO, CD_CIDADE, NM_BAIRRO) VALUES (673, 225, 'Centro');
INSERT INTO T_SIP_BAIRRO (CD_BAIRRO, CD_CIDADE, NM_BAIRRO) VALUES (674, 225, 'Boa Vista');
INSERT INTO T_SIP_BAIRRO (CD_BAIRRO, CD_CIDADE, NM_BAIRRO) VALUES (675, 225, 'São José');

-- Cantá
INSERT INTO T_SIP_BAIRRO (CD_BAIRRO, CD_CIDADE, NM_BAIRRO) VALUES (676, 226, 'Centro');
INSERT INTO T_SIP_BAIRRO (CD_BAIRRO, CD_CIDADE, NM_BAIRRO) VALUES (677, 226, 'São Raimundo');
INSERT INTO T_SIP_BAIRRO (CD_BAIRRO, CD_CIDADE, NM_BAIRRO) VALUES (678, 226, 'Nova Vida');

-- Pacaraima
INSERT INTO T_SIP_BAIRRO (CD_BAIRRO, CD_CIDADE, NM_BAIRRO) VALUES (679, 227, 'Centro');
INSERT INTO T_SIP_BAIRRO (CD_BAIRRO, CD_CIDADE, NM_BAIRRO) VALUES (680, 227, 'São Francisco');
INSERT INTO T_SIP_BAIRRO (CD_BAIRRO, CD_CIDADE, NM_BAIRRO) VALUES (681, 227, 'Nova Esperança');

-- Bonfim
INSERT INTO T_SIP_BAIRRO (CD_BAIRRO, CD_CIDADE, NM_BAIRRO) VALUES (682, 228, 'Centro');
INSERT INTO T_SIP_BAIRRO (CD_BAIRRO, CD_CIDADE, NM_BAIRRO) VALUES (683, 228, 'São Francisco');
INSERT INTO T_SIP_BAIRRO (CD_BAIRRO, CD_CIDADE, NM_BAIRRO) VALUES (684, 228, 'Nova Esperança');

-- Normandia
INSERT INTO T_SIP_BAIRRO (CD_BAIRRO, CD_CIDADE, NM_BAIRRO) VALUES (685, 229, 'Centro');
INSERT INTO T_SIP_BAIRRO (CD_BAIRRO, CD_CIDADE, NM_BAIRRO) VALUES (686, 229, 'São Francisco');
INSERT INTO T_SIP_BAIRRO (CD_BAIRRO, CD_CIDADE, NM_BAIRRO) VALUES (687, 229, 'Nova Esperança');

-- São João da Baliza
INSERT INTO T_SIP_BAIRRO (CD_BAIRRO, CD_CIDADE, NM_BAIRRO) VALUES (688, 230, 'Centro');
INSERT INTO T_SIP_BAIRRO (CD_BAIRRO, CD_CIDADE, NM_BAIRRO) VALUES (689, 230, 'São Francisco');
INSERT INTO T_SIP_BAIRRO (CD_BAIRRO, CD_CIDADE, NM_BAIRRO) VALUES (690, 230, 'Nova Esperança');

-- Florianópolis
INSERT INTO T_SIP_BAIRRO (CD_BAIRRO, CD_CIDADE, NM_BAIRRO) VALUES (691, 231, 'Centro');
INSERT INTO T_SIP_BAIRRO (CD_BAIRRO, CD_CIDADE, NM_BAIRRO) VALUES (692, 231, 'Trindade');
INSERT INTO T_SIP_BAIRRO (CD_BAIRRO, CD_CIDADE, NM_BAIRRO) VALUES (693, 231, 'Ingleses');

-- Joinville
INSERT INTO T_SIP_BAIRRO (CD_BAIRRO, CD_CIDADE, NM_BAIRRO) VALUES (694, 232, 'Centro');
INSERT INTO T_SIP_BAIRRO (CD_BAIRRO, CD_CIDADE, NM_BAIRRO) VALUES (695, 232, 'Atiradores');
INSERT INTO T_SIP_BAIRRO (CD_BAIRRO, CD_CIDADE, NM_BAIRRO) VALUES (696, 232, 'Costa e Silva');

-- Blumenau
INSERT INTO T_SIP_BAIRRO (CD_BAIRRO, CD_CIDADE, NM_BAIRRO) VALUES (697, 233, 'Centro');
INSERT INTO T_SIP_BAIRRO (CD_BAIRRO, CD_CIDADE, NM_BAIRRO) VALUES (698, 233, 'Velha');
INSERT INTO T_SIP_BAIRRO (CD_BAIRRO, CD_CIDADE, NM_BAIRRO) VALUES (699, 233, 'Garcia');

-- São José
INSERT INTO T_SIP_BAIRRO (CD_BAIRRO, CD_CIDADE, NM_BAIRRO) VALUES (700, 234, 'Centro');
INSERT INTO T_SIP_BAIRRO (CD_BAIRRO, CD_CIDADE, NM_BAIRRO) VALUES (701, 234, 'Kobrasol');
INSERT INTO T_SIP_BAIRRO (CD_BAIRRO, CD_CIDADE, NM_BAIRRO) VALUES (702, 234, 'Barreiros');

-- Chapecó
INSERT INTO T_SIP_BAIRRO (CD_BAIRRO, CD_CIDADE, NM_BAIRRO) VALUES (703, 235, 'Centro');
INSERT INTO T_SIP_BAIRRO (CD_BAIRRO, CD_CIDADE, NM_BAIRRO) VALUES (704, 235, 'Efapi');
INSERT INTO T_SIP_BAIRRO (CD_BAIRRO, CD_CIDADE, NM_BAIRRO) VALUES (705, 235, 'Passo dos Fortes');

-- Itajaí
INSERT INTO T_SIP_BAIRRO (CD_BAIRRO, CD_CIDADE, NM_BAIRRO) VALUES (706, 236, 'Centro');
INSERT INTO T_SIP_BAIRRO (CD_BAIRRO, CD_CIDADE, NM_BAIRRO) VALUES (707, 236, 'Fazenda');
INSERT INTO T_SIP_BAIRRO (CD_BAIRRO, CD_CIDADE, NM_BAIRRO) VALUES (708, 236, 'Cordeiros');

-- Criciúma
INSERT INTO T_SIP_BAIRRO (CD_BAIRRO, CD_CIDADE, NM_BAIRRO) VALUES (709, 237, 'Centro');
INSERT INTO T_SIP_BAIRRO (CD_BAIRRO, CD_CIDADE, NM_BAIRRO) VALUES (710, 237, 'Próspera');
INSERT INTO T_SIP_BAIRRO (CD_BAIRRO, CD_CIDADE, NM_BAIRRO) VALUES (711, 237, 'Santa Bárbara');

-- Jaraguá do Sul
INSERT INTO T_SIP_BAIRRO (CD_BAIRRO, CD_CIDADE, NM_BAIRRO) VALUES (712, 238, 'Centro');
INSERT INTO T_SIP_BAIRRO (CD_BAIRRO, CD_CIDADE, NM_BAIRRO) VALUES (713, 238, 'Vila Nova');
INSERT INTO T_SIP_BAIRRO (CD_BAIRRO, CD_CIDADE, NM_BAIRRO) VALUES (714, 238, 'Barra do Rio Cerro');

-- Lages
INSERT INTO T_SIP_BAIRRO (CD_BAIRRO, CD_CIDADE, NM_BAIRRO) VALUES (715, 239, 'Centro');
INSERT INTO T_SIP_BAIRRO (CD_BAIRRO, CD_CIDADE, NM_BAIRRO) VALUES (716, 239, 'Coral');
INSERT INTO T_SIP_BAIRRO (CD_BAIRRO, CD_CIDADE, NM_BAIRRO) VALUES (717, 239, 'Guarujá');

-- Palhoça
INSERT INTO T_SIP_BAIRRO (CD_BAIRRO, CD_CIDADE, NM_BAIRRO) VALUES (718, 240, 'Centro');
INSERT INTO T_SIP_BAIRRO (CD_BAIRRO, CD_CIDADE, NM_BAIRRO) VALUES (719, 240, 'Pagani');
INSERT INTO T_SIP_BAIRRO (CD_BAIRRO, CD_CIDADE, NM_BAIRRO) VALUES (720, 240, 'Pedra Branca');

-- São Paulo
INSERT INTO T_SIP_BAIRRO (CD_BAIRRO, CD_CIDADE, NM_BAIRRO) VALUES (721, 241, 'Centro');
INSERT INTO T_SIP_BAIRRO (CD_BAIRRO, CD_CIDADE, NM_BAIRRO) VALUES (722, 241, 'Vila Mariana');
INSERT INTO T_SIP_BAIRRO (CD_BAIRRO, CD_CIDADE, NM_BAIRRO) VALUES (723, 241, 'Moema');

-- Guarulhos
INSERT INTO T_SIP_BAIRRO (CD_BAIRRO, CD_CIDADE, NM_BAIRRO) VALUES (724, 242, 'Centro');
INSERT INTO T_SIP_BAIRRO (CD_BAIRRO, CD_CIDADE, NM_BAIRRO) VALUES (725, 242, 'Jardim São Paulo');
INSERT INTO T_SIP_BAIRRO (CD_BAIRRO, CD_CIDADE, NM_BAIRRO) VALUES (726, 242, 'Vila Galvão');

-- Campinas
INSERT INTO T_SIP_BAIRRO (CD_BAIRRO, CD_CIDADE, NM_BAIRRO) VALUES (727, 243, 'Centro');
INSERT INTO T_SIP_BAIRRO (CD_BAIRRO, CD_CIDADE, NM_BAIRRO) VALUES (728, 243, 'Cambuí');
INSERT INTO T_SIP_BAIRRO (CD_BAIRRO, CD_CIDADE, NM_BAIRRO) VALUES (729, 243, 'Barão Geraldo');

-- São Bernardo do Campo
INSERT INTO T_SIP_BAIRRO (CD_BAIRRO, CD_CIDADE, NM_BAIRRO) VALUES (730, 244, 'Centro');
INSERT INTO T_SIP_BAIRRO (CD_BAIRRO, CD_CIDADE, NM_BAIRRO) VALUES (731, 244, 'Rudge Ramos');
INSERT INTO T_SIP_BAIRRO (CD_BAIRRO, CD_CIDADE, NM_BAIRRO) VALUES (732, 244, 'Paulicéia');

-- Santo André
INSERT INTO T_SIP_BAIRRO (CD_BAIRRO, CD_CIDADE, NM_BAIRRO) VALUES (733, 245, 'Centro');
INSERT INTO T_SIP_BAIRRO (CD_BAIRRO, CD_CIDADE, NM_BAIRRO) VALUES (734, 245, 'Vila Assunção');
INSERT INTO T_SIP_BAIRRO (CD_BAIRRO, CD_CIDADE, NM_BAIRRO) VALUES (735, 245, 'Parque das Nações');

-- Osasco
INSERT INTO T_SIP_BAIRRO (CD_BAIRRO, CD_CIDADE, NM_BAIRRO) VALUES (736, 246, 'Centro');
INSERT INTO T_SIP_BAIRRO (CD_BAIRRO, CD_CIDADE, NM_BAIRRO) VALUES (737, 246, 'Bela Vista');
INSERT INTO T_SIP_BAIRRO (CD_BAIRRO, CD_CIDADE, NM_BAIRRO) VALUES (738, 246, 'Rochdalle');

-- São José dos Campos
INSERT INTO T_SIP_BAIRRO (CD_BAIRRO, CD_CIDADE, NM_BAIRRO) VALUES (739, 247, 'Centro');
INSERT INTO T_SIP_BAIRRO (CD_BAIRRO, CD_CIDADE, NM_BAIRRO) VALUES (740, 247, 'Jardim Aquarius');
INSERT INTO T_SIP_BAIRRO (CD_BAIRRO, CD_CIDADE, NM_BAIRRO) VALUES (741, 247, 'Vila Ema');

-- Ribeirão Preto
INSERT INTO T_SIP_BAIRRO (CD_BAIRRO, CD_CIDADE, NM_BAIRRO) VALUES (742, 248, 'Centro');
INSERT INTO T_SIP_BAIRRO (CD_BAIRRO, CD_CIDADE, NM_BAIRRO) VALUES (743, 248, 'Jardim Paulista');
INSERT INTO T_SIP_BAIRRO (CD_BAIRRO, CD_CIDADE, NM_BAIRRO) VALUES (744, 248, 'Vila Tibério');

-- Sorocaba
INSERT INTO T_SIP_BAIRRO (CD_BAIRRO, CD_CIDADE, NM_BAIRRO) VALUES (745, 249, 'Centro');
INSERT INTO T_SIP_BAIRRO (CD_BAIRRO, CD_CIDADE, NM_BAIRRO) VALUES (746, 249, 'Campolim');
INSERT INTO T_SIP_BAIRRO (CD_BAIRRO, CD_CIDADE, NM_BAIRRO) VALUES (747, 249, 'Jardim São Paulo');

-- Mauá
INSERT INTO T_SIP_BAIRRO (CD_BAIRRO, CD_CIDADE, NM_BAIRRO) VALUES (748, 250, 'Centro');
INSERT INTO T_SIP_BAIRRO (CD_BAIRRO, CD_CIDADE, NM_BAIRRO) VALUES (749, 250, 'Vila Assis');
INSERT INTO T_SIP_BAIRRO (CD_BAIRRO, CD_CIDADE, NM_BAIRRO) VALUES (750, 250, 'Jardim Zaíra');

-- Aracaju
INSERT INTO T_SIP_BAIRRO (CD_BAIRRO, CD_CIDADE, NM_BAIRRO) VALUES (751, 251, 'Centro');
INSERT INTO T_SIP_BAIRRO (CD_BAIRRO, CD_CIDADE, NM_BAIRRO) VALUES (752, 251, 'Atalaia');
INSERT INTO T_SIP_BAIRRO (CD_BAIRRO, CD_CIDADE, NM_BAIRRO) VALUES (753, 251, 'Farolândia');

-- Nossa Senhora do Socorro
INSERT INTO T_SIP_BAIRRO (CD_BAIRRO, CD_CIDADE, NM_BAIRRO) VALUES (754, 252, 'Centro');
INSERT INTO T_SIP_BAIRRO (CD_BAIRRO, CD_CIDADE, NM_BAIRRO) VALUES (755, 252, 'Parque dos Faróis');
INSERT INTO T_SIP_BAIRRO (CD_BAIRRO, CD_CIDADE, NM_BAIRRO) VALUES (756, 252, 'Marcos Freire');

-- Lagarto
INSERT INTO T_SIP_BAIRRO (CD_BAIRRO, CD_CIDADE, NM_BAIRRO) VALUES (757, 253, 'Centro');
INSERT INTO T_SIP_BAIRRO (CD_BAIRRO, CD_CIDADE, NM_BAIRRO) VALUES (758, 253, 'Cidade Nova');
INSERT INTO T_SIP_BAIRRO (CD_BAIRRO, CD_CIDADE, NM_BAIRRO) VALUES (759, 253, 'Jardim Campo Novo');

-- Itabaiana
INSERT INTO T_SIP_BAIRRO (CD_BAIRRO, CD_CIDADE, NM_BAIRRO) VALUES (760, 254, 'Centro');
INSERT INTO T_SIP_BAIRRO (CD_BAIRRO, CD_CIDADE, NM_BAIRRO) VALUES (761, 254, 'Bananeira');
INSERT INTO T_SIP_BAIRRO (CD_BAIRRO, CD_CIDADE, NM_BAIRRO) VALUES (762, 254, 'Miguel Teles');

-- Estância
INSERT INTO T_SIP_BAIRRO (CD_BAIRRO, CD_CIDADE, NM_BAIRRO) VALUES (763, 255, 'Centro');
INSERT INTO T_SIP_BAIRRO (CD_BAIRRO, CD_CIDADE, NM_BAIRRO) VALUES (764, 255, 'Cidade Nova');
INSERT INTO T_SIP_BAIRRO (CD_BAIRRO, CD_CIDADE, NM_BAIRRO) VALUES (765, 255, 'Botequim');

-- Tobias Barreto
INSERT INTO T_SIP_BAIRRO (CD_BAIRRO, CD_CIDADE, NM_BAIRRO) VALUES (766, 256, 'Centro');
INSERT INTO T_SIP_BAIRRO (CD_BAIRRO, CD_CIDADE, NM_BAIRRO) VALUES (767, 256, 'Santa Rita');
INSERT INTO T_SIP_BAIRRO (CD_BAIRRO, CD_CIDADE, NM_BAIRRO) VALUES (768, 256, 'Santo Antônio');

-- Simão Dias
INSERT INTO T_SIP_BAIRRO (CD_BAIRRO, CD_CIDADE, NM_BAIRRO) VALUES (769, 257, 'Centro');
INSERT INTO T_SIP_BAIRRO (CD_BAIRRO, CD_CIDADE, NM_BAIRRO) VALUES (770, 257, 'Bonfim');
INSERT INTO T_SIP_BAIRRO (CD_BAIRRO, CD_CIDADE, NM_BAIRRO) VALUES (771, 257, 'Oiteiros');

-- Nossa Senhora da Glória
INSERT INTO T_SIP_BAIRRO (CD_BAIRRO, CD_CIDADE, NM_BAIRRO) VALUES (772, 258, 'Centro');
INSERT INTO T_SIP_BAIRRO (CD_BAIRRO, CD_CIDADE, NM_BAIRRO) VALUES (773, 258, 'Divinéia');
INSERT INTO T_SIP_BAIRRO (CD_BAIRRO, CD_CIDADE, NM_BAIRRO) VALUES (774, 258, 'Novo Horizonte');

-- Propriá
INSERT INTO T_SIP_BAIRRO (CD_BAIRRO, CD_CIDADE, NM_BAIRRO) VALUES (775, 259, 'Centro');
INSERT INTO T_SIP_BAIRRO (CD_BAIRRO, CD_CIDADE, NM_BAIRRO) VALUES (776, 259, 'Remanso');
INSERT INTO T_SIP_BAIRRO (CD_BAIRRO, CD_CIDADE, NM_BAIRRO) VALUES (777, 259, 'Santo Antônio');

-- Itabaianinha
INSERT INTO T_SIP_BAIRRO (CD_BAIRRO, CD_CIDADE, NM_BAIRRO) VALUES (778, 260, 'Centro');
INSERT INTO T_SIP_BAIRRO (CD_BAIRRO, CD_CIDADE, NM_BAIRRO) VALUES (779, 260, 'Miguel dos Anjos');
INSERT INTO T_SIP_BAIRRO (CD_BAIRRO, CD_CIDADE, NM_BAIRRO) VALUES (780, 260, 'São Cristóvão');

-- Palmas
INSERT INTO T_SIP_BAIRRO (CD_BAIRRO, CD_CIDADE, NM_BAIRRO) VALUES (781, 261, 'Plano Diretor Sul');
INSERT INTO T_SIP_BAIRRO (CD_BAIRRO, CD_CIDADE, NM_BAIRRO) VALUES (782, 261, 'Plano Diretor Norte');
INSERT INTO T_SIP_BAIRRO (CD_BAIRRO, CD_CIDADE, NM_BAIRRO) VALUES (783, 261, 'Taquaralto');

-- Araguaína
INSERT INTO T_SIP_BAIRRO (CD_BAIRRO, CD_CIDADE, NM_BAIRRO) VALUES (784, 262, 'Centro');
INSERT INTO T_SIP_BAIRRO (CD_BAIRRO, CD_CIDADE, NM_BAIRRO) VALUES (785, 262, 'Jardim Paulista');
INSERT INTO T_SIP_BAIRRO (CD_BAIRRO, CD_CIDADE, NM_BAIRRO) VALUES (786, 262, 'Setor Oeste');

-- Gurupi
INSERT INTO T_SIP_BAIRRO (CD_BAIRRO, CD_CIDADE, NM_BAIRRO) VALUES (787, 263, 'Centro');
INSERT INTO T_SIP_BAIRRO (CD_BAIRRO, CD_CIDADE, NM_BAIRRO) VALUES (788, 263, 'Jardim das Palmeiras');
INSERT INTO T_SIP_BAIRRO (CD_BAIRRO, CD_CIDADE, NM_BAIRRO) VALUES (789, 263, 'Setor Aeroporto');

-- Porto Nacional
INSERT INTO T_SIP_BAIRRO (CD_BAIRRO, CD_CIDADE, NM_BAIRRO) VALUES (790, 264, 'Centro');
INSERT INTO T_SIP_BAIRRO (CD_BAIRRO, CD_CIDADE, NM_BAIRRO) VALUES (791, 264, 'Jardim Brasília');
INSERT INTO T_SIP_BAIRRO (CD_BAIRRO, CD_CIDADE, NM_BAIRRO) VALUES (792, 264, 'Setor Aeroporto');

-- Paraíso do Tocantins
INSERT INTO T_SIP_BAIRRO (CD_BAIRRO, CD_CIDADE, NM_BAIRRO) VALUES (793, 265, 'Centro');
INSERT INTO T_SIP_BAIRRO (CD_BAIRRO, CD_CIDADE, NM_BAIRRO) VALUES (794, 265, 'Jardim Paulista');
INSERT INTO T_SIP_BAIRRO (CD_BAIRRO, CD_CIDADE, NM_BAIRRO) VALUES (795, 265, 'Setor Oeste');

-- Colinas do Tocantins
INSERT INTO T_SIP_BAIRRO (CD_BAIRRO, CD_CIDADE, NM_BAIRRO) VALUES (796, 266, 'Centro');
INSERT INTO T_SIP_BAIRRO (CD_BAIRRO, CD_CIDADE, NM_BAIRRO) VALUES (797, 266, 'Jardim América');
INSERT INTO T_SIP_BAIRRO (CD_BAIRRO, CD_CIDADE, NM_BAIRRO) VALUES (798, 266, 'Setor Sul');

-- Tocantinópolis
INSERT INTO T_SIP_BAIRRO (CD_BAIRRO, CD_CIDADE, NM_BAIRRO) VALUES (799, 267, 'Centro');
INSERT INTO T_SIP_BAIRRO (CD_BAIRRO, CD_CIDADE, NM_BAIRRO) VALUES (800, 267, 'Jardim Tocantins');
INSERT INTO T_SIP_BAIRRO (CD_BAIRRO, CD_CIDADE, NM_BAIRRO) VALUES (801, 267, 'Setor Aeroporto');

-- Guaraí
INSERT INTO T_SIP_BAIRRO (CD_BAIRRO, CD_CIDADE, NM_BAIRRO) VALUES (802, 268, 'Centro');
INSERT INTO T_SIP_BAIRRO (CD_BAIRRO, CD_CIDADE, NM_BAIRRO) VALUES (803, 268, 'Jardim Brasília');
INSERT INTO T_SIP_BAIRRO (CD_BAIRRO, CD_CIDADE, NM_BAIRRO) VALUES (804, 268, 'Setor Aeroporto');

-- Miracema do Tocantins
INSERT INTO T_SIP_BAIRRO (CD_BAIRRO, CD_CIDADE, NM_BAIRRO) VALUES (805, 269, 'Centro');
INSERT INTO T_SIP_BAIRRO (CD_BAIRRO, CD_CIDADE, NM_BAIRRO) VALUES (806, 269, 'Jardim América');
INSERT INTO T_SIP_BAIRRO (CD_BAIRRO, CD_CIDADE, NM_BAIRRO) VALUES (807, 269, 'Setor Oeste');

-- Dianópolis
INSERT INTO T_SIP_BAIRRO (CD_BAIRRO, CD_CIDADE, NM_BAIRRO) VALUES (808, 270, 'Centro');
INSERT INTO T_SIP_BAIRRO (CD_BAIRRO, CD_CIDADE, NM_BAIRRO) VALUES (809, 270, 'Jardim das Palmeiras');
INSERT INTO T_SIP_BAIRRO (CD_BAIRRO, CD_CIDADE, NM_BAIRRO) VALUES (810, 270, 'Setor Aeroporto');

--TIPO ENDEREÇO
INSERT INTO T_SIP_TIPO_ENDERECO (CD_TIPO_ENDERECO, NM_TIPO_ENDERECO) VALUES (1, 'RESIDENCIAL');
INSERT INTO T_SIP_TIPO_ENDERECO (CD_TIPO_ENDERECO, NM_TIPO_ENDERECO) VALUES (2, 'COMERCIAL');
INSERT INTO T_SIP_TIPO_ENDERECO (CD_TIPO_ENDERECO, NM_TIPO_ENDERECO) VALUES (3, 'VERANEIO');

--endereços funcionarios
-- Funcionário 101
INSERT INTO T_SIP_FUNCIONARIO_ENDERECO (CD_END_FUNC, NR_MATRICULA, CD_END_CORREIO, CD_TIPO_ENDERECO, DS_COMPLEMENTO, NR_LOGRADOURO, DS_PONTO_REFERENCIA) 
VALUES (1, 101, 1, 1, 'Apto 101', 100, 'Próximo ao metrô');
INSERT INTO T_SIP_FUNCIONARIO_ENDERECO (CD_END_FUNC, NR_MATRICULA, CD_END_CORREIO, CD_TIPO_ENDERECO, DS_COMPLEMENTO, NR_LOGRADOURO, DS_PONTO_REFERENCIA) 
VALUES (2, 101, 2, 2, 'Sala 202', 200, 'Em frente ao shopping');

-- Funcionário 102
INSERT INTO T_SIP_FUNCIONARIO_ENDERECO (CD_END_FUNC, NR_MATRICULA, CD_END_CORREIO, CD_TIPO_ENDERECO, DS_COMPLEMENTO, NR_LOGRADOURO, DS_PONTO_REFERENCIA) 
VALUES (3, 102, 3, 1, 'Casa', 300, 'Perto da padaria');
INSERT INTO T_SIP_FUNCIONARIO_ENDERECO (CD_END_FUNC, NR_MATRICULA, CD_END_CORREIO, CD_TIPO_ENDERECO, DS_COMPLEMENTO, NR_LOGRADOURO, DS_PONTO_REFERENCIA) 
VALUES (4, 102, 4, 3, 'Chácara', 400, 'Próximo ao lago');

-- Funcionário 103
INSERT INTO T_SIP_FUNCIONARIO_ENDERECO (CD_END_FUNC, NR_MATRICULA, CD_END_CORREIO, CD_TIPO_ENDERECO, DS_COMPLEMENTO, NR_LOGRADOURO, DS_PONTO_REFERENCIA) 
VALUES (5, 103, 5, 1, 'Apto 303', 500, 'Ao lado do parque');
INSERT INTO T_SIP_FUNCIONARIO_ENDERECO (CD_END_FUNC, NR_MATRICULA, CD_END_CORREIO, CD_TIPO_ENDERECO, DS_COMPLEMENTO, NR_LOGRADOURO, DS_PONTO_REFERENCIA) 
VALUES (6, 103, 6, 2, 'Escritório', 600, 'Próximo ao centro comercial');

-- Funcionário 104
INSERT INTO T_SIP_FUNCIONARIO_ENDERECO (CD_END_FUNC, NR_MATRICULA, CD_END_CORREIO, CD_TIPO_ENDERECO, DS_COMPLEMENTO, NR_LOGRADOURO, DS_PONTO_REFERENCIA) 
VALUES (7, 104, 7, 1, 'Casa', 700, 'Perto da escola');
INSERT INTO T_SIP_FUNCIONARIO_ENDERECO (CD_END_FUNC, NR_MATRICULA, CD_END_CORREIO, CD_TIPO_ENDERECO, DS_COMPLEMENTO, NR_LOGRADOURO, DS_PONTO_REFERENCIA) 
VALUES (8, 104, 8, 3, 'Sítio', 800, 'Próximo à cachoeira');

-- Funcionário 105
INSERT INTO T_SIP_FUNCIONARIO_ENDERECO (CD_END_FUNC, NR_MATRICULA, CD_END_CORREIO, CD_TIPO_ENDERECO, DS_COMPLEMENTO, NR_LOGRADOURO, DS_PONTO_REFERENCIA) 
VALUES (9, 105, 9, 1, 'Apto 505', 900, 'Ao lado do mercado');
INSERT INTO T_SIP_FUNCIONARIO_ENDERECO (CD_END_FUNC, NR_MATRICULA, CD_END_CORREIO, CD_TIPO_ENDERECO, DS_COMPLEMENTO, NR_LOGRADOURO, DS_PONTO_REFERENCIA) 
VALUES (10, 105, 10, 2, 'Consultório', 1000, 'Próximo ao hospital');

-- Funcionário 106
INSERT INTO T_SIP_FUNCIONARIO_ENDERECO (CD_END_FUNC, NR_MATRICULA, CD_END_CORREIO, CD_TIPO_ENDERECO, DS_COMPLEMENTO, NR_LOGRADOURO, DS_PONTO_REFERENCIA) 
VALUES (11, 106, 11, 1, 'Apto 606', 1100, 'Perto do parque');
INSERT INTO T_SIP_FUNCIONARIO_ENDERECO (CD_END_FUNC, NR_MATRICULA, CD_END_CORREIO, CD_TIPO_ENDERECO, DS_COMPLEMENTO, NR_LOGRADOURO, DS_PONTO_REFERENCIA) 
VALUES (12, 106, 12, 2, 'Escritório', 1200, 'Próximo ao shopping');

-- Funcionário 107
INSERT INTO T_SIP_FUNCIONARIO_ENDERECO (CD_END_FUNC, NR_MATRICULA, CD_END_CORREIO, CD_TIPO_ENDERECO, DS_COMPLEMENTO, NR_LOGRADOURO, DS_PONTO_REFERENCIA) 
VALUES (13, 107, 13, 1, 'Casa', 1300, 'Perto da escola');
INSERT INTO T_SIP_FUNCIONARIO_ENDERECO (CD_END_FUNC, NR_MATRICULA, CD_END_CORREIO, CD_TIPO_ENDERECO, DS_COMPLEMENTO, NR_LOGRADOURO, DS_PONTO_REFERENCIA) 
VALUES (14, 107, 14, 3, 'Chácara', 1400, 'Próximo ao lago');

-- Funcionário 108
INSERT INTO T_SIP_FUNCIONARIO_ENDERECO (CD_END_FUNC, NR_MATRICULA, CD_END_CORREIO, CD_TIPO_ENDERECO, DS_COMPLEMENTO, NR_LOGRADOURO, DS_PONTO_REFERENCIA) 
VALUES (15, 108, 15, 1, 'Apto 808', 1500, 'Ao lado do mercado');
INSERT INTO T_SIP_FUNCIONARIO_ENDERECO (CD_END_FUNC, NR_MATRICULA, CD_END_CORREIO, CD_TIPO_ENDERECO, DS_COMPLEMENTO, NR_LOGRADOURO, DS_PONTO_REFERENCIA) 
VALUES (16, 108, 16, 2, 'Consultório', 1600, 'Próximo ao hospital');

-- Funcionário 109
INSERT INTO T_SIP_FUNCIONARIO_ENDERECO (CD_END_FUNC, NR_MATRICULA, CD_END_CORREIO, CD_TIPO_ENDERECO, DS_COMPLEMENTO, NR_LOGRADOURO, DS_PONTO_REFERENCIA) 
VALUES (17, 109, 17, 1, 'Casa', 1700, 'Perto da padaria');
INSERT INTO T_SIP_FUNCIONARIO_ENDERECO (CD_END_FUNC, NR_MATRICULA, CD_END_CORREIO, CD_TIPO_ENDERECO, DS_COMPLEMENTO, NR_LOGRADOURO, DS_PONTO_REFERENCIA) 
VALUES (18, 109, 18, 3, 'Sítio', 1800, 'Próximo à cachoeira');

-- Funcionário 110
INSERT INTO T_SIP_FUNCIONARIO_ENDERECO (CD_END_FUNC, NR_MATRICULA, CD_END_CORREIO, CD_TIPO_ENDERECO, DS_COMPLEMENTO, NR_LOGRADOURO, DS_PONTO_REFERENCIA) 
VALUES (19, 110, 19, 1, 'Apto 1010', 1900, 'Ao lado do parque');
INSERT INTO T_SIP_FUNCIONARIO_ENDERECO (CD_END_FUNC, NR_MATRICULA, CD_END_CORREIO, CD_TIPO_ENDERECO, DS_COMPLEMENTO, NR_LOGRADOURO, DS_PONTO_REFERENCIA) 
VALUES (20, 110, 20, 2, 'Escritório', 2000, 'Próximo ao centro comercial');

-- Funcionário 111
INSERT INTO T_SIP_FUNCIONARIO_ENDERECO (CD_END_FUNC, NR_MATRICULA, CD_END_CORREIO, CD_TIPO_ENDERECO, DS_COMPLEMENTO, NR_LOGRADOURO, DS_PONTO_REFERENCIA) 
VALUES (21, 111, 21, 1, 'Casa', 2100, 'Perto da escola');
INSERT INTO T_SIP_FUNCIONARIO_ENDERECO (CD_END_FUNC, NR_MATRICULA, CD_END_CORREIO, CD_TIPO_ENDERECO, DS_COMPLEMENTO, NR_LOGRADOURO, DS_PONTO_REFERENCIA) 
VALUES (22, 111, 22, 3, 'Chácara', 2200, 'Próximo ao lago');

-- Funcionário 112
INSERT INTO T_SIP_FUNCIONARIO_ENDERECO (CD_END_FUNC, NR_MATRICULA, CD_END_CORREIO, CD_TIPO_ENDERECO, DS_COMPLEMENTO, NR_LOGRADOURO, DS_PONTO_REFERENCIA) 
VALUES (23, 112, 23, 1, 'Apto 1212', 2300, 'Ao lado do mercado');
INSERT INTO T_SIP_FUNCIONARIO_ENDERECO (CD_END_FUNC, NR_MATRICULA, CD_END_CORREIO, CD_TIPO_ENDERECO, DS_COMPLEMENTO, NR_LOGRADOURO, DS_PONTO_REFERENCIA) 
VALUES (24, 112, 24, 2, 'Consultório', 2400, 'Próximo ao hospital');

-- Funcionário 113
INSERT INTO T_SIP_FUNCIONARIO_ENDERECO (CD_END_FUNC, NR_MATRICULA, CD_END_CORREIO, CD_TIPO_ENDERECO, DS_COMPLEMENTO, NR_LOGRADOURO, DS_PONTO_REFERENCIA) 
VALUES (25, 113, 25, 1, 'Casa', 2500, 'Perto da padaria');
INSERT INTO T_SIP_FUNCIONARIO_ENDERECO (CD_END_FUNC, NR_MATRICULA, CD_END_CORREIO, CD_TIPO_ENDERECO, DS_COMPLEMENTO, NR_LOGRADOURO, DS_PONTO_REFERENCIA) 
VALUES (26, 113, 26, 3, 'Sítio', 2600, 'Próximo à cachoeira');

-- Funcionário 114
INSERT INTO T_SIP_FUNCIONARIO_ENDERECO (CD_END_FUNC, NR_MATRICULA, CD_END_CORREIO, CD_TIPO_ENDERECO, DS_COMPLEMENTO, NR_LOGRADOURO, DS_PONTO_REFERENCIA) 
VALUES (27, 114, 27, 1, 'Apto 1414', 2700, 'Ao lado do parque');
INSERT INTO T_SIP_FUNCIONARIO_ENDERECO (CD_END_FUNC, NR_MATRICULA, CD_END_CORREIO, CD_TIPO_ENDERECO, DS_COMPLEMENTO, NR_LOGRADOURO, DS_PONTO_REFERENCIA) 
VALUES (28, 114, 28, 2, 'Escritório', 2800, 'Próximo ao centro comercial');

-- Funcionário 115
INSERT INTO T_SIP_FUNCIONARIO_ENDERECO (CD_END_FUNC, NR_MATRICULA, CD_END_CORREIO, CD_TIPO_ENDERECO, DS_COMPLEMENTO, NR_LOGRADOURO, DS_PONTO_REFERENCIA) 
VALUES (29, 115, 29, 1, 'Casa', 2900, 'Perto da escola');
INSERT INTO T_SIP_FUNCIONARIO_ENDERECO (CD_END_FUNC, NR_MATRICULA, CD_END_CORREIO, CD_TIPO_ENDERECO, DS_COMPLEMENTO, NR_LOGRADOURO, DS_PONTO_REFERENCIA) 
VALUES (30, 115, 30, 3, 'Chácara', 3000, 'Próximo ao lago');

-- Funcionário 116
INSERT INTO T_SIP_FUNCIONARIO_ENDERECO (CD_END_FUNC, NR_MATRICULA, CD_END_CORREIO, CD_TIPO_ENDERECO, DS_COMPLEMENTO, NR_LOGRADOURO, DS_PONTO_REFERENCIA) 
VALUES (31, 116, 31, 1, 'Apto 1616', 3100, 'Ao lado do mercado');
INSERT INTO T_SIP_FUNCIONARIO_ENDERECO (CD_END_FUNC, NR_MATRICULA, CD_END_CORREIO, CD_TIPO_ENDERECO, DS_COMPLEMENTO, NR_LOGRADOURO, DS_PONTO_REFERENCIA) 
VALUES (32, 116, 32, 2, 'Consultório', 3200, 'Próximo ao hospital');

-- Funcionário 117
INSERT INTO T_SIP_FUNCIONARIO_ENDERECO (CD_END_FUNC, NR_MATRICULA, CD_END_CORREIO, CD_TIPO_ENDERECO, DS_COMPLEMENTO, NR_LOGRADOURO, DS_PONTO_REFERENCIA) 
VALUES (33, 117, 33, 1, 'Casa', 3300, 'Perto da padaria');
INSERT INTO T_SIP_FUNCIONARIO_ENDERECO (CD_END_FUNC, NR_MATRICULA, CD_END_CORREIO, CD_TIPO_ENDERECO, DS_COMPLEMENTO, NR_LOGRADOURO, DS_PONTO_REFERENCIA) 
VALUES (34, 117, 34, 3, 'Sítio', 3400, 'Próximo à cachoeira');

-- Funcionário 118
INSERT INTO T_SIP_FUNCIONARIO_ENDERECO (CD_END_FUNC, NR_MATRICULA, CD_END_CORREIO, CD_TIPO_ENDERECO, DS_COMPLEMENTO, NR_LOGRADOURO, DS_PONTO_REFERENCIA) 
VALUES (35, 118, 35, 1, 'Apto 1818', 3500, 'Ao lado do parque');
INSERT INTO T_SIP_FUNCIONARIO_ENDERECO (CD_END_FUNC, NR_MATRICULA, CD_END_CORREIO, CD_TIPO_ENDERECO, DS_COMPLEMENTO, NR_LOGRADOURO, DS_PONTO_REFERENCIA) 
VALUES (36, 118, 36, 2, 'Escritório', 3600, 'Próximo ao centro comercial');

-- Funcionário 119
INSERT INTO T_SIP_FUNCIONARIO_ENDERECO (CD_END_FUNC, NR_MATRICULA, CD_END_CORREIO, CD_TIPO_ENDERECO, DS_COMPLEMENTO, NR_LOGRADOURO, DS_PONTO_REFERENCIA) 
VALUES (37, 119, 37, 1, 'Casa', 3700, 'Perto da escola');
INSERT INTO T_SIP_FUNCIONARIO_ENDERECO (CD_END_FUNC, NR_MATRICULA, CD_END_CORREIO, CD_TIPO_ENDERECO, DS_COMPLEMENTO, NR_LOGRADOURO, DS_PONTO_REFERENCIA) 
VALUES (38, 119, 38, 3, 'Chácara', 3800, 'Próximo ao lago');

-- Funcionário 120
INSERT INTO T_SIP_FUNCIONARIO_ENDERECO (CD_END_FUNC, NR_MATRICULA, CD_END_CORREIO, CD_TIPO_ENDERECO, DS_COMPLEMENTO, NR_LOGRADOURO, DS_PONTO_REFERENCIA) 
VALUES (39, 120, 39, 1, 'Apto 2020', 3900, 'Ao lado do mercado');
INSERT INTO T_SIP_FUNCIONARIO_ENDERECO (CD_END_FUNC, NR_MATRICULA, CD_END_CORREIO, CD_TIPO_ENDERECO, DS_COMPLEMENTO, NR_LOGRADOURO, DS_PONTO_REFERENCIA) 
VALUES (40, 120, 40, 2, 'Consultório', 4000, 'Próximo ao hospital');

-- Funcionário 121
INSERT INTO T_SIP_FUNCIONARIO_ENDERECO (CD_END_FUNC, NR_MATRICULA, CD_END_CORREIO, CD_TIPO_ENDERECO, DS_COMPLEMENTO, NR_LOGRADOURO, DS_PONTO_REFERENCIA) 
VALUES (41, 121, 41, 1, 'Casa', 4100, 'Perto da padaria');
INSERT INTO T_SIP_FUNCIONARIO_ENDERECO (CD_END_FUNC, NR_MATRICULA, CD_END_CORREIO, CD_TIPO_ENDERECO, DS_COMPLEMENTO, NR_LOGRADOURO, DS_PONTO_REFERENCIA) 
VALUES (42, 121, 42, 3, 'Sítio', 4200, 'Próximo à cachoeira');

-- Funcionário 122
INSERT INTO T_SIP_FUNCIONARIO_ENDERECO (CD_END_FUNC, NR_MATRICULA, CD_END_CORREIO, CD_TIPO_ENDERECO, DS_COMPLEMENTO, NR_LOGRADOURO, DS_PONTO_REFERENCIA) 
VALUES (43, 122, 43, 1, 'Apto 2222', 4300, 'Ao lado do parque');
INSERT INTO T_SIP_FUNCIONARIO_ENDERECO (CD_END_FUNC, NR_MATRICULA, CD_END_CORREIO, CD_TIPO_ENDERECO, DS_COMPLEMENTO, NR_LOGRADOURO, DS_PONTO_REFERENCIA) 
VALUES (44, 122, 44, 2, 'Escritório', 4400, 'Próximo ao centro comercial');

-- Funcionário 123
INSERT INTO T_SIP_FUNCIONARIO_ENDERECO (CD_END_FUNC, NR_MATRICULA, CD_END_CORREIO, CD_TIPO_ENDERECO, DS_COMPLEMENTO, NR_LOGRADOURO, DS_PONTO_REFERENCIA) 
VALUES (45, 123, 45, 1, 'Casa', 4500, 'Perto da escola');
INSERT INTO T_SIP_FUNCIONARIO_ENDERECO (CD_END_FUNC, NR_MATRICULA, CD_END_CORREIO, CD_TIPO_ENDERECO, DS_COMPLEMENTO, NR_LOGRADOURO, DS_PONTO_REFERENCIA) 
VALUES (46, 123, 46, 3, 'Chácara', 4600, 'Próximo ao lago');

-- Funcionário 124
INSERT INTO T_SIP_FUNCIONARIO_ENDERECO (CD_END_FUNC, NR_MATRICULA, CD_END_CORREIO, CD_TIPO_ENDERECO, DS_COMPLEMENTO, NR_LOGRADOURO, DS_PONTO_REFERENCIA) 
VALUES (47, 124, 47, 1, 'Apto 2424', 4700, 'Ao lado do mercado');
INSERT INTO T_SIP_FUNCIONARIO_ENDERECO (CD_END_FUNC, NR_MATRICULA, CD_END_CORREIO, CD_TIPO_ENDERECO, DS_COMPLEMENTO, NR_LOGRADOURO, DS_PONTO_REFERENCIA) 
VALUES (48, 124, 48, 2, 'Consultório', 4800, 'Próximo ao hospital');

-- Funcionário 125
INSERT INTO T_SIP_FUNCIONARIO_ENDERECO (CD_END_FUNC, NR_MATRICULA, CD_END_CORREIO, CD_TIPO_ENDERECO, DS_COMPLEMENTO, NR_LOGRADOURO, DS_PONTO_REFERENCIA) 
VALUES (49, 125, 49, 1, 'Casa', 4900, 'Perto da padaria');
INSERT INTO T_SIP_FUNCIONARIO_ENDERECO (CD_END_FUNC, NR_MATRICULA, CD_END_CORREIO, CD_TIPO_ENDERECO, DS_COMPLEMENTO, NR_LOGRADOURO, DS_PONTO_REFERENCIA) 
VALUES (50, 125, 50, 3, 'Sítio', 5000, 'Próximo à cachoeira');

-- Funcionário 126
INSERT INTO T_SIP_FUNCIONARIO_ENDERECO (CD_END_FUNC, NR_MATRICULA, CD_END_CORREIO, CD_TIPO_ENDERECO, DS_COMPLEMENTO, NR_LOGRADOURO, DS_PONTO_REFERENCIA) 
VALUES (51, 126, 51, 1, 'Apto 2626', 5100, 'Ao lado do parque');
INSERT INTO T_SIP_FUNCIONARIO_ENDERECO (CD_END_FUNC, NR_MATRICULA, CD_END_CORREIO, CD_TIPO_ENDERECO, DS_COMPLEMENTO, NR_LOGRADOURO, DS_PONTO_REFERENCIA) 
VALUES (52, 126, 52, 2, 'Escritório', 5200, 'Próximo ao centro comercial');

-- Funcionário 127
INSERT INTO T_SIP_FUNCIONARIO_ENDERECO (CD_END_FUNC, NR_MATRICULA, CD_END_CORREIO, CD_TIPO_ENDERECO, DS_COMPLEMENTO, NR_LOGRADOURO, DS_PONTO_REFERENCIA) 
VALUES (53, 127, 53, 1, 'Casa', 5300, 'Perto da escola');
INSERT INTO T_SIP_FUNCIONARIO_ENDERECO (CD_END_FUNC, NR_MATRICULA, CD_END_CORREIO, CD_TIPO_ENDERECO, DS_COMPLEMENTO, NR_LOGRADOURO, DS_PONTO_REFERENCIA) 
VALUES (54, 127, 54, 3, 'Chácara', 5400, 'Próximo ao lago');

-- Funcionário 128
INSERT INTO T_SIP_FUNCIONARIO_ENDERECO (CD_END_FUNC, NR_MATRICULA, CD_END_CORREIO, CD_TIPO_ENDERECO, DS_COMPLEMENTO, NR_LOGRADOURO, DS_PONTO_REFERENCIA) 
VALUES (55, 128, 55, 1, 'Apto 2828', 5500, 'Ao lado do mercado');
INSERT INTO T_SIP_FUNCIONARIO_ENDERECO (CD_END_FUNC, NR_MATRICULA, CD_END_CORREIO, CD_TIPO_ENDERECO, DS_COMPLEMENTO, NR_LOGRADOURO, DS_PONTO_REFERENCIA) 
VALUES (56, 128, 56, 2, 'Consultório', 5600, 'Próximo ao hospital');

-- Funcionário 129
INSERT INTO T_SIP_FUNCIONARIO_ENDERECO (CD_END_FUNC, NR_MATRICULA, CD_END_CORREIO, CD_TIPO_ENDERECO, DS_COMPLEMENTO, NR_LOGRADOURO, DS_PONTO_REFERENCIA) 
VALUES (57, 129, 57, 1, 'Casa', 5700, 'Perto da padaria');
INSERT INTO T_SIP_FUNCIONARIO_ENDERECO (CD_END_FUNC, NR_MATRICULA, CD_END_CORREIO, CD_TIPO_ENDERECO, DS_COMPLEMENTO, NR_LOGRADOURO, DS_PONTO_REFERENCIA) 
VALUES (58, 129, 58, 3, 'Sítio', 5800, 'Próximo à cachoeira');

-- Funcionário 130
INSERT INTO T_SIP_FUNCIONARIO_ENDERECO (CD_END_FUNC, NR_MATRICULA, CD_END_CORREIO, CD_TIPO_ENDERECO, DS_COMPLEMENTO, NR_LOGRADOURO, DS_PONTO_REFERENCIA) 
VALUES (59, 130, 59, 1, 'Apto 3030', 5900, 'Ao lado do parque');
INSERT INTO T_SIP_FUNCIONARIO_ENDERECO (CD_END_FUNC, NR_MATRICULA, CD_END_CORREIO, CD_TIPO_ENDERECO, DS_COMPLEMENTO, NR_LOGRADOURO, DS_PONTO_REFERENCIA) 
VALUES (60, 130, 60, 2, 'Escritório', 6000, 'Próximo ao centro comercial');

-- Funcionário 131
INSERT INTO T_SIP_FUNCIONARIO_ENDERECO (CD_END_FUNC, NR_MATRICULA, CD_END_CORREIO, CD_TIPO_ENDERECO, DS_COMPLEMENTO, NR_LOGRADOURO, DS_PONTO_REFERENCIA) 
VALUES (61, 131, 61, 1, 'Casa', 6100, 'Perto da escola');
INSERT INTO T_SIP_FUNCIONARIO_ENDERECO (CD_END_FUNC, NR_MATRICULA, CD_END_CORREIO, CD_TIPO_ENDERECO, DS_COMPLEMENTO, NR_LOGRADOURO, DS_PONTO_REFERENCIA) 
VALUES (62, 131, 62, 3, 'Chácara', 6200, 'Próximo ao lago');

-- Funcionário 132
INSERT INTO T_SIP_FUNCIONARIO_ENDERECO (CD_END_FUNC, NR_MATRICULA, CD_END_CORREIO, CD_TIPO_ENDERECO, DS_COMPLEMENTO, NR_LOGRADOURO, DS_PONTO_REFERENCIA) 
VALUES (63, 132, 63, 1, 'Apto 3232', 6300, 'Ao lado do mercado');
INSERT INTO T_SIP_FUNCIONARIO_ENDERECO (CD_END_FUNC, NR_MATRICULA, CD_END_CORREIO, CD_TIPO_ENDERECO, DS_COMPLEMENTO, NR_LOGRADOURO, DS_PONTO_REFERENCIA) 
VALUES (64, 132, 64, 2, 'Consultório', 6400, 'Próximo ao hospital');

-- Funcionário 133
INSERT INTO T_SIP_FUNCIONARIO_ENDERECO (CD_END_FUNC, NR_MATRICULA, CD_END_CORREIO, CD_TIPO_ENDERECO, DS_COMPLEMENTO, NR_LOGRADOURO, DS_PONTO_REFERENCIA) 
VALUES (65, 133, 65, 1, 'Casa', 6500, 'Perto da padaria');
INSERT INTO T_SIP_FUNCIONARIO_ENDERECO (CD_END_FUNC, NR_MATRICULA, CD_END_CORREIO, CD_TIPO_ENDERECO, DS_COMPLEMENTO, NR_LOGRADOURO, DS_PONTO_REFERENCIA) 
VALUES (66, 133, 66, 3, 'Sítio', 6600, 'Próximo à cachoeira');

-- Funcionário 134
INSERT INTO T_SIP_FUNCIONARIO_ENDERECO (CD_END_FUNC, NR_MATRICULA, CD_END_CORREIO, CD_TIPO_ENDERECO, DS_COMPLEMENTO, NR_LOGRADOURO, DS_PONTO_REFERENCIA) 
VALUES (67, 134, 67, 1, 'Apto 3434', 6700, 'Ao lado do parque');
INSERT INTO T_SIP_FUNCIONARIO_ENDERECO (CD_END_FUNC, NR_MATRICULA, CD_END_CORREIO, CD_TIPO_ENDERECO, DS_COMPLEMENTO, NR_LOGRADOURO, DS_PONTO_REFERENCIA) 
VALUES (68, 134, 68, 2, 'Escritório', 6800, 'Próximo ao centro comercial');

-- Funcionário 135
INSERT INTO T_SIP_FUNCIONARIO_ENDERECO (CD_END_FUNC, NR_MATRICULA, CD_END_CORREIO, CD_TIPO_ENDERECO, DS_COMPLEMENTO, NR_LOGRADOURO, DS_PONTO_REFERENCIA) 
VALUES (69, 135, 69, 1, 'Casa', 6900, 'Perto da escola');
INSERT INTO T_SIP_FUNCIONARIO_ENDERECO (CD_END_FUNC, NR_MATRICULA, CD_END_CORREIO, CD_TIPO_ENDERECO, DS_COMPLEMENTO, NR_LOGRADOURO, DS_PONTO_REFERENCIA) 
VALUES (70, 135, 70, 3, 'Chácara', 7000, 'Próximo ao lago');

COMMIT;