<?xml version = '1.0' encoding = 'UTF-8'?>
<Entity class="oracle.dbtools.crest.model.design.logical.Entity" directorySegmentName="seg_0" id="321807B0-FC5D-9FF3-C473-A683A0268FA7" name="T_RHSTU_LOGRADOURO">
<createdBy>Vinicius</createdBy>
<createdTime>2024-08-08 14:19:51 UTC</createdTime>
<ownerDesignName>teste_rhstu</ownerDesignName>
<engineerTo>
<item key="BD52EFD7-AD57-1D29-FBCE-37428351E3D1" value="true"/>
</engineerTo>
<adequatelyNormalized>NO</adequatelyNormalized>
<expectedVolumes>0</expectedVolumes>
<fwdEngineeringStrategyName>Single Table</fwdEngineeringStrategyName>
<growthPercent>0</growthPercent>
<growthType>Year</growthType>
<maxVolumes>9999999</maxVolumes>
<minVolumes>0</minVolumes>
<normalForm>Third</normalForm>
<attributes itemClass="oracle.dbtools.crest.model.design.logical.Attribute">
<Attribute name="ID_LOGRADOURO" id="28F5566D-AB4F-FAF1-DAF0-B17549D7D98F">
<createdBy>Vinicius</createdBy>
<createdTime>2024-08-08 14:23:51 UTC</createdTime>
<ownerDesignName>teste_rhstu</ownerDesignName>
<engineerTo>
<item key="BD52EFD7-AD57-1D29-FBCE-37428351E3D1" value="true"/>
</engineerTo>
<useDomainConstraints>false</useDomainConstraints>
<use>1</use>
<ownDataTypeParameters>,,</ownDataTypeParameters>
</Attribute>
<Attribute name="ID_BAIRRO" id="7FE37AFB-FD8A-A70E-6148-02BDCF3CB1C7">
<createdBy>Vinicius</createdBy>
<createdTime>2024-08-08 14:34:05 UTC</createdTime>
<generatorID>CAA26D26-E665-5E87-2067-51D002E90F1E</generatorID>
<ownerDesignName>teste_rhstu</ownerDesignName>
<engineerTo>
<item key="BD52EFD7-AD57-1D29-FBCE-37428351E3D1" value="true"/>
</engineerTo>
<referedAttribute>2653F987-6787-D2A0-23E8-F9B9EFD4C719</referedAttribute>
<useDomainConstraints>false</useDomainConstraints>
<use>1</use>
<ownDataTypeParameters>,,</ownDataTypeParameters>
</Attribute>
<Attribute name="NM_LOGRADOURO" id="632A020F-0FFE-5CB2-702E-2ECB437A1E6D">
<createdBy>Vinicius</createdBy>
<createdTime>2024-08-08 14:32:23 UTC</createdTime>
<ownerDesignName>teste_rhstu</ownerDesignName>
<engineerTo>
<item key="BD52EFD7-AD57-1D29-FBCE-37428351E3D1" value="true"/>
</engineerTo>
<useDomainConstraints>false</useDomainConstraints>
<use>1</use>
<ownDataTypeParameters>,,</ownDataTypeParameters>
</Attribute>
<Attribute name="NR_CEP" id="E3A7FA8D-D4F6-5FDB-8C04-F8D0A36748E6">
<createdBy>Vinicius</createdBy>
<createdTime>2024-08-08 14:32:38 UTC</createdTime>
<ownerDesignName>teste_rhstu</ownerDesignName>
<engineerTo>
<item key="BD52EFD7-AD57-1D29-FBCE-37428351E3D1" value="true"/>
</engineerTo>
<useDomainConstraints>false</useDomainConstraints>
<use>1</use>
<ownDataTypeParameters>,,</ownDataTypeParameters>
</Attribute>
</attributes>
<identifiers itemClass="oracle.dbtools.crest.model.design.logical.CandidateKey">
<identifier id="9EE960D1-9BE6-A2C9-DFA2-5C60E09D5EF0" name="T_RHSTU_LOGRADOURO PK">
<createdBy>Vinicius</createdBy>
<createdTime>2024-08-08 14:24:01 UTC</createdTime>
<ownerDesignName>teste_rhstu</ownerDesignName>
<engineerTo>
<item key="BD52EFD7-AD57-1D29-FBCE-37428351E3D1" value="true"/>
</engineerTo>
<pk>true</pk>
<usedAttributes>
<attributeRef>28F5566D-AB4F-FAF1-DAF0-B17549D7D98F</attributeRef>
</usedAttributes>
</identifier>
</identifiers>
</Entity>