<?xml version = '1.0' encoding = 'UTF-8'?>
<Entity class="oracle.dbtools.crest.model.design.logical.Entity" directorySegmentName="seg_0" id="62D01CD6-2F78-C150-EDE6-828E39ACBC85" name="T_RHSTU_ENDERECO_PACIENTE">
<createdBy>Gustavo Padlipskas</createdBy>
<createdTime>2021-03-17 17:54:59 UTC</createdTime>
<ownerDesignName>teste_rhstu</ownerDesignName>
<engineerTo>
<item key="BD52EFD7-AD57-1D29-FBCE-37428351E3D1" value="true"/>
</engineerTo>
<adequatelyNormalized>NO</adequatelyNormalized>
<expectedVolumes>0</expectedVolumes>
<fwdEngineeringStrategyName>Single Table</fwdEngineeringStrategyName>
<growthPercent>0</growthPercent>
<growthType>Year</growthType>
<maxVolumes>9999999</maxVolumes>
<minVolumes>0</minVolumes>
<normalForm>Third</normalForm>
<attributes itemClass="oracle.dbtools.crest.model.design.logical.Attribute">
<Attribute name="ID_ENDERECO" id="32EBDEEA-5BBC-83EB-392C-36D4A70E330E">
<createdBy>Gustavo Padlipskas</createdBy>
<createdTime>2021-03-17 17:54:59 UTC</createdTime>
<comment><![CDATA[Esse atributo irá receber a chave primária do endereco do paciente. Esse número é sequencia e gerado automaticamente pelo sistema. Seu conteúdo é obrigatório.]]></comment>
<commentInRDBMS><![CDATA[Esse atributo irá receber a chave primária do endereco do paciente. Esse número é sequencia e gerado automaticamente pelo sistema. Seu conteúdo é obrigatório.]]></commentInRDBMS>
<ownerDesignName>teste_rhstu</ownerDesignName>
<engineerTo>
<item key="BD52EFD7-AD57-1D29-FBCE-37428351E3D1" value="true"/>
</engineerTo>
<useDomainConstraints>false</useDomainConstraints>
<use>1</use>
<ownDataTypeParameters>,,</ownDataTypeParameters>
</Attribute>
<Attribute name="ID_PACIENTE" id="4FD73CEF-12AF-D7B2-5A4F-6ADB30839B61">
<createdBy>Gustavo Padlipskas</createdBy>
<createdTime>2021-03-17 17:56:08 UTC</createdTime>
<comment><![CDATA[Esse atributo irá receber a chave primária do paciente. Esse número é sequencial e gerado automaticamente pelo sistema. Seu conteúdo é obrigatório.]]></comment>
<commentInRDBMS><![CDATA[Esse atributo irá receber a chave primária do paciente. Esse número é sequencial e gerado automaticamente pelo sistema. Seu conteúdo é obrigatório.]]></commentInRDBMS>
<generatorID>B99331BB-0605-C347-7BB9-BF08521D724D</generatorID>
<ownerDesignName>teste_rhstu</ownerDesignName>
<engineerTo>
<item key="BD52EFD7-AD57-1D29-FBCE-37428351E3D1" value="true"/>
</engineerTo>
<referedAttribute>15A097FF-A07C-398B-0F86-D42FFB66F5C7</referedAttribute>
<useDomainConstraints>false</useDomainConstraints>
<use>1</use>
<dataTypePrecision>9</dataTypePrecision>
<ownDataTypeParameters>,9,</ownDataTypeParameters>
</Attribute>
<Attribute name="ID_LOGRADOURO" id="C7985403-EB87-E4E5-1164-648F655F648E">
<createdBy>Vinicius</createdBy>
<createdTime>2024-08-08 14:34:37 UTC</createdTime>
<generatorID>471B7246-0B5A-C244-7FAA-EA697D014B5E</generatorID>
<ownerDesignName>teste_rhstu</ownerDesignName>
<engineerTo>
<item key="BD52EFD7-AD57-1D29-FBCE-37428351E3D1" value="true"/>
</engineerTo>
<referedAttribute>28F5566D-AB4F-FAF1-DAF0-B17549D7D98F</referedAttribute>
<useDomainConstraints>false</useDomainConstraints>
<use>1</use>
<ownDataTypeParameters>,,</ownDataTypeParameters>
</Attribute>
<Attribute name="NR_LOGRADOURO" id="E61661E6-0045-3D86-283D-C93E72DCF5FC">
<createdBy>Gustavo Padlipskas</createdBy>
<createdTime>2021-03-17 17:54:59 UTC</createdTime>
<comment><![CDATA[Esse atributo irá receber o número do logradouro do endereco do paciente.  Seu conteúdo é opcional.]]></comment>
<commentInRDBMS><![CDATA[Esse atributo irá receber o número do logradouro do endereco do paciente.  Seu conteúdo é opcional.]]></commentInRDBMS>
<ownerDesignName>teste_rhstu</ownerDesignName>
<engineerTo>
<item key="BD52EFD7-AD57-1D29-FBCE-37428351E3D1" value="true"/>
</engineerTo>
<nullsAllowed>true</nullsAllowed>
<useDomainConstraints>false</useDomainConstraints>
<use>1</use>
<dataTypePrecision>7</dataTypePrecision>
<ownDataTypeParameters>,7,</ownDataTypeParameters>
</Attribute>
<Attribute name="DS_COMPLEMENTO_NUMERO" id="5D6DA85B-69A9-E69F-FF6C-AB50F7E5338D">
<createdBy>Gustavo Padlipskas</createdBy>
<createdTime>2021-03-17 17:57:26 UTC</createdTime>
<comment><![CDATA[Esse atributo irá receber o complemeneto  do logradouro do endereco do paciente caso ele exista. Seu conteúdo é opcional.]]></comment>
<commentInRDBMS><![CDATA[Esse atributo irá receber o complemeneto  do logradouro do endereco do paciente caso ele exista. Seu conteúdo é opcional.]]></commentInRDBMS>
<ownerDesignName>teste_rhstu</ownerDesignName>
<engineerTo>
<item key="BD52EFD7-AD57-1D29-FBCE-37428351E3D1" value="true"/>
</engineerTo>
<nullsAllowed>true</nullsAllowed>
<useDomainConstraints>false</useDomainConstraints>
<use>1</use>
<dataTypeSize>30</dataTypeSize>
<ownDataTypeParameters>30,,</ownDataTypeParameters>
</Attribute>
<Attribute name="DS_PONTO_REFERENCIA" id="2C9A46D9-0E43-5ACF-B615-9CD0AAD60592">
<createdBy>Gustavo Padlipskas</createdBy>
<createdTime>2021-03-17 17:54:59 UTC</createdTime>
<comment><![CDATA[Esse atributo irá receber o ponto de referência  do logradouro do endereco do paciente.  Seu conteúdo é opcional.]]></comment>
<commentInRDBMS><![CDATA[Esse atributo irá receber o ponto de referência  do logradouro do endereco do paciente.  Seu conteúdo é opcional.]]></commentInRDBMS>
<ownerDesignName>teste_rhstu</ownerDesignName>
<engineerTo>
<item key="BD52EFD7-AD57-1D29-FBCE-37428351E3D1" value="true"/>
</engineerTo>
<nullsAllowed>true</nullsAllowed>
<useDomainConstraints>false</useDomainConstraints>
<use>1</use>
<dataTypeSize>50</dataTypeSize>
<ownDataTypeParameters>50,,</ownDataTypeParameters>
</Attribute>
</attributes>
<identifiers itemClass="oracle.dbtools.crest.model.design.logical.CandidateKey">
<identifier id="4EA9EDAB-70B0-AFCE-2E4C-A9C1029E4A66" name="PK_RHSTU_ENDERECO_PACIENTE">
<createdBy>Gustavo Padlipskas</createdBy>
<createdTime>2021-03-17 17:54:59 UTC</createdTime>
<ownerDesignName>teste_rhstu</ownerDesignName>
<engineerTo>
<item key="BD52EFD7-AD57-1D29-FBCE-37428351E3D1" value="true"/>
</engineerTo>
<pk>true</pk>
<newElementsIDs>32EBDEEA-5BBC-83EB-392C-36D4A70E330E</newElementsIDs>
<usedAttributes>
<attributeRef>32EBDEEA-5BBC-83EB-392C-36D4A70E330E</attributeRef>
</usedAttributes>
</identifier>
</identifiers>
</Entity>