<?xml version = '1.0' encoding = 'UTF-8'?>
<Entity class="oracle.dbtools.crest.model.design.logical.Entity" directorySegmentName="seg_0" id="8A769596-8442-81C5-8E8B-9FFE4C17B2D7" name="T_RHSTU_UNID_HOSPITALAR">
<createdBy>logonpflocal</createdBy>
<createdTime>2022-04-29 13:06:42 UTC</createdTime>
<ownerDesignName>teste_rhstu</ownerDesignName>
<engineerTo>
<item key="BD52EFD7-AD57-1D29-FBCE-37428351E3D1" value="true"/>
</engineerTo>
<adequatelyNormalized>NO</adequatelyNormalized>
<expectedVolumes>0</expectedVolumes>
<fwdEngineeringStrategyName>Single Table</fwdEngineeringStrategyName>
<growthPercent>0</growthPercent>
<growthType>Year</growthType>
<maxVolumes>9999999</maxVolumes>
<minVolumes>0</minVolumes>
<normalForm>Third</normalForm>
<attributes itemClass="oracle.dbtools.crest.model.design.logical.Attribute">
<Attribute name="ID_UNID_HOSPITAL" id="C3796F42-602F-5AE2-4BB7-9B2AE3D1F6B4">
<createdBy>logonpflocal</createdBy>
<createdTime>2022-04-29 13:06:42 UTC</createdTime>
<comment><![CDATA[Esse atributo irá receber a chave primária da Unidade Hospitalar. Esse número é sequencia e gerado automaticamente pelo sistema. Seu conteúdo é obrigatório.]]></comment>
<commentInRDBMS><![CDATA[Esse atributo irá receber a chave primária da Unidade Hospitalar. Esse número é sequencia e gerado automaticamente pelo sistema. Seu conteúdo é obrigatório.]]></commentInRDBMS>
<ownerDesignName>teste_rhstu</ownerDesignName>
<engineerTo>
<item key="BD52EFD7-AD57-1D29-FBCE-37428351E3D1" value="true"/>
</engineerTo>
<useDomainConstraints>false</useDomainConstraints>
<use>1</use>
<ownDataTypeParameters>,,</ownDataTypeParameters>
</Attribute>
<Attribute name="NM_UNID_HOSPITALAR" id="C6A15613-6831-D4DB-312C-D304AA94D315">
<createdBy>logonpflocal</createdBy>
<createdTime>2022-04-29 13:06:42 UTC</createdTime>
<generatorID>B99331BB-0605-C347-7BB9-BF08521D724D</generatorID>
<ownerDesignName>teste_rhstu</ownerDesignName>
<engineerTo>
<item key="BD52EFD7-AD57-1D29-FBCE-37428351E3D1" value="true"/>
</engineerTo>
<useDomainConstraints>false</useDomainConstraints>
<use>1</use>
<dataTypeSize>80</dataTypeSize>
<ownDataTypeParameters>80,,</ownDataTypeParameters>
</Attribute>
<Attribute name="NM_RAZAO_SOCIAL_UNID_HOSP" id="A4261440-ADDF-8394-22C5-FB3922BF7F38">
<createdBy>logonpflocal</createdBy>
<createdTime>2022-04-29 13:06:42 UTC</createdTime>
<ownerDesignName>teste_rhstu</ownerDesignName>
<engineerTo>
<item key="BD52EFD7-AD57-1D29-FBCE-37428351E3D1" value="true"/>
</engineerTo>
<useDomainConstraints>false</useDomainConstraints>
<use>1</use>
<dataTypeSize>80</dataTypeSize>
<ownDataTypeParameters>80,,</ownDataTypeParameters>
</Attribute>
<Attribute name="DT_FUNDACAO" id="39CDA9CB-A12F-65FE-6560-0F46BCA8CC9E">
<createdBy>logonpflocal</createdBy>
<createdTime>2022-04-29 13:06:42 UTC</createdTime>
<generatorID>8BCC4E83-DAA8-181A-7DE9-422F9A8742E1</generatorID>
<ownerDesignName>teste_rhstu</ownerDesignName>
<engineerTo>
<item key="BD52EFD7-AD57-1D29-FBCE-37428351E3D1" value="true"/>
</engineerTo>
<nullsAllowed>true</nullsAllowed>
<useDomainConstraints>false</useDomainConstraints>
<use>1</use>
<ownDataTypeParameters>,,</ownDataTypeParameters>
</Attribute>
</attributes>
<identifiers itemClass="oracle.dbtools.crest.model.design.logical.CandidateKey">
<identifier id="D6771B1E-419B-D345-0A01-83C5F181A2D9" name="PK_RHSTU_UNI_HOSP_END">
<createdBy>logonpflocal</createdBy>
<createdTime>2022-04-29 13:06:42 UTC</createdTime>
<ownerDesignName>teste_rhstu</ownerDesignName>
<engineerTo>
<item key="BD52EFD7-AD57-1D29-FBCE-37428351E3D1" value="true"/>
</engineerTo>
<pk>true</pk>
<newElementsIDs>C3796F42-602F-5AE2-4BB7-9B2AE3D1F6B4</newElementsIDs>
<usedAttributes>
<attributeRef>C3796F42-602F-5AE2-4BB7-9B2AE3D1F6B4</attributeRef>
</usedAttributes>
</identifier>
</identifiers>
</Entity>