<?xml version = '1.0' encoding = 'UTF-8'?>
<Entity class="oracle.dbtools.crest.model.design.logical.Entity" directorySegmentName="seg_0" id="C5A5A09F-660C-EFF0-1223-A0A6796B8064" name="T_RHSTU_ESTADO">
<createdBy>Vinicius</createdBy>
<createdTime>2024-08-08 14:20:52 UTC</createdTime>
<ownerDesignName>teste_rhstu</ownerDesignName>
<engineerTo>
<item key="BD52EFD7-AD57-1D29-FBCE-37428351E3D1" value="true"/>
</engineerTo>
<adequatelyNormalized>NO</adequatelyNormalized>
<expectedVolumes>0</expectedVolumes>
<fwdEngineeringStrategyName>Single Table</fwdEngineeringStrategyName>
<growthPercent>0</growthPercent>
<growthType>Year</growthType>
<maxVolumes>9999999</maxVolumes>
<minVolumes>0</minVolumes>
<normalForm>Third</normalForm>
<attributes itemClass="oracle.dbtools.crest.model.design.logical.Attribute">
<Attribute name="ID_ESTADO" id="E615097E-4C65-1B2A-417E-30CF14D7F9FE">
<createdBy>Vinicius</createdBy>
<createdTime>2024-08-08 14:29:36 UTC</createdTime>
<ownerDesignName>teste_rhstu</ownerDesignName>
<engineerTo>
<item key="BD52EFD7-AD57-1D29-FBCE-37428351E3D1" value="true"/>
</engineerTo>
<useDomainConstraints>false</useDomainConstraints>
<use>1</use>
<ownDataTypeParameters>,,</ownDataTypeParameters>
</Attribute>
<Attribute name="SG_ESTADO" id="3DA856AC-7035-D988-38CD-8B8314072E33">
<createdBy>Vinicius</createdBy>
<createdTime>2024-08-08 14:30:02 UTC</createdTime>
<ownerDesignName>teste_rhstu</ownerDesignName>
<engineerTo>
<item key="BD52EFD7-AD57-1D29-FBCE-37428351E3D1" value="true"/>
</engineerTo>
<use>0</use>
<ownDataTypeParameters>,,</ownDataTypeParameters>
</Attribute>
<Attribute name="NM_ESTADO" id="F384BE87-3F9C-EF5B-5E4C-38E42FDF6FA7">
<createdBy>Vinicius</createdBy>
<createdTime>2024-08-08 14:30:14 UTC</createdTime>
<ownerDesignName>teste_rhstu</ownerDesignName>
<engineerTo>
<item key="BD52EFD7-AD57-1D29-FBCE-37428351E3D1" value="true"/>
</engineerTo>
<nullsAllowed>true</nullsAllowed>
<use>0</use>
<ownDataTypeParameters>,,</ownDataTypeParameters>
</Attribute>
</attributes>
<identifiers itemClass="oracle.dbtools.crest.model.design.logical.CandidateKey">
<identifier id="6168D15A-0922-5DF3-A0B7-F3AA736C5087" name="T_RHSTU_ESTADO PK">
<createdBy>Vinicius</createdBy>
<createdTime>2024-08-08 14:29:46 UTC</createdTime>
<ownerDesignName>teste_rhstu</ownerDesignName>
<engineerTo>
<item key="BD52EFD7-AD57-1D29-FBCE-37428351E3D1" value="true"/>
</engineerTo>
<pk>true</pk>
<usedAttributes>
<attributeRef>E615097E-4C65-1B2A-417E-30CF14D7F9FE</attributeRef>
</usedAttributes>
</identifier>
</identifiers>
</Entity>