<?xml version = '1.0' encoding = 'UTF-8'?>
<Relation class="oracle.dbtools.crest.model.design.logical.Relation" name="Relation_18" directorySegmentName="seg_0" id="5FE07DD1-FEEB-4A76-8497-029C01608DF6">
<createdBy>Vinicius</createdBy>
<createdTime>2024-08-08 14:33:17 UTC</createdTime>
<ownerDesignName>teste_rhstu</ownerDesignName>
<engineerTo>
<item key="BD52EFD7-AD57-1D29-FBCE-37428351E3D1" value="true"/>
</engineerTo>
<sourcePk>6168D15A-0922-5DF3-A0B7-F3AA736C5087</sourcePk>
<identifying>false</identifying>
<optionalSource>true</optionalSource>
<optionalTarget>false</optionalTarget>
<sourceCardinality>1</sourceCardinality>
<sourceEntity>C5A5A09F-660C-EFF0-1223-A0A6796B8064</sourceEntity>
<targetCardinalityString>*</targetCardinalityString>
<targetEntity>8C623B55-1EFD-3857-0757-FEEEA742DAA9</targetEntity>
<transferable>true</transferable>
<deleteRule>NO ACTION</deleteRule>
</Relation>