<?xml version = '1.0' encoding = 'UTF-8'?>
<Relation class="oracle.dbtools.crest.model.design.logical.Relation" name="Relation_22" directorySegmentName="seg_0" id="8FBAD39C-B562-A4F1-640E-B9D408F9ADF4">
<createdBy>Vinicius</createdBy>
<createdTime>2024-08-08 14:34:41 UTC</createdTime>
<ownerDesignName>teste_rhstu</ownerDesignName>
<engineerTo>
<item key="BD52EFD7-AD57-1D29-FBCE-37428351E3D1" value="true"/>
</engineerTo>
<sourcePk>9EE960D1-9BE6-A2C9-DFA2-5C60E09D5EF0</sourcePk>
<identifying>false</identifying>
<optionalSource>true</optionalSource>
<optionalTarget>false</optionalTarget>
<sourceCardinality>1</sourceCardinality>
<sourceEntity>321807B0-FC5D-9FF3-C473-A683A0268FA7</sourceEntity>
<targetCardinalityString>*</targetCardinalityString>
<targetEntity>00AA0A78-AC18-8526-6C86-4E9A134AE833</targetEntity>
<transferable>true</transferable>
<deleteRule>NO ACTION</deleteRule>
</Relation>